"Archivo","Linea","Patron","Riesgo","Contexto","Extension"
"app\Console\Commands\AuditDatabaseDuplicates.php","404","DROP TABLE","ALTO","$report .= ""DROP TABLE IF EXISTS selemti.\""$table\"" CASCADE;\n"";",".php"
"app\Console\Commands\AuditDatabaseDuplicates.php","413","DROP TABLE","ALTO","$report .= ""DROP TABLE IF EXISTS selemti.\""$table\"" CASCADE;\n"";",".php"
"app\Console\Commands\AuditDatabaseDuplicates.php","426","DROP TABLE","ALTO","$report .= ""-- DROP TABLE selemti.sucursal CASCADE;\n\n"";",".php"
"app\Console\Commands\AuditDatabaseDuplicates.php","453","CASCADE","ALTO","$report .= ""2. **Foreign Keys**: CASCADE drops pueden eliminar datos relacionados.\n"";",".php"
"app\Console\Commands\DbSelectCommand.php","40","TRUNCATE","ALTO","$blocked = [' insert ', ' update ', ' delete ', ' drop ', ' alter ', ' truncate ', ' grant ', ' r...",".php"
"database\migrations\0001_01_01_000000_create_users_table.php","51","Schema::drop","MEDIO","Schema::dropIfExists('users');",".php"
"database\migrations\0001_01_01_000000_create_users_table.php","52","Schema::drop","MEDIO","Schema::dropIfExists('password_reset_tokens');",".php"
"database\migrations\0001_01_01_000000_create_users_table.php","53","Schema::drop","MEDIO","Schema::dropIfExists('sessions');",".php"
"database\migrations\0001_01_01_000001_create_cache_table.php","36","Schema::drop","MEDIO","Schema::dropIfExists('cache');",".php"
"database\migrations\0001_01_01_000001_create_cache_table.php","37","Schema::drop","MEDIO","Schema::dropIfExists('cache_locks');",".php"
"database\migrations\0001_01_01_000002_create_jobs_table.php","59","Schema::drop","MEDIO","Schema::dropIfExists('jobs');",".php"
"database\migrations\0001_01_01_000002_create_jobs_table.php","60","Schema::drop","MEDIO","Schema::dropIfExists('job_batches');",".php"
"database\migrations\0001_01_01_000002_create_jobs_table.php","61","Schema::drop","MEDIO","Schema::dropIfExists('failed_jobs');",".php"
"database\migrations\2025_01_23_100000_create_cash_funds_table.php","52","Schema::drop","MEDIO","Schema::dropIfExists('cash_funds');",".php"
"database\migrations\2025_01_23_100001_create_cash_fund_movements_table.php","22","CASCADE","ALTO","->onDelete('cascade');",".php"
"database\migrations\2025_01_23_100001_create_cash_fund_movements_table.php","60","Schema::drop","MEDIO","Schema::dropIfExists('cash_fund_movements');",".php"
"database\migrations\2025_01_23_100002_create_cash_fund_arqueos_table.php","25","CASCADE","ALTO","->onDelete('cascade');",".php"
"database\migrations\2025_01_23_100002_create_cash_fund_arqueos_table.php","50","Schema::drop","MEDIO","Schema::dropIfExists('cash_fund_arqueos');",".php"
"database\migrations\2025_01_23_110000_create_cash_fund_movement_audit_log_table.php","39","CASCADE","ALTO","->onDelete('cascade');",".php"
"database\migrations\2025_09_26_205955_create_permission_tables.php","65","CASCADE","ALTO","->onDelete('cascade');",".php"
"database\migrations\2025_09_26_205955_create_permission_tables.php","91","CASCADE","ALTO","->onDelete('cascade');",".php"
"database\migrations\2025_09_26_205955_create_permission_tables.php","113","CASCADE","ALTO","->onDelete('cascade');",".php"
"database\migrations\2025_09_26_205955_create_permission_tables.php","118","CASCADE","ALTO","->onDelete('cascade');",".php"
"database\migrations\2025_09_26_205955_create_permission_tables.php","140","Schema::drop","MEDIO","Schema::drop($tableNames['role_has_permissions']);",".php"
"database\migrations\2025_09_26_205955_create_permission_tables.php","141","Schema::drop","MEDIO","Schema::drop($tableNames['model_has_roles']);",".php"
"database\migrations\2025_09_26_205955_create_permission_tables.php","142","Schema::drop","MEDIO","Schema::drop($tableNames['model_has_permissions']);",".php"
"database\migrations\2025_09_26_205955_create_permission_tables.php","143","Schema::drop","MEDIO","Schema::drop($tableNames['roles']);",".php"
"database\migrations\2025_09_26_205955_create_permission_tables.php","144","Schema::drop","MEDIO","Schema::drop($tableNames['permissions']);",".php"
"database\migrations\2025_10_18_000004_create_cat_uom_conversion_table.php","28","CASCADE","ALTO","->cascadeOnDelete();",".php"
"database\migrations\2025_10_18_000004_create_cat_uom_conversion_table.php","33","CASCADE","ALTO","->cascadeOnDelete();",".php"
"database\migrations\2025_10_18_000005_create_inv_stock_policy_table.php","30","CASCADE","ALTO","->cascadeOnDelete();",".php"
"database\migrations\2025_10_18_000005_create_inv_stock_policy_table.php","34","CASCADE","ALTO","->cascadeOnDelete();",".php"
"database\migrations\2025_10_21_180000_create_item_categories.php","74","CASCADE","ALTO","ON UPDATE CASCADE ON DELETE SET NULL;",".php"
"database\migrations\2025_10_21_180000_create_item_categories.php","99","DROP TABLE","ALTO","\Illuminate\Support\Facades\DB::unprepared('DROP TABLE IF EXISTS selemti.item_categories');",".php"
"database\migrations\2025_10_21_190200_item_code_trigger_and_counter.php","56","DROP TABLE","ALTO","\Illuminate\Support\Facades\DB::unprepared('DROP TABLE IF EXISTS selemti.item_category_counters');",".php"
"database\migrations\2025_10_21_200000_create_item_vendor_prices.php","54","DROP TABLE","ALTO","\Illuminate\Support\Facades\DB::unprepared('DROP TABLE IF EXISTS selemti.item_vendor_prices');",".php"
"database\migrations\2025_10_21_200200_recipe_versioning_and_history.php","72","DROP TABLE","ALTO","\Illuminate\Support\Facades\DB::unprepared('DROP TABLE IF EXISTS selemti.recipe_cost_history');",".php"
"database\migrations\2025_10_21_200200_recipe_versioning_and_history.php","74","DROP TABLE","ALTO","\Illuminate\Support\Facades\DB::unprepared('DROP TABLE IF EXISTS selemti.recipe_version_items');",".php"
"database\migrations\2025_10_21_200200_recipe_versioning_and_history.php","76","DROP TABLE","ALTO","\Illuminate\Support\Facades\DB::unprepared('DROP TABLE IF EXISTS selemti.recipe_versions');",".php"
"database\migrations\2025_10_21_200500_alert_rules_and_events.php","42","DROP TABLE","ALTO","\Illuminate\Support\Facades\DB::unprepared('DROP TABLE IF EXISTS selemti.alert_events');",".php"
"database\migrations\2025_10_21_200500_alert_rules_and_events.php","43","DROP TABLE","ALTO","\Illuminate\Support\Facades\DB::unprepared('DROP TABLE IF EXISTS selemti.alert_rules');",".php"
"database\migrations\2025_10_24_120101_create_purchase_suggestion_lines_table.php","54","CASCADE","ALTO","->onDelete('cascade');",".php"
"database\migrations\2025_10_27_100239_create_pos_reverse_log_table.php","56","DROP TABLE","ALTO","DB::connection('pgsql')->statement('DROP TABLE IF EXISTS selemti.pos_reverse_log CASCADE;');",".php"
"database\migrations\2025_10_27_100252_create_pos_reprocess_log_table.php","56","DROP TABLE","ALTO","DB::connection('pgsql')->statement('DROP TABLE IF EXISTS selemti.pos_reprocess_log CASCADE;');",".php"
"database\migrations\2025_10_27_153528_create_personal_access_tokens_table.php","35","Schema::drop","MEDIO","Schema::dropIfExists('personal_access_tokens');",".php"
"database\migrations\2025_11_04_000900_create_additional_sales_report_views.php","45","CASCADE","ALTO","DB::statement(""DROP VIEW IF EXISTS {$view} CASCADE"");",".php"
"database\migrations\2025_11_15_030000_create_pos_consumption_tables.php","43","CASCADE","ALTO","->onDelete('cascade');",".php"
"database\migrations\2025_11_15_070000_create_pos_sync_tables.php","45","CASCADE","ALTO","->onDelete('cascade');",".php"
"database\migrations\2025_11_15_070000_create_pos_sync_tables.php","72","CASCADE","ALTO","->onDelete('cascade');",".php"
"database\migrations\2025_11_15_080000_create_menu_engineering_tables.php","36","CASCADE","ALTO","->onDelete('cascade');",".php"
"database\migrations\2025_11_15_100000_create_reporting_tables.php","42","CASCADE","ALTO","->onDelete('cascade');",".php"
"database\migrations_unused\2025_10_20_082400_update_vw_sesion_ventas.php","11","CASCADE","ALTO","DROP VIEW IF EXISTS selemti.vw_sesion_ventas CASCADE;",".php"
"database\migrations_unused\2025_10_20_082400_update_vw_sesion_ventas.php","55","CASCADE","ALTO","DB::statement('DROP VIEW IF EXISTS selemti.vw_sesion_ventas CASCADE');",".php"
"resources\views\components\inventory\item-card.blade.php","12","TRUNCATE","ALTO","<h6 class=""card-title mb-0 fw-bold text-truncate"" title=""{{ $item['nombre'] ?? 'Nombre no disponi...",".php"
"resources\views\components\ui\compact-multi-select.blade.php","43","TRUNCATE","ALTO","<span class=""text-truncate"" data-summary>{{ $placeholder }}</span>",".php"
"resources\views\components\ui\compact-multi-select.blade.php","76","TRUNCATE","ALTO","<span class=""flex-grow-1 text-truncate"">{{ $option['label'] }}</span>",".php"
"resources\views\livewire\cash-fund\movements.blade.php","117","TRUNCATE","ALTO","<div class=""text-truncate"" style=""max-width: 300px;"" title=""{{ $mov['concepto'] }}"">",".php"
"resources\views\reports\sales\detail.blade.php","219","TRUNCATE","ALTO","<td class=""fw-semibold text-truncate"">",".php"
"resources\views\reports\sales\detail.blade.php","413","TRUNCATE","ALTO","<td class=""text-truncate"">{{ $summary['item_name'] }}</td>",".php"
"BD\00.SelemTI_Normalizada_29_10_25_10_40_v0.sql","18","DROP DATABASE","EXTREMO","DROP DATABASE pos;",".sql"
"BD\00.SelemTI_Normalizada_29_10_25_10_40_v0.sql","21717","CASCADE","ALTO","ADD CONSTRAINT caja_fondo_adj_mov_id_fkey FOREIGN KEY (mov_id) REFERENCES caja_fondo_mov(id) ON D...",".sql"
"BD\00.SelemTI_Normalizada_29_10_25_10_40_v0.sql","21726","CASCADE","ALTO","ADD CONSTRAINT caja_fondo_arqueo_fondo_id_fkey FOREIGN KEY (fondo_id) REFERENCES caja_fondo(id) O...",".sql"
"BD\00.SelemTI_Normalizada_29_10_25_10_40_v0.sql","21735","CASCADE","ALTO","ADD CONSTRAINT caja_fondo_mov_fondo_id_fkey FOREIGN KEY (fondo_id) REFERENCES caja_fondo(id) ON D...",".sql"
"BD\00.SelemTI_Normalizada_29_10_25_10_40_v0.sql","21744","CASCADE","ALTO","ADD CONSTRAINT caja_fondo_usuario_fondo_id_fkey FOREIGN KEY (fondo_id) REFERENCES caja_fondo(id) ...",".sql"
"BD\00.SelemTI_Normalizada_29_10_25_10_40_v0.sql","21753","CASCADE","ALTO","ADD CONSTRAINT cash_fund_arqueos_cash_fund_id_foreign FOREIGN KEY (cash_fund_id) REFERENCES cash_...",".sql"
"BD\00.SelemTI_Normalizada_29_10_25_10_40_v0.sql","21780","CASCADE","ALTO","ADD CONSTRAINT cash_fund_movements_cash_fund_id_foreign FOREIGN KEY (cash_fund_id) REFERENCES cas...",".sql"
"BD\00.SelemTI_Normalizada_29_10_25_10_40_v0.sql","21825","CASCADE","ALTO","ADD CONSTRAINT cat_uom_conversion_destino_id_foreign FOREIGN KEY (destino_id) REFERENCES cat_unid...",".sql"
"BD\00.SelemTI_Normalizada_29_10_25_10_40_v0.sql","21834","CASCADE","ALTO","ADD CONSTRAINT cat_uom_conversion_origen_id_foreign FOREIGN KEY (origen_id) REFERENCES cat_unidad...",".sql"
"BD\00.SelemTI_Normalizada_29_10_25_10_40_v0.sql","21843","CASCADE","ALTO","ADD CONSTRAINT conciliacion_postcorte_id_fkey FOREIGN KEY (postcorte_id) REFERENCES postcorte(id)...",".sql"
"BD\00.SelemTI_Normalizada_29_10_25_10_40_v0.sql","21888","CASCADE","ALTO","ADD CONSTRAINT fk_inventory_snapshot_item FOREIGN KEY (item_id) REFERENCES items(id) ON UPDATE CA...",".sql"
"BD\00.SelemTI_Normalizada_29_10_25_10_40_v0.sql","21897","CASCADE","ALTO","ADD CONSTRAINT fk_pos_map_receta FOREIGN KEY (receta_id) REFERENCES receta_cab(id) ON UPDATE CASC...",".sql"
"BD\00.SelemTI_Normalizada_29_10_25_10_40_v0.sql","21987","CASCADE","ALTO","ADD CONSTRAINT fk_psuggline_suggestion FOREIGN KEY (suggestion_id) REFERENCES purchase_suggestion...",".sql"
"BD\00.SelemTI_Normalizada_29_10_25_10_40_v0.sql","21996","CASCADE","ALTO","ADD CONSTRAINT fk_purchase_orders_vendor FOREIGN KEY (vendor_id) REFERENCES cat_proveedores(id) O...",".sql"
"BD\00.SelemTI_Normalizada_29_10_25_10_40_v0.sql","22005","CASCADE","ALTO","ADD CONSTRAINT fk_recipe_cost_snap_recipe FOREIGN KEY (recipe_id) REFERENCES receta_cab(id) ON DE...",".sql"
"BD\00.SelemTI_Normalizada_29_10_25_10_40_v0.sql","22023","CASCADE","ALTO","ADD CONSTRAINT fk_ticket_det_cab FOREIGN KEY (ticket_id) REFERENCES ticket_venta_cab(id) ON DELET...",".sql"
"BD\00.SelemTI_Normalizada_29_10_25_10_40_v0.sql","22104","CASCADE","ALTO","ADD CONSTRAINT inv_consumo_pos_det_consumo_id_fkey FOREIGN KEY (consumo_id) REFERENCES inv_consum...",".sql"
"BD\00.SelemTI_Normalizada_29_10_25_10_40_v0.sql","22113","CASCADE","ALTO","ADD CONSTRAINT inv_stock_policy_item_id_foreign FOREIGN KEY (item_id) REFERENCES items(id) ON DEL...",".sql"
"BD\00.SelemTI_Normalizada_29_10_25_10_40_v0.sql","22122","CASCADE","ALTO","ADD CONSTRAINT inv_stock_policy_sucursal_id_foreign FOREIGN KEY (sucursal_id) REFERENCES cat_sucu...",".sql"
"BD\00.SelemTI_Normalizada_29_10_25_10_40_v0.sql","22185","CASCADE","ALTO","ADD CONSTRAINT items_category_fk FOREIGN KEY (category_id) REFERENCES item_categories(id) ON UPDA...",".sql"
"BD\00.SelemTI_Normalizada_29_10_25_10_40_v0.sql","22266","CASCADE","ALTO","ADD CONSTRAINT model_has_permissions_permission_id_foreign FOREIGN KEY (permission_id) REFERENCES...",".sql"
"BD\00.SelemTI_Normalizada_29_10_25_10_40_v0.sql","22275","CASCADE","ALTO","ADD CONSTRAINT model_has_roles_role_id_foreign FOREIGN KEY (role_id) REFERENCES roles(id) ON DELE...",".sql"
"BD\00.SelemTI_Normalizada_29_10_25_10_40_v0.sql","22374","CASCADE","ALTO","ADD CONSTRAINT op_insumo_op_id_fkey FOREIGN KEY (op_id) REFERENCES op_cab(id) ON DELETE CASCADE;",".sql"
"BD\00.SelemTI_Normalizada_29_10_25_10_40_v0.sql","22401","CASCADE","ALTO","ADD CONSTRAINT op_yield_op_id_fkey FOREIGN KEY (op_id) REFERENCES op_cab(id) ON DELETE CASCADE;",".sql"
"BD\00.SelemTI_Normalizada_29_10_25_10_40_v0.sql","22437","CASCADE","ALTO","ADD CONSTRAINT postcorte_sesion_id_fkey FOREIGN KEY (sesion_id) REFERENCES sesion_cajon(id) ON DE...",".sql"
"BD\00.SelemTI_Normalizada_29_10_25_10_40_v0.sql","22446","CASCADE","ALTO","ADD CONSTRAINT precorte_efectivo_precorte_id_fkey FOREIGN KEY (precorte_id) REFERENCES precorte(i...",".sql"
"BD\00.SelemTI_Normalizada_29_10_25_10_40_v0.sql","22455","CASCADE","ALTO","ADD CONSTRAINT precorte_otros_precorte_id_fkey FOREIGN KEY (precorte_id) REFERENCES precorte(id) ...",".sql"
"BD\00.SelemTI_Normalizada_29_10_25_10_40_v0.sql","22464","CASCADE","ALTO","ADD CONSTRAINT precorte_sesion_id_fkey FOREIGN KEY (sesion_id) REFERENCES sesion_cajon(id) ON DEL...",".sql"
"BD\00.SelemTI_Normalizada_29_10_25_10_40_v0.sql","22482","CASCADE","ALTO","ADD CONSTRAINT prod_det_prod_id_fkey FOREIGN KEY (prod_id) REFERENCES prod_cab(id) ON DELETE CASC...",".sql"
"BD\00.SelemTI_Normalizada_29_10_25_10_40_v0.sql","22545","CASCADE","ALTO","ADD CONSTRAINT recepcion_det_recepcion_id_fkey FOREIGN KEY (recepcion_id) REFERENCES recepcion_ca...",".sql"
"BD\00.SelemTI_Normalizada_29_10_25_10_40_v0.sql","22608","CASCADE","ALTO","ADD CONSTRAINT role_has_permissions_permission_id_foreign FOREIGN KEY (permission_id) REFERENCES ...",".sql"
"BD\00.SelemTI_Normalizada_29_10_25_10_40_v0.sql","22617","CASCADE","ALTO","ADD CONSTRAINT role_has_permissions_role_id_foreign FOREIGN KEY (role_id) REFERENCES roles(id) ON...",".sql"
"BD\00.SelemTI_Normalizada_29_10_25_10_40_v0.sql","22644","CASCADE","ALTO","ADD CONSTRAINT selemti_cash_fund_movement_audit_log_movement_id_foreign FOREIGN KEY (movement_id)...",".sql"
"BD\00.SelemTI_Normalizada_29_10_25_10_40_v0.sql","22653","CASCADE","ALTO","ADD CONSTRAINT selemti_menu_engineering_snapshots_menu_item_id_foreign FOREIGN KEY (menu_item_id)...",".sql"
"BD\00.SelemTI_Normalizada_29_10_25_10_40_v0.sql","22662","CASCADE","ALTO","ADD CONSTRAINT selemti_menu_item_sync_map_menu_item_id_foreign FOREIGN KEY (menu_item_id) REFEREN...",".sql"
"BD\00.SelemTI_Normalizada_29_10_25_10_40_v0.sql","22671","CASCADE","ALTO","ADD CONSTRAINT selemti_pos_sync_logs_batch_id_foreign FOREIGN KEY (batch_id) REFERENCES pos_sync_...",".sql"
"BD\00.SelemTI_Normalizada_29_10_25_10_40_v0.sql","22680","CASCADE","ALTO","ADD CONSTRAINT selemti_report_runs_report_id_foreign FOREIGN KEY (report_id) REFERENCES report_de...",".sql"
"BD\00.SelemTI_Normalizada_29_10_25_10_40_v0.sql","22689","CASCADE","ALTO","ADD CONSTRAINT sol_prod_det_sol_id_fkey FOREIGN KEY (sol_id) REFERENCES sol_prod_cab(id) ON DELET...",".sql"
"BD\00.SelemTI_Normalizada_29_10_25_10_40_v0.sql","22752","CASCADE","ALTO","ADD CONSTRAINT transfer_det_transfer_id_fkey FOREIGN KEY (transfer_id) REFERENCES transfer_cab(id...",".sql"
"BD\00.SelemTI_Normalizada_29_10_25_10_40_v0.sql","22806","CASCADE","ALTO","ADD CONSTRAINT traspaso_det_traspaso_id_fkey FOREIGN KEY (traspaso_id) REFERENCES traspaso_cab(id...",".sql"
"BD\Items_Inventario_ConDatos_V2.sql","10718","CASCADE","ALTO","ADD CONSTRAINT cat_uom_conversion_destino_id_foreign FOREIGN KEY (destino_id) REFERENCES cat_unid...",".sql"
"BD\Items_Inventario_ConDatos_V2.sql","10727","CASCADE","ALTO","ADD CONSTRAINT cat_uom_conversion_origen_id_foreign FOREIGN KEY (origen_id) REFERENCES cat_unidad...",".sql"
"BD\Items_Inventario_ConDatos_V2.sql","10736","CASCADE","ALTO","ADD CONSTRAINT conciliacion_postcorte_id_fkey FOREIGN KEY (postcorte_id) REFERENCES postcorte(id)...",".sql"
"BD\Items_Inventario_ConDatos_V2.sql","10781","CASCADE","ALTO","ADD CONSTRAINT fk_ticket_det_cab FOREIGN KEY (ticket_id) REFERENCES ticket_venta_cab(id) ON DELET...",".sql"
"BD\Items_Inventario_ConDatos_V2.sql","10853","CASCADE","ALTO","ADD CONSTRAINT inv_stock_policy_item_id_foreign FOREIGN KEY (item_id) REFERENCES items(id) ON DEL...",".sql"
"BD\Items_Inventario_ConDatos_V2.sql","10862","CASCADE","ALTO","ADD CONSTRAINT inv_stock_policy_sucursal_id_foreign FOREIGN KEY (sucursal_id) REFERENCES cat_sucu...",".sql"
"BD\Items_Inventario_ConDatos_V2.sql","10898","CASCADE","ALTO","ADD CONSTRAINT items_category_fk FOREIGN KEY (category_id) REFERENCES item_categories(id) ON UPDA...",".sql"
"BD\Items_Inventario_ConDatos_V2.sql","10979","CASCADE","ALTO","ADD CONSTRAINT model_has_permissions_permission_id_foreign FOREIGN KEY (permission_id) REFERENCES...",".sql"
"BD\Items_Inventario_ConDatos_V2.sql","10988","CASCADE","ALTO","ADD CONSTRAINT model_has_roles_role_id_foreign FOREIGN KEY (role_id) REFERENCES roles(id) ON DELE...",".sql"
"BD\Items_Inventario_ConDatos_V2.sql","11078","CASCADE","ALTO","ADD CONSTRAINT op_insumo_op_id_fkey FOREIGN KEY (op_id) REFERENCES op_cab(id) ON DELETE CASCADE;",".sql"
"BD\Items_Inventario_ConDatos_V2.sql","11105","CASCADE","ALTO","ADD CONSTRAINT op_yield_op_id_fkey FOREIGN KEY (op_id) REFERENCES op_cab(id) ON DELETE CASCADE;",".sql"
"BD\Items_Inventario_ConDatos_V2.sql","11141","CASCADE","ALTO","ADD CONSTRAINT postcorte_sesion_id_fkey FOREIGN KEY (sesion_id) REFERENCES sesion_cajon(id) ON DE...",".sql"
"BD\Items_Inventario_ConDatos_V2.sql","11150","CASCADE","ALTO","ADD CONSTRAINT precorte_efectivo_precorte_id_fkey FOREIGN KEY (precorte_id) REFERENCES precorte(i...",".sql"
"BD\Items_Inventario_ConDatos_V2.sql","11159","CASCADE","ALTO","ADD CONSTRAINT precorte_otros_precorte_id_fkey FOREIGN KEY (precorte_id) REFERENCES precorte(id) ...",".sql"
"BD\Items_Inventario_ConDatos_V2.sql","11168","CASCADE","ALTO","ADD CONSTRAINT precorte_sesion_id_fkey FOREIGN KEY (sesion_id) REFERENCES sesion_cajon(id) ON DEL...",".sql"
"BD\Items_Inventario_ConDatos_V2.sql","11231","CASCADE","ALTO","ADD CONSTRAINT recepcion_det_recepcion_id_fkey FOREIGN KEY (recepcion_id) REFERENCES recepcion_ca...",".sql"
"BD\Items_Inventario_ConDatos_V2.sql","11294","CASCADE","ALTO","ADD CONSTRAINT role_has_permissions_permission_id_foreign FOREIGN KEY (permission_id) REFERENCES ...",".sql"
"BD\Items_Inventario_ConDatos_V2.sql","11303","CASCADE","ALTO","ADD CONSTRAINT role_has_permissions_role_id_foreign FOREIGN KEY (role_id) REFERENCES roles(id) ON...",".sql"
"BD\Items_Inventario_ConDatos_V2.sql","11411","CASCADE","ALTO","ADD CONSTRAINT traspaso_det_traspaso_id_fkey FOREIGN KEY (traspaso_id) REFERENCES traspaso_cab(id...",".sql"
"BD\SelemTI_Estrucutra_Pedido_23_10_25.sql","16137","CASCADE","ALTO","ADD CONSTRAINT caja_fondo_adj_mov_id_fkey FOREIGN KEY (mov_id) REFERENCES caja_fondo_mov(id) ON D...",".sql"
"BD\SelemTI_Estrucutra_Pedido_23_10_25.sql","16146","CASCADE","ALTO","ADD CONSTRAINT caja_fondo_arqueo_fondo_id_fkey FOREIGN KEY (fondo_id) REFERENCES caja_fondo(id) O...",".sql"
"BD\SelemTI_Estrucutra_Pedido_23_10_25.sql","16155","CASCADE","ALTO","ADD CONSTRAINT caja_fondo_mov_fondo_id_fkey FOREIGN KEY (fondo_id) REFERENCES caja_fondo(id) ON D...",".sql"
"BD\SelemTI_Estrucutra_Pedido_23_10_25.sql","16164","CASCADE","ALTO","ADD CONSTRAINT caja_fondo_usuario_fondo_id_fkey FOREIGN KEY (fondo_id) REFERENCES caja_fondo(id) ...",".sql"
"BD\SelemTI_Estrucutra_Pedido_23_10_25.sql","16173","CASCADE","ALTO","ADD CONSTRAINT cash_fund_arqueos_cash_fund_id_foreign FOREIGN KEY (cash_fund_id) REFERENCES cash_...",".sql"
"BD\SelemTI_Estrucutra_Pedido_23_10_25.sql","16200","CASCADE","ALTO","ADD CONSTRAINT cash_fund_movements_cash_fund_id_foreign FOREIGN KEY (cash_fund_id) REFERENCES cas...",".sql"
"BD\SelemTI_Estrucutra_Pedido_23_10_25.sql","16245","CASCADE","ALTO","ADD CONSTRAINT cat_uom_conversion_destino_id_foreign FOREIGN KEY (destino_id) REFERENCES cat_unid...",".sql"
"BD\SelemTI_Estrucutra_Pedido_23_10_25.sql","16254","CASCADE","ALTO","ADD CONSTRAINT cat_uom_conversion_origen_id_foreign FOREIGN KEY (origen_id) REFERENCES cat_unidad...",".sql"
"BD\SelemTI_Estrucutra_Pedido_23_10_25.sql","16263","CASCADE","ALTO","ADD CONSTRAINT conciliacion_postcorte_id_fkey FOREIGN KEY (postcorte_id) REFERENCES postcorte(id)...",".sql"
"BD\SelemTI_Estrucutra_Pedido_23_10_25.sql","16389","CASCADE","ALTO","ADD CONSTRAINT fk_psuggline_suggestion FOREIGN KEY (suggestion_id) REFERENCES purchase_suggestion...",".sql"
"BD\SelemTI_Estrucutra_Pedido_23_10_25.sql","16398","CASCADE","ALTO","ADD CONSTRAINT fk_ticket_det_cab FOREIGN KEY (ticket_id) REFERENCES ticket_venta_cab(id) ON DELET...",".sql"
"BD\SelemTI_Estrucutra_Pedido_23_10_25.sql","16470","CASCADE","ALTO","ADD CONSTRAINT inv_consumo_pos_det_consumo_id_fkey FOREIGN KEY (consumo_id) REFERENCES inv_consum...",".sql"
"BD\SelemTI_Estrucutra_Pedido_23_10_25.sql","16479","CASCADE","ALTO","ADD CONSTRAINT inv_stock_policy_item_id_foreign FOREIGN KEY (item_id) REFERENCES items(id) ON DEL...",".sql"
"BD\SelemTI_Estrucutra_Pedido_23_10_25.sql","16488","CASCADE","ALTO","ADD CONSTRAINT inv_stock_policy_sucursal_id_foreign FOREIGN KEY (sucursal_id) REFERENCES cat_sucu...",".sql"
"BD\SelemTI_Estrucutra_Pedido_23_10_25.sql","16524","CASCADE","ALTO","ADD CONSTRAINT items_category_fk FOREIGN KEY (category_id) REFERENCES item_categories(id) ON UPDA...",".sql"
"BD\SelemTI_Estrucutra_Pedido_23_10_25.sql","16605","CASCADE","ALTO","ADD CONSTRAINT model_has_permissions_permission_id_foreign FOREIGN KEY (permission_id) REFERENCES...",".sql"
"BD\SelemTI_Estrucutra_Pedido_23_10_25.sql","16614","CASCADE","ALTO","ADD CONSTRAINT model_has_roles_role_id_foreign FOREIGN KEY (role_id) REFERENCES roles(id) ON DELE...",".sql"
"BD\SelemTI_Estrucutra_Pedido_23_10_25.sql","16704","CASCADE","ALTO","ADD CONSTRAINT op_insumo_op_id_fkey FOREIGN KEY (op_id) REFERENCES op_cab(id) ON DELETE CASCADE;",".sql"
"BD\SelemTI_Estrucutra_Pedido_23_10_25.sql","16731","CASCADE","ALTO","ADD CONSTRAINT op_yield_op_id_fkey FOREIGN KEY (op_id) REFERENCES op_cab(id) ON DELETE CASCADE;",".sql"
"BD\SelemTI_Estrucutra_Pedido_23_10_25.sql","16767","CASCADE","ALTO","ADD CONSTRAINT postcorte_sesion_id_fkey FOREIGN KEY (sesion_id) REFERENCES sesion_cajon(id) ON DE...",".sql"
"BD\SelemTI_Estrucutra_Pedido_23_10_25.sql","16776","CASCADE","ALTO","ADD CONSTRAINT precorte_efectivo_precorte_id_fkey FOREIGN KEY (precorte_id) REFERENCES precorte(i...",".sql"
"BD\SelemTI_Estrucutra_Pedido_23_10_25.sql","16785","CASCADE","ALTO","ADD CONSTRAINT precorte_otros_precorte_id_fkey FOREIGN KEY (precorte_id) REFERENCES precorte(id) ...",".sql"
"BD\SelemTI_Estrucutra_Pedido_23_10_25.sql","16794","CASCADE","ALTO","ADD CONSTRAINT precorte_sesion_id_fkey FOREIGN KEY (sesion_id) REFERENCES sesion_cajon(id) ON DEL...",".sql"
"BD\SelemTI_Estrucutra_Pedido_23_10_25.sql","16812","CASCADE","ALTO","ADD CONSTRAINT prod_det_prod_id_fkey FOREIGN KEY (prod_id) REFERENCES prod_cab(id) ON DELETE CASC...",".sql"
"BD\SelemTI_Estrucutra_Pedido_23_10_25.sql","16875","CASCADE","ALTO","ADD CONSTRAINT recepcion_det_recepcion_id_fkey FOREIGN KEY (recepcion_id) REFERENCES recepcion_ca...",".sql"
"BD\SelemTI_Estrucutra_Pedido_23_10_25.sql","16938","CASCADE","ALTO","ADD CONSTRAINT role_has_permissions_permission_id_foreign FOREIGN KEY (permission_id) REFERENCES ...",".sql"
"BD\SelemTI_Estrucutra_Pedido_23_10_25.sql","16947","CASCADE","ALTO","ADD CONSTRAINT role_has_permissions_role_id_foreign FOREIGN KEY (role_id) REFERENCES roles(id) ON...",".sql"
"BD\SelemTI_Estrucutra_Pedido_23_10_25.sql","16965","CASCADE","ALTO","ADD CONSTRAINT selemti_cash_fund_movement_audit_log_movement_id_foreign FOREIGN KEY (movement_id)...",".sql"
"BD\SelemTI_Estrucutra_Pedido_23_10_25.sql","16974","CASCADE","ALTO","ADD CONSTRAINT selemti_menu_engineering_snapshots_menu_item_id_foreign FOREIGN KEY (menu_item_id)...",".sql"
"BD\SelemTI_Estrucutra_Pedido_23_10_25.sql","16983","CASCADE","ALTO","ADD CONSTRAINT selemti_menu_item_sync_map_menu_item_id_foreign FOREIGN KEY (menu_item_id) REFEREN...",".sql"
"BD\SelemTI_Estrucutra_Pedido_23_10_25.sql","16992","CASCADE","ALTO","ADD CONSTRAINT selemti_pos_sync_logs_batch_id_foreign FOREIGN KEY (batch_id) REFERENCES pos_sync_...",".sql"
"BD\SelemTI_Estrucutra_Pedido_23_10_25.sql","17001","CASCADE","ALTO","ADD CONSTRAINT selemti_report_runs_report_id_foreign FOREIGN KEY (report_id) REFERENCES report_de...",".sql"
"BD\SelemTI_Estrucutra_Pedido_23_10_25.sql","17010","CASCADE","ALTO","ADD CONSTRAINT sol_prod_det_sol_id_fkey FOREIGN KEY (sol_id) REFERENCES sol_prod_cab(id) ON DELET...",".sql"
"BD\SelemTI_Estrucutra_Pedido_23_10_25.sql","17073","CASCADE","ALTO","ADD CONSTRAINT transfer_det_transfer_id_fkey FOREIGN KEY (transfer_id) REFERENCES transfer_cab(id...",".sql"
"BD\SelemTI_Estrucutra_Pedido_23_10_25.sql","17127","CASCADE","ALTO","ADD CONSTRAINT traspaso_det_traspaso_id_fkey FOREIGN KEY (traspaso_id) REFERENCES traspaso_cab(id...",".sql"
"BD\SelemTI_Estrucutra_Pedido_29_10_25_10_40_v2.sql","18","DROP DATABASE","EXTREMO","DROP DATABASE pos;",".sql"
"BD\SelemTI_Estrucutra_Pedido_29_10_25_10_40_v2.sql","20465","CASCADE","ALTO","ADD CONSTRAINT caja_fondo_adj_mov_id_fkey FOREIGN KEY (mov_id) REFERENCES caja_fondo_mov(id) ON D...",".sql"
"BD\SelemTI_Estrucutra_Pedido_29_10_25_10_40_v2.sql","20474","CASCADE","ALTO","ADD CONSTRAINT caja_fondo_arqueo_fondo_id_fkey FOREIGN KEY (fondo_id) REFERENCES caja_fondo(id) O...",".sql"
"BD\SelemTI_Estrucutra_Pedido_29_10_25_10_40_v2.sql","20483","CASCADE","ALTO","ADD CONSTRAINT caja_fondo_mov_fondo_id_fkey FOREIGN KEY (fondo_id) REFERENCES caja_fondo(id) ON D...",".sql"
"BD\SelemTI_Estrucutra_Pedido_29_10_25_10_40_v2.sql","20492","CASCADE","ALTO","ADD CONSTRAINT caja_fondo_usuario_fondo_id_fkey FOREIGN KEY (fondo_id) REFERENCES caja_fondo(id) ...",".sql"
"BD\SelemTI_Estrucutra_Pedido_29_10_25_10_40_v2.sql","20501","CASCADE","ALTO","ADD CONSTRAINT cash_fund_arqueos_cash_fund_id_foreign FOREIGN KEY (cash_fund_id) REFERENCES cash_...",".sql"
"BD\SelemTI_Estrucutra_Pedido_29_10_25_10_40_v2.sql","20528","CASCADE","ALTO","ADD CONSTRAINT cash_fund_movements_cash_fund_id_foreign FOREIGN KEY (cash_fund_id) REFERENCES cas...",".sql"
"BD\SelemTI_Estrucutra_Pedido_29_10_25_10_40_v2.sql","20573","CASCADE","ALTO","ADD CONSTRAINT cat_uom_conversion_destino_id_foreign FOREIGN KEY (destino_id) REFERENCES cat_unid...",".sql"
"BD\SelemTI_Estrucutra_Pedido_29_10_25_10_40_v2.sql","20582","CASCADE","ALTO","ADD CONSTRAINT cat_uom_conversion_origen_id_foreign FOREIGN KEY (origen_id) REFERENCES cat_unidad...",".sql"
"BD\SelemTI_Estrucutra_Pedido_29_10_25_10_40_v2.sql","20591","CASCADE","ALTO","ADD CONSTRAINT conciliacion_postcorte_id_fkey FOREIGN KEY (postcorte_id) REFERENCES postcorte(id)...",".sql"
"BD\SelemTI_Estrucutra_Pedido_29_10_25_10_40_v2.sql","20717","CASCADE","ALTO","ADD CONSTRAINT fk_psuggline_suggestion FOREIGN KEY (suggestion_id) REFERENCES purchase_suggestion...",".sql"
"BD\SelemTI_Estrucutra_Pedido_29_10_25_10_40_v2.sql","20726","CASCADE","ALTO","ADD CONSTRAINT fk_ticket_det_cab FOREIGN KEY (ticket_id) REFERENCES ticket_venta_cab(id) ON DELET...",".sql"
"BD\SelemTI_Estrucutra_Pedido_29_10_25_10_40_v2.sql","20798","CASCADE","ALTO","ADD CONSTRAINT inv_consumo_pos_det_consumo_id_fkey FOREIGN KEY (consumo_id) REFERENCES inv_consum...",".sql"
"BD\SelemTI_Estrucutra_Pedido_29_10_25_10_40_v2.sql","20807","CASCADE","ALTO","ADD CONSTRAINT inv_stock_policy_item_id_foreign FOREIGN KEY (item_id) REFERENCES items(id) ON DEL...",".sql"
"BD\SelemTI_Estrucutra_Pedido_29_10_25_10_40_v2.sql","20816","CASCADE","ALTO","ADD CONSTRAINT inv_stock_policy_sucursal_id_foreign FOREIGN KEY (sucursal_id) REFERENCES cat_sucu...",".sql"
"BD\SelemTI_Estrucutra_Pedido_29_10_25_10_40_v2.sql","20888","CASCADE","ALTO","ADD CONSTRAINT items_category_fk FOREIGN KEY (category_id) REFERENCES item_categories(id) ON UPDA...",".sql"
"BD\SelemTI_Estrucutra_Pedido_29_10_25_10_40_v2.sql","20969","CASCADE","ALTO","ADD CONSTRAINT model_has_permissions_permission_id_foreign FOREIGN KEY (permission_id) REFERENCES...",".sql"
"BD\SelemTI_Estrucutra_Pedido_29_10_25_10_40_v2.sql","20978","CASCADE","ALTO","ADD CONSTRAINT model_has_roles_role_id_foreign FOREIGN KEY (role_id) REFERENCES roles(id) ON DELE...",".sql"
"BD\SelemTI_Estrucutra_Pedido_29_10_25_10_40_v2.sql","21068","CASCADE","ALTO","ADD CONSTRAINT op_insumo_op_id_fkey FOREIGN KEY (op_id) REFERENCES op_cab(id) ON DELETE CASCADE;",".sql"
"BD\SelemTI_Estrucutra_Pedido_29_10_25_10_40_v2.sql","21095","CASCADE","ALTO","ADD CONSTRAINT op_yield_op_id_fkey FOREIGN KEY (op_id) REFERENCES op_cab(id) ON DELETE CASCADE;",".sql"
"BD\SelemTI_Estrucutra_Pedido_29_10_25_10_40_v2.sql","21131","CASCADE","ALTO","ADD CONSTRAINT postcorte_sesion_id_fkey FOREIGN KEY (sesion_id) REFERENCES sesion_cajon(id) ON DE...",".sql"
"BD\SelemTI_Estrucutra_Pedido_29_10_25_10_40_v2.sql","21140","CASCADE","ALTO","ADD CONSTRAINT precorte_efectivo_precorte_id_fkey FOREIGN KEY (precorte_id) REFERENCES precorte(i...",".sql"
"BD\SelemTI_Estrucutra_Pedido_29_10_25_10_40_v2.sql","21149","CASCADE","ALTO","ADD CONSTRAINT precorte_otros_precorte_id_fkey FOREIGN KEY (precorte_id) REFERENCES precorte(id) ...",".sql"
"BD\SelemTI_Estrucutra_Pedido_29_10_25_10_40_v2.sql","21158","CASCADE","ALTO","ADD CONSTRAINT precorte_sesion_id_fkey FOREIGN KEY (sesion_id) REFERENCES sesion_cajon(id) ON DEL...",".sql"
"BD\SelemTI_Estrucutra_Pedido_29_10_25_10_40_v2.sql","21176","CASCADE","ALTO","ADD CONSTRAINT prod_det_prod_id_fkey FOREIGN KEY (prod_id) REFERENCES prod_cab(id) ON DELETE CASC...",".sql"
"BD\SelemTI_Estrucutra_Pedido_29_10_25_10_40_v2.sql","21239","CASCADE","ALTO","ADD CONSTRAINT recepcion_det_recepcion_id_fkey FOREIGN KEY (recepcion_id) REFERENCES recepcion_ca...",".sql"
"BD\SelemTI_Estrucutra_Pedido_29_10_25_10_40_v2.sql","21302","CASCADE","ALTO","ADD CONSTRAINT role_has_permissions_permission_id_foreign FOREIGN KEY (permission_id) REFERENCES ...",".sql"
"BD\SelemTI_Estrucutra_Pedido_29_10_25_10_40_v2.sql","21311","CASCADE","ALTO","ADD CONSTRAINT role_has_permissions_role_id_foreign FOREIGN KEY (role_id) REFERENCES roles(id) ON...",".sql"
"BD\SelemTI_Estrucutra_Pedido_29_10_25_10_40_v2.sql","21338","CASCADE","ALTO","ADD CONSTRAINT selemti_cash_fund_movement_audit_log_movement_id_foreign FOREIGN KEY (movement_id)...",".sql"
"BD\SelemTI_Estrucutra_Pedido_29_10_25_10_40_v2.sql","21347","CASCADE","ALTO","ADD CONSTRAINT selemti_menu_engineering_snapshots_menu_item_id_foreign FOREIGN KEY (menu_item_id)...",".sql"
"BD\SelemTI_Estrucutra_Pedido_29_10_25_10_40_v2.sql","21356","CASCADE","ALTO","ADD CONSTRAINT selemti_menu_item_sync_map_menu_item_id_foreign FOREIGN KEY (menu_item_id) REFEREN...",".sql"
"BD\SelemTI_Estrucutra_Pedido_29_10_25_10_40_v2.sql","21365","CASCADE","ALTO","ADD CONSTRAINT selemti_pos_sync_logs_batch_id_foreign FOREIGN KEY (batch_id) REFERENCES pos_sync_...",".sql"
"BD\SelemTI_Estrucutra_Pedido_29_10_25_10_40_v2.sql","21374","CASCADE","ALTO","ADD CONSTRAINT selemti_report_runs_report_id_foreign FOREIGN KEY (report_id) REFERENCES report_de...",".sql"
"BD\SelemTI_Estrucutra_Pedido_29_10_25_10_40_v2.sql","21383","CASCADE","ALTO","ADD CONSTRAINT sol_prod_det_sol_id_fkey FOREIGN KEY (sol_id) REFERENCES sol_prod_cab(id) ON DELET...",".sql"
"BD\SelemTI_Estrucutra_Pedido_29_10_25_10_40_v2.sql","21446","CASCADE","ALTO","ADD CONSTRAINT transfer_det_transfer_id_fkey FOREIGN KEY (transfer_id) REFERENCES transfer_cab(id...",".sql"
"BD\SelemTI_Estrucutra_Pedido_29_10_25_10_40_v2.sql","21500","CASCADE","ALTO","ADD CONSTRAINT traspaso_det_traspaso_id_fkey FOREIGN KEY (traspaso_id) REFERENCES traspaso_cab(id...",".sql"
"BD\SelemTI_Estrucutra_Pedido_29_10_25_10_40_v3.sql","18","DROP DATABASE","EXTREMO","DROP DATABASE pos;",".sql"
"BD\SelemTI_Estrucutra_Pedido_29_10_25_10_40_v3.sql","20877","CASCADE","ALTO","ADD CONSTRAINT caja_fondo_adj_mov_id_fkey FOREIGN KEY (mov_id) REFERENCES caja_fondo_mov(id) ON D...",".sql"
"BD\SelemTI_Estrucutra_Pedido_29_10_25_10_40_v3.sql","20886","CASCADE","ALTO","ADD CONSTRAINT caja_fondo_arqueo_fondo_id_fkey FOREIGN KEY (fondo_id) REFERENCES caja_fondo(id) O...",".sql"
"BD\SelemTI_Estrucutra_Pedido_29_10_25_10_40_v3.sql","20895","CASCADE","ALTO","ADD CONSTRAINT caja_fondo_mov_fondo_id_fkey FOREIGN KEY (fondo_id) REFERENCES caja_fondo(id) ON D...",".sql"
"BD\SelemTI_Estrucutra_Pedido_29_10_25_10_40_v3.sql","20904","CASCADE","ALTO","ADD CONSTRAINT caja_fondo_usuario_fondo_id_fkey FOREIGN KEY (fondo_id) REFERENCES caja_fondo(id) ...",".sql"
"BD\SelemTI_Estrucutra_Pedido_29_10_25_10_40_v3.sql","20913","CASCADE","ALTO","ADD CONSTRAINT cash_fund_arqueos_cash_fund_id_foreign FOREIGN KEY (cash_fund_id) REFERENCES cash_...",".sql"
"BD\SelemTI_Estrucutra_Pedido_29_10_25_10_40_v3.sql","20940","CASCADE","ALTO","ADD CONSTRAINT cash_fund_movements_cash_fund_id_foreign FOREIGN KEY (cash_fund_id) REFERENCES cas...",".sql"
"BD\SelemTI_Estrucutra_Pedido_29_10_25_10_40_v3.sql","20985","CASCADE","ALTO","ADD CONSTRAINT cat_uom_conversion_destino_id_foreign FOREIGN KEY (destino_id) REFERENCES cat_unid...",".sql"
"BD\SelemTI_Estrucutra_Pedido_29_10_25_10_40_v3.sql","20994","CASCADE","ALTO","ADD CONSTRAINT cat_uom_conversion_origen_id_foreign FOREIGN KEY (origen_id) REFERENCES cat_unidad...",".sql"
"BD\SelemTI_Estrucutra_Pedido_29_10_25_10_40_v3.sql","21003","CASCADE","ALTO","ADD CONSTRAINT conciliacion_postcorte_id_fkey FOREIGN KEY (postcorte_id) REFERENCES postcorte(id)...",".sql"
"BD\SelemTI_Estrucutra_Pedido_29_10_25_10_40_v3.sql","21129","CASCADE","ALTO","ADD CONSTRAINT fk_psuggline_suggestion FOREIGN KEY (suggestion_id) REFERENCES purchase_suggestion...",".sql"
"BD\SelemTI_Estrucutra_Pedido_29_10_25_10_40_v3.sql","21138","CASCADE","ALTO","ADD CONSTRAINT fk_ticket_det_cab FOREIGN KEY (ticket_id) REFERENCES ticket_venta_cab(id) ON DELET...",".sql"
"BD\SelemTI_Estrucutra_Pedido_29_10_25_10_40_v3.sql","21210","CASCADE","ALTO","ADD CONSTRAINT inv_consumo_pos_det_consumo_id_fkey FOREIGN KEY (consumo_id) REFERENCES inv_consum...",".sql"
"BD\SelemTI_Estrucutra_Pedido_29_10_25_10_40_v3.sql","21219","CASCADE","ALTO","ADD CONSTRAINT inv_stock_policy_item_id_foreign FOREIGN KEY (item_id) REFERENCES items(id) ON DEL...",".sql"
"BD\SelemTI_Estrucutra_Pedido_29_10_25_10_40_v3.sql","21228","CASCADE","ALTO","ADD CONSTRAINT inv_stock_policy_sucursal_id_foreign FOREIGN KEY (sucursal_id) REFERENCES cat_sucu...",".sql"
"BD\SelemTI_Estrucutra_Pedido_29_10_25_10_40_v3.sql","21300","CASCADE","ALTO","ADD CONSTRAINT items_category_fk FOREIGN KEY (category_id) REFERENCES item_categories(id) ON UPDA...",".sql"
"BD\SelemTI_Estrucutra_Pedido_29_10_25_10_40_v3.sql","21381","CASCADE","ALTO","ADD CONSTRAINT model_has_permissions_permission_id_foreign FOREIGN KEY (permission_id) REFERENCES...",".sql"
"BD\SelemTI_Estrucutra_Pedido_29_10_25_10_40_v3.sql","21390","CASCADE","ALTO","ADD CONSTRAINT model_has_roles_role_id_foreign FOREIGN KEY (role_id) REFERENCES roles(id) ON DELE...",".sql"
"BD\SelemTI_Estrucutra_Pedido_29_10_25_10_40_v3.sql","21480","CASCADE","ALTO","ADD CONSTRAINT op_insumo_op_id_fkey FOREIGN KEY (op_id) REFERENCES op_cab(id) ON DELETE CASCADE;",".sql"
"BD\SelemTI_Estrucutra_Pedido_29_10_25_10_40_v3.sql","21507","CASCADE","ALTO","ADD CONSTRAINT op_yield_op_id_fkey FOREIGN KEY (op_id) REFERENCES op_cab(id) ON DELETE CASCADE;",".sql"
"BD\SelemTI_Estrucutra_Pedido_29_10_25_10_40_v3.sql","21543","CASCADE","ALTO","ADD CONSTRAINT postcorte_sesion_id_fkey FOREIGN KEY (sesion_id) REFERENCES sesion_cajon(id) ON DE...",".sql"
"BD\SelemTI_Estrucutra_Pedido_29_10_25_10_40_v3.sql","21552","CASCADE","ALTO","ADD CONSTRAINT precorte_efectivo_precorte_id_fkey FOREIGN KEY (precorte_id) REFERENCES precorte(i...",".sql"
"BD\SelemTI_Estrucutra_Pedido_29_10_25_10_40_v3.sql","21561","CASCADE","ALTO","ADD CONSTRAINT precorte_otros_precorte_id_fkey FOREIGN KEY (precorte_id) REFERENCES precorte(id) ...",".sql"
"BD\SelemTI_Estrucutra_Pedido_29_10_25_10_40_v3.sql","21570","CASCADE","ALTO","ADD CONSTRAINT precorte_sesion_id_fkey FOREIGN KEY (sesion_id) REFERENCES sesion_cajon(id) ON DEL...",".sql"
"BD\SelemTI_Estrucutra_Pedido_29_10_25_10_40_v3.sql","21588","CASCADE","ALTO","ADD CONSTRAINT prod_det_prod_id_fkey FOREIGN KEY (prod_id) REFERENCES prod_cab(id) ON DELETE CASC...",".sql"
"BD\SelemTI_Estrucutra_Pedido_29_10_25_10_40_v3.sql","21651","CASCADE","ALTO","ADD CONSTRAINT recepcion_det_recepcion_id_fkey FOREIGN KEY (recepcion_id) REFERENCES recepcion_ca...",".sql"
"BD\SelemTI_Estrucutra_Pedido_29_10_25_10_40_v3.sql","21714","CASCADE","ALTO","ADD CONSTRAINT role_has_permissions_permission_id_foreign FOREIGN KEY (permission_id) REFERENCES ...",".sql"
"BD\SelemTI_Estrucutra_Pedido_29_10_25_10_40_v3.sql","21723","CASCADE","ALTO","ADD CONSTRAINT role_has_permissions_role_id_foreign FOREIGN KEY (role_id) REFERENCES roles(id) ON...",".sql"
"BD\SelemTI_Estrucutra_Pedido_29_10_25_10_40_v3.sql","21750","CASCADE","ALTO","ADD CONSTRAINT selemti_cash_fund_movement_audit_log_movement_id_foreign FOREIGN KEY (movement_id)...",".sql"
"BD\SelemTI_Estrucutra_Pedido_29_10_25_10_40_v3.sql","21759","CASCADE","ALTO","ADD CONSTRAINT selemti_menu_engineering_snapshots_menu_item_id_foreign FOREIGN KEY (menu_item_id)...",".sql"
"BD\SelemTI_Estrucutra_Pedido_29_10_25_10_40_v3.sql","21768","CASCADE","ALTO","ADD CONSTRAINT selemti_menu_item_sync_map_menu_item_id_foreign FOREIGN KEY (menu_item_id) REFEREN...",".sql"
"BD\SelemTI_Estrucutra_Pedido_29_10_25_10_40_v3.sql","21777","CASCADE","ALTO","ADD CONSTRAINT selemti_pos_sync_logs_batch_id_foreign FOREIGN KEY (batch_id) REFERENCES pos_sync_...",".sql"
"BD\SelemTI_Estrucutra_Pedido_29_10_25_10_40_v3.sql","21786","CASCADE","ALTO","ADD CONSTRAINT selemti_report_runs_report_id_foreign FOREIGN KEY (report_id) REFERENCES report_de...",".sql"
"BD\SelemTI_Estrucutra_Pedido_29_10_25_10_40_v3.sql","21795","CASCADE","ALTO","ADD CONSTRAINT sol_prod_det_sol_id_fkey FOREIGN KEY (sol_id) REFERENCES sol_prod_cab(id) ON DELET...",".sql"
"BD\SelemTI_Estrucutra_Pedido_29_10_25_10_40_v3.sql","21858","CASCADE","ALTO","ADD CONSTRAINT transfer_det_transfer_id_fkey FOREIGN KEY (transfer_id) REFERENCES transfer_cab(id...",".sql"
"BD\SelemTI_Estrucutra_Pedido_29_10_25_10_40_v3.sql","21912","CASCADE","ALTO","ADD CONSTRAINT traspaso_det_traspaso_id_fkey FOREIGN KEY (traspaso_id) REFERENCES traspaso_cab(id...",".sql"
"BD\SelemTI_Estrucutra_Pedido_29_10_25_10_40_v4.sql","13707","CASCADE","ALTO","ADD CONSTRAINT caja_fondo_adj_mov_id_fkey FOREIGN KEY (mov_id) REFERENCES caja_fondo_mov(id) ON D...",".sql"
"BD\SelemTI_Estrucutra_Pedido_29_10_25_10_40_v4.sql","13716","CASCADE","ALTO","ADD CONSTRAINT caja_fondo_arqueo_fondo_id_fkey FOREIGN KEY (fondo_id) REFERENCES caja_fondo(id) O...",".sql"
"BD\SelemTI_Estrucutra_Pedido_29_10_25_10_40_v4.sql","13725","CASCADE","ALTO","ADD CONSTRAINT caja_fondo_mov_fondo_id_fkey FOREIGN KEY (fondo_id) REFERENCES caja_fondo(id) ON D...",".sql"
"BD\SelemTI_Estrucutra_Pedido_29_10_25_10_40_v4.sql","13734","CASCADE","ALTO","ADD CONSTRAINT caja_fondo_usuario_fondo_id_fkey FOREIGN KEY (fondo_id) REFERENCES caja_fondo(id) ...",".sql"
"BD\SelemTI_Estrucutra_Pedido_29_10_25_10_40_v4.sql","13743","CASCADE","ALTO","ADD CONSTRAINT cash_fund_arqueos_cash_fund_id_foreign FOREIGN KEY (cash_fund_id) REFERENCES cash_...",".sql"
"BD\SelemTI_Estrucutra_Pedido_29_10_25_10_40_v4.sql","13770","CASCADE","ALTO","ADD CONSTRAINT cash_fund_movements_cash_fund_id_foreign FOREIGN KEY (cash_fund_id) REFERENCES cas...",".sql"
"BD\SelemTI_Estrucutra_Pedido_29_10_25_10_40_v4.sql","13815","CASCADE","ALTO","ADD CONSTRAINT cat_uom_conversion_destino_id_foreign FOREIGN KEY (destino_id) REFERENCES cat_unid...",".sql"
"BD\SelemTI_Estrucutra_Pedido_29_10_25_10_40_v4.sql","13824","CASCADE","ALTO","ADD CONSTRAINT cat_uom_conversion_origen_id_foreign FOREIGN KEY (origen_id) REFERENCES cat_unidad...",".sql"
"BD\SelemTI_Estrucutra_Pedido_29_10_25_10_40_v4.sql","13833","CASCADE","ALTO","ADD CONSTRAINT conciliacion_postcorte_id_fkey FOREIGN KEY (postcorte_id) REFERENCES postcorte(id)...",".sql"
"BD\SelemTI_Estrucutra_Pedido_29_10_25_10_40_v4.sql","13959","CASCADE","ALTO","ADD CONSTRAINT fk_psuggline_suggestion FOREIGN KEY (suggestion_id) REFERENCES purchase_suggestion...",".sql"
"BD\SelemTI_Estrucutra_Pedido_29_10_25_10_40_v4.sql","13968","CASCADE","ALTO","ADD CONSTRAINT fk_ticket_det_cab FOREIGN KEY (ticket_id) REFERENCES ticket_venta_cab(id) ON DELET...",".sql"
"BD\SelemTI_Estrucutra_Pedido_29_10_25_10_40_v4.sql","14040","CASCADE","ALTO","ADD CONSTRAINT inv_consumo_pos_det_consumo_id_fkey FOREIGN KEY (consumo_id) REFERENCES inv_consum...",".sql"
"BD\SelemTI_Estrucutra_Pedido_29_10_25_10_40_v4.sql","14049","CASCADE","ALTO","ADD CONSTRAINT inv_stock_policy_item_id_foreign FOREIGN KEY (item_id) REFERENCES items(id) ON DEL...",".sql"
"BD\SelemTI_Estrucutra_Pedido_29_10_25_10_40_v4.sql","14058","CASCADE","ALTO","ADD CONSTRAINT inv_stock_policy_sucursal_id_foreign FOREIGN KEY (sucursal_id) REFERENCES cat_sucu...",".sql"
"BD\SelemTI_Estrucutra_Pedido_29_10_25_10_40_v4.sql","14130","CASCADE","ALTO","ADD CONSTRAINT items_category_fk FOREIGN KEY (category_id) REFERENCES item_categories(id) ON UPDA...",".sql"
"BD\SelemTI_Estrucutra_Pedido_29_10_25_10_40_v4.sql","14211","CASCADE","ALTO","ADD CONSTRAINT model_has_permissions_permission_id_foreign FOREIGN KEY (permission_id) REFERENCES...",".sql"
"BD\SelemTI_Estrucutra_Pedido_29_10_25_10_40_v4.sql","14220","CASCADE","ALTO","ADD CONSTRAINT model_has_roles_role_id_foreign FOREIGN KEY (role_id) REFERENCES roles(id) ON DELE...",".sql"
"BD\SelemTI_Estrucutra_Pedido_29_10_25_10_40_v4.sql","14310","CASCADE","ALTO","ADD CONSTRAINT op_insumo_op_id_fkey FOREIGN KEY (op_id) REFERENCES op_cab(id) ON DELETE CASCADE;",".sql"
"BD\SelemTI_Estrucutra_Pedido_29_10_25_10_40_v4.sql","14337","CASCADE","ALTO","ADD CONSTRAINT op_yield_op_id_fkey FOREIGN KEY (op_id) REFERENCES op_cab(id) ON DELETE CASCADE;",".sql"
"BD\SelemTI_Estrucutra_Pedido_29_10_25_10_40_v4.sql","14373","CASCADE","ALTO","ADD CONSTRAINT postcorte_sesion_id_fkey FOREIGN KEY (sesion_id) REFERENCES sesion_cajon(id) ON DE...",".sql"
"BD\SelemTI_Estrucutra_Pedido_29_10_25_10_40_v4.sql","14382","CASCADE","ALTO","ADD CONSTRAINT precorte_efectivo_precorte_id_fkey FOREIGN KEY (precorte_id) REFERENCES precorte(i...",".sql"
"BD\SelemTI_Estrucutra_Pedido_29_10_25_10_40_v4.sql","14391","CASCADE","ALTO","ADD CONSTRAINT precorte_otros_precorte_id_fkey FOREIGN KEY (precorte_id) REFERENCES precorte(id) ...",".sql"
"BD\SelemTI_Estrucutra_Pedido_29_10_25_10_40_v4.sql","14400","CASCADE","ALTO","ADD CONSTRAINT precorte_sesion_id_fkey FOREIGN KEY (sesion_id) REFERENCES sesion_cajon(id) ON DEL...",".sql"
"BD\SelemTI_Estrucutra_Pedido_29_10_25_10_40_v4.sql","14418","CASCADE","ALTO","ADD CONSTRAINT prod_det_prod_id_fkey FOREIGN KEY (prod_id) REFERENCES prod_cab(id) ON DELETE CASC...",".sql"
"BD\SelemTI_Estrucutra_Pedido_29_10_25_10_40_v4.sql","14481","CASCADE","ALTO","ADD CONSTRAINT recepcion_det_recepcion_id_fkey FOREIGN KEY (recepcion_id) REFERENCES recepcion_ca...",".sql"
"BD\SelemTI_Estrucutra_Pedido_29_10_25_10_40_v4.sql","14544","CASCADE","ALTO","ADD CONSTRAINT role_has_permissions_permission_id_foreign FOREIGN KEY (permission_id) REFERENCES ...",".sql"
"BD\SelemTI_Estrucutra_Pedido_29_10_25_10_40_v4.sql","14553","CASCADE","ALTO","ADD CONSTRAINT role_has_permissions_role_id_foreign FOREIGN KEY (role_id) REFERENCES roles(id) ON...",".sql"
"BD\SelemTI_Estrucutra_Pedido_29_10_25_10_40_v4.sql","14580","CASCADE","ALTO","ADD CONSTRAINT selemti_cash_fund_movement_audit_log_movement_id_foreign FOREIGN KEY (movement_id)...",".sql"
"BD\SelemTI_Estrucutra_Pedido_29_10_25_10_40_v4.sql","14589","CASCADE","ALTO","ADD CONSTRAINT selemti_menu_engineering_snapshots_menu_item_id_foreign FOREIGN KEY (menu_item_id)...",".sql"
"BD\SelemTI_Estrucutra_Pedido_29_10_25_10_40_v4.sql","14598","CASCADE","ALTO","ADD CONSTRAINT selemti_menu_item_sync_map_menu_item_id_foreign FOREIGN KEY (menu_item_id) REFEREN...",".sql"
"BD\SelemTI_Estrucutra_Pedido_29_10_25_10_40_v4.sql","14607","CASCADE","ALTO","ADD CONSTRAINT selemti_pos_sync_logs_batch_id_foreign FOREIGN KEY (batch_id) REFERENCES pos_sync_...",".sql"
"BD\SelemTI_Estrucutra_Pedido_29_10_25_10_40_v4.sql","14616","CASCADE","ALTO","ADD CONSTRAINT selemti_report_runs_report_id_foreign FOREIGN KEY (report_id) REFERENCES report_de...",".sql"
"BD\SelemTI_Estrucutra_Pedido_29_10_25_10_40_v4.sql","14625","CASCADE","ALTO","ADD CONSTRAINT sol_prod_det_sol_id_fkey FOREIGN KEY (sol_id) REFERENCES sol_prod_cab(id) ON DELET...",".sql"
"BD\SelemTI_Estrucutra_Pedido_29_10_25_10_40_v4.sql","14688","CASCADE","ALTO","ADD CONSTRAINT transfer_det_transfer_id_fkey FOREIGN KEY (transfer_id) REFERENCES transfer_cab(id...",".sql"
"BD\SelemTI_Estrucutra_Pedido_29_10_25_10_40_v4.sql","14742","CASCADE","ALTO","ADD CONSTRAINT traspaso_det_traspaso_id_fkey FOREIGN KEY (traspaso_id) REFERENCES traspaso_cab(id...",".sql"
"BD\SelemTI_Estrucutra_Pedido_29_10_25_10_40.sql","18","DROP DATABASE","EXTREMO","DROP DATABASE pos;",".sql"
"BD\SelemTI_Estrucutra_Pedido_29_10_25_10_40.sql","20344","CASCADE","ALTO","ADD CONSTRAINT caja_fondo_adj_mov_id_fkey FOREIGN KEY (mov_id) REFERENCES caja_fondo_mov(id) ON D...",".sql"
"BD\SelemTI_Estrucutra_Pedido_29_10_25_10_40.sql","20353","CASCADE","ALTO","ADD CONSTRAINT caja_fondo_arqueo_fondo_id_fkey FOREIGN KEY (fondo_id) REFERENCES caja_fondo(id) O...",".sql"
"BD\SelemTI_Estrucutra_Pedido_29_10_25_10_40.sql","20362","CASCADE","ALTO","ADD CONSTRAINT caja_fondo_mov_fondo_id_fkey FOREIGN KEY (fondo_id) REFERENCES caja_fondo(id) ON D...",".sql"
"BD\SelemTI_Estrucutra_Pedido_29_10_25_10_40.sql","20371","CASCADE","ALTO","ADD CONSTRAINT caja_fondo_usuario_fondo_id_fkey FOREIGN KEY (fondo_id) REFERENCES caja_fondo(id) ...",".sql"
"BD\SelemTI_Estrucutra_Pedido_29_10_25_10_40.sql","20380","CASCADE","ALTO","ADD CONSTRAINT cash_fund_arqueos_cash_fund_id_foreign FOREIGN KEY (cash_fund_id) REFERENCES cash_...",".sql"
"BD\SelemTI_Estrucutra_Pedido_29_10_25_10_40.sql","20407","CASCADE","ALTO","ADD CONSTRAINT cash_fund_movements_cash_fund_id_foreign FOREIGN KEY (cash_fund_id) REFERENCES cas...",".sql"
"BD\SelemTI_Estrucutra_Pedido_29_10_25_10_40.sql","20452","CASCADE","ALTO","ADD CONSTRAINT cat_uom_conversion_destino_id_foreign FOREIGN KEY (destino_id) REFERENCES cat_unid...",".sql"
"BD\SelemTI_Estrucutra_Pedido_29_10_25_10_40.sql","20461","CASCADE","ALTO","ADD CONSTRAINT cat_uom_conversion_origen_id_foreign FOREIGN KEY (origen_id) REFERENCES cat_unidad...",".sql"
"BD\SelemTI_Estrucutra_Pedido_29_10_25_10_40.sql","20470","CASCADE","ALTO","ADD CONSTRAINT conciliacion_postcorte_id_fkey FOREIGN KEY (postcorte_id) REFERENCES postcorte(id)...",".sql"
"BD\SelemTI_Estrucutra_Pedido_29_10_25_10_40.sql","20596","CASCADE","ALTO","ADD CONSTRAINT fk_psuggline_suggestion FOREIGN KEY (suggestion_id) REFERENCES purchase_suggestion...",".sql"
"BD\SelemTI_Estrucutra_Pedido_29_10_25_10_40.sql","20605","CASCADE","ALTO","ADD CONSTRAINT fk_ticket_det_cab FOREIGN KEY (ticket_id) REFERENCES ticket_venta_cab(id) ON DELET...",".sql"
"BD\SelemTI_Estrucutra_Pedido_29_10_25_10_40.sql","20677","CASCADE","ALTO","ADD CONSTRAINT inv_consumo_pos_det_consumo_id_fkey FOREIGN KEY (consumo_id) REFERENCES inv_consum...",".sql"
"BD\SelemTI_Estrucutra_Pedido_29_10_25_10_40.sql","20686","CASCADE","ALTO","ADD CONSTRAINT inv_stock_policy_item_id_foreign FOREIGN KEY (item_id) REFERENCES items(id) ON DEL...",".sql"
"BD\SelemTI_Estrucutra_Pedido_29_10_25_10_40.sql","20695","CASCADE","ALTO","ADD CONSTRAINT inv_stock_policy_sucursal_id_foreign FOREIGN KEY (sucursal_id) REFERENCES cat_sucu...",".sql"
"BD\SelemTI_Estrucutra_Pedido_29_10_25_10_40.sql","20731","CASCADE","ALTO","ADD CONSTRAINT items_category_fk FOREIGN KEY (category_id) REFERENCES item_categories(id) ON UPDA...",".sql"
"BD\SelemTI_Estrucutra_Pedido_29_10_25_10_40.sql","20812","CASCADE","ALTO","ADD CONSTRAINT model_has_permissions_permission_id_foreign FOREIGN KEY (permission_id) REFERENCES...",".sql"
"BD\SelemTI_Estrucutra_Pedido_29_10_25_10_40.sql","20821","CASCADE","ALTO","ADD CONSTRAINT model_has_roles_role_id_foreign FOREIGN KEY (role_id) REFERENCES roles(id) ON DELE...",".sql"
"BD\SelemTI_Estrucutra_Pedido_29_10_25_10_40.sql","20911","CASCADE","ALTO","ADD CONSTRAINT op_insumo_op_id_fkey FOREIGN KEY (op_id) REFERENCES op_cab(id) ON DELETE CASCADE;",".sql"
"BD\SelemTI_Estrucutra_Pedido_29_10_25_10_40.sql","20938","CASCADE","ALTO","ADD CONSTRAINT op_yield_op_id_fkey FOREIGN KEY (op_id) REFERENCES op_cab(id) ON DELETE CASCADE;",".sql"
"BD\SelemTI_Estrucutra_Pedido_29_10_25_10_40.sql","20974","CASCADE","ALTO","ADD CONSTRAINT postcorte_sesion_id_fkey FOREIGN KEY (sesion_id) REFERENCES sesion_cajon(id) ON DE...",".sql"
"BD\SelemTI_Estrucutra_Pedido_29_10_25_10_40.sql","20983","CASCADE","ALTO","ADD CONSTRAINT precorte_efectivo_precorte_id_fkey FOREIGN KEY (precorte_id) REFERENCES precorte(i...",".sql"
"BD\SelemTI_Estrucutra_Pedido_29_10_25_10_40.sql","20992","CASCADE","ALTO","ADD CONSTRAINT precorte_otros_precorte_id_fkey FOREIGN KEY (precorte_id) REFERENCES precorte(id) ...",".sql"
"BD\SelemTI_Estrucutra_Pedido_29_10_25_10_40.sql","21001","CASCADE","ALTO","ADD CONSTRAINT precorte_sesion_id_fkey FOREIGN KEY (sesion_id) REFERENCES sesion_cajon(id) ON DEL...",".sql"
"BD\SelemTI_Estrucutra_Pedido_29_10_25_10_40.sql","21019","CASCADE","ALTO","ADD CONSTRAINT prod_det_prod_id_fkey FOREIGN KEY (prod_id) REFERENCES prod_cab(id) ON DELETE CASC...",".sql"
"BD\SelemTI_Estrucutra_Pedido_29_10_25_10_40.sql","21082","CASCADE","ALTO","ADD CONSTRAINT recepcion_det_recepcion_id_fkey FOREIGN KEY (recepcion_id) REFERENCES recepcion_ca...",".sql"
"BD\SelemTI_Estrucutra_Pedido_29_10_25_10_40.sql","21145","CASCADE","ALTO","ADD CONSTRAINT role_has_permissions_permission_id_foreign FOREIGN KEY (permission_id) REFERENCES ...",".sql"
"BD\SelemTI_Estrucutra_Pedido_29_10_25_10_40.sql","21154","CASCADE","ALTO","ADD CONSTRAINT role_has_permissions_role_id_foreign FOREIGN KEY (role_id) REFERENCES roles(id) ON...",".sql"
"BD\SelemTI_Estrucutra_Pedido_29_10_25_10_40.sql","21181","CASCADE","ALTO","ADD CONSTRAINT selemti_cash_fund_movement_audit_log_movement_id_foreign FOREIGN KEY (movement_id)...",".sql"
"BD\SelemTI_Estrucutra_Pedido_29_10_25_10_40.sql","21190","CASCADE","ALTO","ADD CONSTRAINT selemti_menu_engineering_snapshots_menu_item_id_foreign FOREIGN KEY (menu_item_id)...",".sql"
"BD\SelemTI_Estrucutra_Pedido_29_10_25_10_40.sql","21199","CASCADE","ALTO","ADD CONSTRAINT selemti_menu_item_sync_map_menu_item_id_foreign FOREIGN KEY (menu_item_id) REFEREN...",".sql"
"BD\SelemTI_Estrucutra_Pedido_29_10_25_10_40.sql","21208","CASCADE","ALTO","ADD CONSTRAINT selemti_pos_sync_logs_batch_id_foreign FOREIGN KEY (batch_id) REFERENCES pos_sync_...",".sql"
"BD\SelemTI_Estrucutra_Pedido_29_10_25_10_40.sql","21217","CASCADE","ALTO","ADD CONSTRAINT selemti_report_runs_report_id_foreign FOREIGN KEY (report_id) REFERENCES report_de...",".sql"
"BD\SelemTI_Estrucutra_Pedido_29_10_25_10_40.sql","21226","CASCADE","ALTO","ADD CONSTRAINT sol_prod_det_sol_id_fkey FOREIGN KEY (sol_id) REFERENCES sol_prod_cab(id) ON DELET...",".sql"
"BD\SelemTI_Estrucutra_Pedido_29_10_25_10_40.sql","21289","CASCADE","ALTO","ADD CONSTRAINT transfer_det_transfer_id_fkey FOREIGN KEY (transfer_id) REFERENCES transfer_cab(id...",".sql"
"BD\SelemTI_Estrucutra_Pedido_29_10_25_10_40.sql","21343","CASCADE","ALTO","ADD CONSTRAINT traspaso_det_traspaso_id_fkey FOREIGN KEY (traspaso_id) REFERENCES traspaso_cab(id...",".sql"
"BD\UOM_Normalization_PG95.sql","172","CASCADE","ALTO","FOREIGN KEY (origen_id) REFERENCES cat_unidades(id) ON DELETE CASCADE;",".sql"
"BD\UOM_Normalization_PG95.sql","179","CASCADE","ALTO","FOREIGN KEY (destino_id) REFERENCES cat_unidades(id) ON DELETE CASCADE;",".sql"
"BD\Noviembre\00.SelemTI_Normalizada_29_10_25_10_40_v0.sql","18","DROP DATABASE","EXTREMO","DROP DATABASE pos;",".sql"
"BD\Noviembre\00.SelemTI_Normalizada_29_10_25_10_40_v0.sql","21717","CASCADE","ALTO","ADD CONSTRAINT caja_fondo_adj_mov_id_fkey FOREIGN KEY (mov_id) REFERENCES caja_fondo_mov(id) ON D...",".sql"
"BD\Noviembre\00.SelemTI_Normalizada_29_10_25_10_40_v0.sql","21726","CASCADE","ALTO","ADD CONSTRAINT caja_fondo_arqueo_fondo_id_fkey FOREIGN KEY (fondo_id) REFERENCES caja_fondo(id) O...",".sql"
"BD\Noviembre\00.SelemTI_Normalizada_29_10_25_10_40_v0.sql","21735","CASCADE","ALTO","ADD CONSTRAINT caja_fondo_mov_fondo_id_fkey FOREIGN KEY (fondo_id) REFERENCES caja_fondo(id) ON D...",".sql"
"BD\Noviembre\00.SelemTI_Normalizada_29_10_25_10_40_v0.sql","21744","CASCADE","ALTO","ADD CONSTRAINT caja_fondo_usuario_fondo_id_fkey FOREIGN KEY (fondo_id) REFERENCES caja_fondo(id) ...",".sql"
"BD\Noviembre\00.SelemTI_Normalizada_29_10_25_10_40_v0.sql","21753","CASCADE","ALTO","ADD CONSTRAINT cash_fund_arqueos_cash_fund_id_foreign FOREIGN KEY (cash_fund_id) REFERENCES cash_...",".sql"
"BD\Noviembre\00.SelemTI_Normalizada_29_10_25_10_40_v0.sql","21780","CASCADE","ALTO","ADD CONSTRAINT cash_fund_movements_cash_fund_id_foreign FOREIGN KEY (cash_fund_id) REFERENCES cas...",".sql"
"BD\Noviembre\00.SelemTI_Normalizada_29_10_25_10_40_v0.sql","21825","CASCADE","ALTO","ADD CONSTRAINT cat_uom_conversion_destino_id_foreign FOREIGN KEY (destino_id) REFERENCES cat_unid...",".sql"
"BD\Noviembre\00.SelemTI_Normalizada_29_10_25_10_40_v0.sql","21834","CASCADE","ALTO","ADD CONSTRAINT cat_uom_conversion_origen_id_foreign FOREIGN KEY (origen_id) REFERENCES cat_unidad...",".sql"
"BD\Noviembre\00.SelemTI_Normalizada_29_10_25_10_40_v0.sql","21843","CASCADE","ALTO","ADD CONSTRAINT conciliacion_postcorte_id_fkey FOREIGN KEY (postcorte_id) REFERENCES postcorte(id)...",".sql"
"BD\Noviembre\00.SelemTI_Normalizada_29_10_25_10_40_v0.sql","21888","CASCADE","ALTO","ADD CONSTRAINT fk_inventory_snapshot_item FOREIGN KEY (item_id) REFERENCES items(id) ON UPDATE CA...",".sql"
"BD\Noviembre\00.SelemTI_Normalizada_29_10_25_10_40_v0.sql","21897","CASCADE","ALTO","ADD CONSTRAINT fk_pos_map_receta FOREIGN KEY (receta_id) REFERENCES receta_cab(id) ON UPDATE CASC...",".sql"
"BD\Noviembre\00.SelemTI_Normalizada_29_10_25_10_40_v0.sql","21987","CASCADE","ALTO","ADD CONSTRAINT fk_psuggline_suggestion FOREIGN KEY (suggestion_id) REFERENCES purchase_suggestion...",".sql"
"BD\Noviembre\00.SelemTI_Normalizada_29_10_25_10_40_v0.sql","21996","CASCADE","ALTO","ADD CONSTRAINT fk_purchase_orders_vendor FOREIGN KEY (vendor_id) REFERENCES cat_proveedores(id) O...",".sql"
"BD\Noviembre\00.SelemTI_Normalizada_29_10_25_10_40_v0.sql","22005","CASCADE","ALTO","ADD CONSTRAINT fk_recipe_cost_snap_recipe FOREIGN KEY (recipe_id) REFERENCES receta_cab(id) ON DE...",".sql"
"BD\Noviembre\00.SelemTI_Normalizada_29_10_25_10_40_v0.sql","22023","CASCADE","ALTO","ADD CONSTRAINT fk_ticket_det_cab FOREIGN KEY (ticket_id) REFERENCES ticket_venta_cab(id) ON DELET...",".sql"
"BD\Noviembre\00.SelemTI_Normalizada_29_10_25_10_40_v0.sql","22104","CASCADE","ALTO","ADD CONSTRAINT inv_consumo_pos_det_consumo_id_fkey FOREIGN KEY (consumo_id) REFERENCES inv_consum...",".sql"
"BD\Noviembre\00.SelemTI_Normalizada_29_10_25_10_40_v0.sql","22113","CASCADE","ALTO","ADD CONSTRAINT inv_stock_policy_item_id_foreign FOREIGN KEY (item_id) REFERENCES items(id) ON DEL...",".sql"
"BD\Noviembre\00.SelemTI_Normalizada_29_10_25_10_40_v0.sql","22122","CASCADE","ALTO","ADD CONSTRAINT inv_stock_policy_sucursal_id_foreign FOREIGN KEY (sucursal_id) REFERENCES cat_sucu...",".sql"
"BD\Noviembre\00.SelemTI_Normalizada_29_10_25_10_40_v0.sql","22185","CASCADE","ALTO","ADD CONSTRAINT items_category_fk FOREIGN KEY (category_id) REFERENCES item_categories(id) ON UPDA...",".sql"
"BD\Noviembre\00.SelemTI_Normalizada_29_10_25_10_40_v0.sql","22266","CASCADE","ALTO","ADD CONSTRAINT model_has_permissions_permission_id_foreign FOREIGN KEY (permission_id) REFERENCES...",".sql"
"BD\Noviembre\00.SelemTI_Normalizada_29_10_25_10_40_v0.sql","22275","CASCADE","ALTO","ADD CONSTRAINT model_has_roles_role_id_foreign FOREIGN KEY (role_id) REFERENCES roles(id) ON DELE...",".sql"
"BD\Noviembre\00.SelemTI_Normalizada_29_10_25_10_40_v0.sql","22374","CASCADE","ALTO","ADD CONSTRAINT op_insumo_op_id_fkey FOREIGN KEY (op_id) REFERENCES op_cab(id) ON DELETE CASCADE;",".sql"
"BD\Noviembre\00.SelemTI_Normalizada_29_10_25_10_40_v0.sql","22401","CASCADE","ALTO","ADD CONSTRAINT op_yield_op_id_fkey FOREIGN KEY (op_id) REFERENCES op_cab(id) ON DELETE CASCADE;",".sql"
"BD\Noviembre\00.SelemTI_Normalizada_29_10_25_10_40_v0.sql","22437","CASCADE","ALTO","ADD CONSTRAINT postcorte_sesion_id_fkey FOREIGN KEY (sesion_id) REFERENCES sesion_cajon(id) ON DE...",".sql"
"BD\Noviembre\00.SelemTI_Normalizada_29_10_25_10_40_v0.sql","22446","CASCADE","ALTO","ADD CONSTRAINT precorte_efectivo_precorte_id_fkey FOREIGN KEY (precorte_id) REFERENCES precorte(i...",".sql"
"BD\Noviembre\00.SelemTI_Normalizada_29_10_25_10_40_v0.sql","22455","CASCADE","ALTO","ADD CONSTRAINT precorte_otros_precorte_id_fkey FOREIGN KEY (precorte_id) REFERENCES precorte(id) ...",".sql"
"BD\Noviembre\00.SelemTI_Normalizada_29_10_25_10_40_v0.sql","22464","CASCADE","ALTO","ADD CONSTRAINT precorte_sesion_id_fkey FOREIGN KEY (sesion_id) REFERENCES sesion_cajon(id) ON DEL...",".sql"
"BD\Noviembre\00.SelemTI_Normalizada_29_10_25_10_40_v0.sql","22482","CASCADE","ALTO","ADD CONSTRAINT prod_det_prod_id_fkey FOREIGN KEY (prod_id) REFERENCES prod_cab(id) ON DELETE CASC...",".sql"
"BD\Noviembre\00.SelemTI_Normalizada_29_10_25_10_40_v0.sql","22545","CASCADE","ALTO","ADD CONSTRAINT recepcion_det_recepcion_id_fkey FOREIGN KEY (recepcion_id) REFERENCES recepcion_ca...",".sql"
"BD\Noviembre\00.SelemTI_Normalizada_29_10_25_10_40_v0.sql","22608","CASCADE","ALTO","ADD CONSTRAINT role_has_permissions_permission_id_foreign FOREIGN KEY (permission_id) REFERENCES ...",".sql"
"BD\Noviembre\00.SelemTI_Normalizada_29_10_25_10_40_v0.sql","22617","CASCADE","ALTO","ADD CONSTRAINT role_has_permissions_role_id_foreign FOREIGN KEY (role_id) REFERENCES roles(id) ON...",".sql"
"BD\Noviembre\00.SelemTI_Normalizada_29_10_25_10_40_v0.sql","22644","CASCADE","ALTO","ADD CONSTRAINT selemti_cash_fund_movement_audit_log_movement_id_foreign FOREIGN KEY (movement_id)...",".sql"
"BD\Noviembre\00.SelemTI_Normalizada_29_10_25_10_40_v0.sql","22653","CASCADE","ALTO","ADD CONSTRAINT selemti_menu_engineering_snapshots_menu_item_id_foreign FOREIGN KEY (menu_item_id)...",".sql"
"BD\Noviembre\00.SelemTI_Normalizada_29_10_25_10_40_v0.sql","22662","CASCADE","ALTO","ADD CONSTRAINT selemti_menu_item_sync_map_menu_item_id_foreign FOREIGN KEY (menu_item_id) REFEREN...",".sql"
"BD\Noviembre\00.SelemTI_Normalizada_29_10_25_10_40_v0.sql","22671","CASCADE","ALTO","ADD CONSTRAINT selemti_pos_sync_logs_batch_id_foreign FOREIGN KEY (batch_id) REFERENCES pos_sync_...",".sql"
"BD\Noviembre\00.SelemTI_Normalizada_29_10_25_10_40_v0.sql","22680","CASCADE","ALTO","ADD CONSTRAINT selemti_report_runs_report_id_foreign FOREIGN KEY (report_id) REFERENCES report_de...",".sql"
"BD\Noviembre\00.SelemTI_Normalizada_29_10_25_10_40_v0.sql","22689","CASCADE","ALTO","ADD CONSTRAINT sol_prod_det_sol_id_fkey FOREIGN KEY (sol_id) REFERENCES sol_prod_cab(id) ON DELET...",".sql"
"BD\Noviembre\00.SelemTI_Normalizada_29_10_25_10_40_v0.sql","22752","CASCADE","ALTO","ADD CONSTRAINT transfer_det_transfer_id_fkey FOREIGN KEY (transfer_id) REFERENCES transfer_cab(id...",".sql"
"BD\Noviembre\00.SelemTI_Normalizada_29_10_25_10_40_v0.sql","22806","CASCADE","ALTO","ADD CONSTRAINT traspaso_det_traspaso_id_fkey FOREIGN KEY (traspaso_id) REFERENCES traspaso_cab(id...",".sql"
"BD\Noviembre\03_drop_tables_legacy.sql","38","DROP TABLE","ALTO","DROP TABLE IF EXISTS selemti.conversiones_unidad_legacy CASCADE;",".sql"
"BD\Noviembre\03_drop_tables_legacy.sql","39","DROP TABLE","ALTO","DROP TABLE IF EXISTS selemti.uom_conversion_legacy CASCADE;",".sql"
"BD\Noviembre\03_drop_tables_legacy.sql","40","DROP TABLE","ALTO","DROP TABLE IF EXISTS selemti.unidad_medida_legacy CASCADE;",".sql"
"BD\Noviembre\03_drop_tables_legacy.sql","41","DROP TABLE","ALTO","DROP TABLE IF EXISTS selemti.unidades_medida_legacy CASCADE;",".sql"
"BD\Noviembre\04_drop_tables_catalogs_empty.sql","44","DROP TABLE","ALTO","DROP TABLE IF EXISTS selemti.sucursal CASCADE;",".sql"
"BD\Noviembre\04_drop_tables_catalogs_empty.sql","45","DROP TABLE","ALTO","DROP TABLE IF EXISTS selemti.almacen CASCADE;",".sql"
"BD\Noviembre\04_drop_tables_catalogs_empty.sql","46","DROP TABLE","ALTO","DROP TABLE IF EXISTS selemti.proveedor CASCADE;",".sql"
"BD\Noviembre\04_drop_tables_catalogs_empty.sql","47","DROP TABLE","ALTO","DROP TABLE IF EXISTS selemti.receta CASCADE;",".sql"
"BD\Noviembre\04_drop_tables_catalogs_empty.sql","48","DROP TABLE","ALTO","DROP TABLE IF EXISTS selemti.receta_cab CASCADE;",".sql"
"BD\Noviembre\05_drop_tables_cash_fund_empty.sql","31","DROP TABLE","ALTO","DROP TABLE IF EXISTS selemti.caja_fondo CASCADE;",".sql"
"BD\Noviembre\05_drop_tables_cash_fund_empty.sql","32","DROP TABLE","ALTO","DROP TABLE IF EXISTS selemti.cash_funds CASCADE;",".sql"
"BD\Noviembre\06_drop_tables_users_roles.sql","40","DROP TABLE","ALTO","DROP TABLE IF EXISTS selemti.usuario CASCADE;",".sql"
"BD\Noviembre\06_drop_tables_users_roles.sql","43","DROP TABLE","ALTO","DROP TABLE IF EXISTS selemti.rol CASCADE;",".sql"
"BD\Noviembre\10_migrar_items_a_cat_unidades.sql","58","CASCADE","ALTO","ON UPDATE CASCADE",".sql"
"BD\Noviembre\10_migrar_items_a_cat_unidades.sql","66","CASCADE","ALTO","ON UPDATE CASCADE",".sql"
"BD\Noviembre\10_migrar_items_a_cat_unidades.sql","74","CASCADE","ALTO","ON UPDATE CASCADE",".sql"
"BD\Noviembre\drop_legacy_safe.sql","33","DROP TABLE","ALTO","DROP TABLE IF EXISTS selemti.conversiones_unidad_legacy CASCADE;",".sql"
"BD\Noviembre\drop_legacy_safe.sql","34","DROP TABLE","ALTO","DROP TABLE IF EXISTS selemti.uom_conversion_legacy CASCADE;",".sql"
"BD\Noviembre\drop_legacy_safe.sql","35","DROP TABLE","ALTO","DROP TABLE IF EXISTS selemti.unidad_medida_legacy CASCADE;",".sql"
"BD\Noviembre\drop_legacy_safe.sql","36","DROP TABLE","ALTO","DROP TABLE IF EXISTS selemti.unidades_medida_legacy CASCADE;",".sql"
"BD\Noviembre\drop_legacy_safe.sql","85","DROP TABLE","ALTO","DROP TABLE IF EXISTS selemti.usuario CASCADE;",".sql"
"BD\Noviembre\drop_legacy_safe.sql","86","DROP TABLE","ALTO","DROP TABLE IF EXISTS selemti.rol CASCADE;",".sql"
"BD\Noviembre\drop_legacy_safe.sql","87","DROP TABLE","ALTO","DROP TABLE IF EXISTS selemti.user_roles CASCADE;",".sql"
"BD\Noviembre\drop_legacy_safe.sql","119","CASCADE","ALTO","RAISE NOTICE '    Se usará CASCADE para eliminarlas';",".sql"
"BD\Noviembre\drop_legacy_safe.sql","125","DROP TABLE","ALTO","DROP TABLE IF EXISTS selemti.sucursal CASCADE;",".sql"
"BD\Noviembre\drop_legacy_safe.sql","126","DROP TABLE","ALTO","DROP TABLE IF EXISTS selemti.proveedor CASCADE;",".sql"
"BD\Noviembre\drop_legacy_safe.sql","127","DROP TABLE","ALTO","DROP TABLE IF EXISTS selemti.almacen CASCADE;",".sql"
"BD\Noviembre\drop_legacy_safe.sql","128","DROP TABLE","ALTO","DROP TABLE IF EXISTS selemti.bodega CASCADE;",".sql"
"BD\Noviembre\drop_legacy_safe.sql","145","DROP TABLE","ALTO","DROP TABLE IF EXISTS selemti.insumo CASCADE;",".sql"
"BD\Noviembre\drop_legacy_safe.sql","146","DROP TABLE","ALTO","DROP TABLE IF EXISTS selemti.lote CASCADE;",".sql"
"BD\Noviembre\drop_legacy_safe.sql","147","DROP TABLE","ALTO","DROP TABLE IF EXISTS selemti.merma CASCADE;",".sql"
"BD\Noviembre\drop_legacy_safe.sql","148","DROP TABLE","ALTO","DROP TABLE IF EXISTS selemti.stock_policy CASCADE;",".sql"
"BD\Noviembre\drop_legacy_safe.sql","165","DROP TABLE","ALTO","DROP TABLE IF EXISTS selemti.traspaso_det CASCADE;",".sql"
"BD\Noviembre\drop_legacy_safe.sql","166","DROP TABLE","ALTO","DROP TABLE IF EXISTS selemti.traspaso_cab CASCADE;",".sql"
"BD\Noviembre\drop_legacy_safe.sql","185","DROP TABLE","ALTO","DROP TABLE IF EXISTS selemti.sol_prod_det CASCADE;",".sql"
"BD\Noviembre\drop_legacy_safe.sql","186","DROP TABLE","ALTO","DROP TABLE IF EXISTS selemti.op_insumo CASCADE;",".sql"
"BD\Noviembre\drop_legacy_safe.sql","187","DROP TABLE","ALTO","DROP TABLE IF EXISTS selemti.prod_det CASCADE;",".sql"
"BD\Noviembre\drop_legacy_safe.sql","190","DROP TABLE","ALTO","DROP TABLE IF EXISTS selemti.sol_prod_cab CASCADE;",".sql"
"BD\Noviembre\drop_legacy_safe.sql","191","DROP TABLE","ALTO","DROP TABLE IF EXISTS selemti.op_produccion_cab CASCADE;",".sql"
"BD\Noviembre\drop_legacy_safe.sql","192","DROP TABLE","ALTO","DROP TABLE IF EXISTS selemti.op_cab CASCADE;",".sql"
"BD\Noviembre\drop_legacy_safe.sql","193","DROP TABLE","ALTO","DROP TABLE IF EXISTS selemti.prod_cab CASCADE;",".sql"
"BD\Noviembre\drop_legacy_safe.sql","196","DROP TABLE","ALTO","DROP TABLE IF EXISTS selemti.op_yield CASCADE;",".sql"
"BD\Noviembre\drop_legacy_safe.sql","214","DROP TABLE","ALTO","DROP TABLE IF EXISTS selemti.receta_insumo CASCADE;",".sql"
"BD\Noviembre\drop_legacy_safe.sql","215","DROP TABLE","ALTO","DROP TABLE IF EXISTS selemti.receta_det CASCADE;",".sql"
"BD\Noviembre\drop_legacy_safe.sql","216","DROP TABLE","ALTO","DROP TABLE IF EXISTS selemti.receta_version CASCADE;",".sql"
"BD\Noviembre\drop_legacy_safe.sql","217","DROP TABLE","ALTO","DROP TABLE IF EXISTS selemti.receta_shadow CASCADE;",".sql"
"BD\Noviembre\drop_legacy_safe.sql","220","DROP TABLE","ALTO","DROP TABLE IF EXISTS selemti.receta_cab CASCADE;",".sql"
"BD\Noviembre\drop_legacy_safe.sql","221","DROP TABLE","ALTO","DROP TABLE IF EXISTS selemti.receta CASCADE;",".sql"
"BD\Noviembre\drop_legacy_safe.sql","239","DROP TABLE","ALTO","DROP TABLE IF EXISTS selemti.caja_fondo_mov CASCADE;",".sql"
"BD\Noviembre\drop_legacy_safe.sql","240","DROP TABLE","ALTO","DROP TABLE IF EXISTS selemti.caja_fondo_arqueo CASCADE;",".sql"
"BD\Noviembre\drop_legacy_safe.sql","241","DROP TABLE","ALTO","DROP TABLE IF EXISTS selemti.caja_fondo_adj CASCADE;",".sql"
"BD\Noviembre\drop_legacy_safe.sql","244","DROP TABLE","ALTO","DROP TABLE IF EXISTS selemti.caja_fondo CASCADE;",".sql"
"BD\Noviembre\drop_legacy_safe.sql","263","DROP TABLE","ALTO","DROP TABLE IF EXISTS selemti.audit_log CASCADE;",".sql"
"BD\Noviembre\05-11-2025\00.SelemTI_Public_Vacio_05_11_2025_v1.sql","26053","CASCADE","ALTO","ADD CONSTRAINT caja_fondo_adj_mov_id_fkey FOREIGN KEY (mov_id) REFERENCES caja_fondo_mov(id) ON D...",".sql"
"BD\Noviembre\05-11-2025\00.SelemTI_Public_Vacio_05_11_2025_v1.sql","26062","CASCADE","ALTO","ADD CONSTRAINT caja_fondo_arqueo_fondo_id_fkey FOREIGN KEY (fondo_id) REFERENCES caja_fondo(id) O...",".sql"
"BD\Noviembre\05-11-2025\00.SelemTI_Public_Vacio_05_11_2025_v1.sql","26071","CASCADE","ALTO","ADD CONSTRAINT caja_fondo_mov_fondo_id_fkey FOREIGN KEY (fondo_id) REFERENCES caja_fondo(id) ON D...",".sql"
"BD\Noviembre\05-11-2025\00.SelemTI_Public_Vacio_05_11_2025_v1.sql","26080","CASCADE","ALTO","ADD CONSTRAINT caja_fondo_usuario_fondo_id_fkey FOREIGN KEY (fondo_id) REFERENCES caja_fondo(id) ...",".sql"
"BD\Noviembre\05-11-2025\00.SelemTI_Public_Vacio_05_11_2025_v1.sql","26089","CASCADE","ALTO","ADD CONSTRAINT cash_fund_arqueos_cash_fund_id_foreign FOREIGN KEY (cash_fund_id) REFERENCES cash_...",".sql"
"BD\Noviembre\05-11-2025\00.SelemTI_Public_Vacio_05_11_2025_v1.sql","26116","CASCADE","ALTO","ADD CONSTRAINT cash_fund_movements_cash_fund_id_foreign FOREIGN KEY (cash_fund_id) REFERENCES cas...",".sql"
"BD\Noviembre\05-11-2025\00.SelemTI_Public_Vacio_05_11_2025_v1.sql","26161","CASCADE","ALTO","ADD CONSTRAINT cat_uom_conversion_destino_id_foreign FOREIGN KEY (destino_id) REFERENCES cat_unid...",".sql"
"BD\Noviembre\05-11-2025\00.SelemTI_Public_Vacio_05_11_2025_v1.sql","26170","CASCADE","ALTO","ADD CONSTRAINT cat_uom_conversion_origen_id_foreign FOREIGN KEY (origen_id) REFERENCES cat_unidad...",".sql"
"BD\Noviembre\05-11-2025\00.SelemTI_Public_Vacio_05_11_2025_v1.sql","26179","CASCADE","ALTO","ADD CONSTRAINT conciliacion_postcorte_id_fkey FOREIGN KEY (postcorte_id) REFERENCES postcorte(id)...",".sql"
"BD\Noviembre\05-11-2025\00.SelemTI_Public_Vacio_05_11_2025_v1.sql","26224","CASCADE","ALTO","ADD CONSTRAINT fk_inventory_snapshot_item FOREIGN KEY (item_id) REFERENCES items(id) ON UPDATE CA...",".sql"
"BD\Noviembre\05-11-2025\00.SelemTI_Public_Vacio_05_11_2025_v1.sql","26233","CASCADE","ALTO","ADD CONSTRAINT fk_pos_map_receta FOREIGN KEY (receta_id) REFERENCES receta_cab(id) ON UPDATE CASC...",".sql"
"BD\Noviembre\05-11-2025\00.SelemTI_Public_Vacio_05_11_2025_v1.sql","26323","CASCADE","ALTO","ADD CONSTRAINT fk_psuggline_suggestion FOREIGN KEY (suggestion_id) REFERENCES purchase_suggestion...",".sql"
"BD\Noviembre\05-11-2025\00.SelemTI_Public_Vacio_05_11_2025_v1.sql","26332","CASCADE","ALTO","ADD CONSTRAINT fk_purchase_orders_vendor FOREIGN KEY (vendor_id) REFERENCES cat_proveedores(id) O...",".sql"
"BD\Noviembre\05-11-2025\00.SelemTI_Public_Vacio_05_11_2025_v1.sql","26341","CASCADE","ALTO","ADD CONSTRAINT fk_recipe_cost_snap_recipe FOREIGN KEY (recipe_id) REFERENCES receta_cab(id) ON DE...",".sql"
"BD\Noviembre\05-11-2025\00.SelemTI_Public_Vacio_05_11_2025_v1.sql","26359","CASCADE","ALTO","ADD CONSTRAINT fk_ticket_det_cab FOREIGN KEY (ticket_id) REFERENCES ticket_venta_cab(id) ON DELET...",".sql"
"BD\Noviembre\05-11-2025\00.SelemTI_Public_Vacio_05_11_2025_v1.sql","26440","CASCADE","ALTO","ADD CONSTRAINT inv_consumo_pos_det_consumo_id_fkey FOREIGN KEY (consumo_id) REFERENCES inv_consum...",".sql"
"BD\Noviembre\05-11-2025\00.SelemTI_Public_Vacio_05_11_2025_v1.sql","26449","CASCADE","ALTO","ADD CONSTRAINT inv_stock_policy_item_id_foreign FOREIGN KEY (item_id) REFERENCES items(id) ON DEL...",".sql"
"BD\Noviembre\05-11-2025\00.SelemTI_Public_Vacio_05_11_2025_v1.sql","26458","CASCADE","ALTO","ADD CONSTRAINT inv_stock_policy_sucursal_id_foreign FOREIGN KEY (sucursal_id) REFERENCES cat_sucu...",".sql"
"BD\Noviembre\05-11-2025\00.SelemTI_Public_Vacio_05_11_2025_v1.sql","26521","CASCADE","ALTO","ADD CONSTRAINT items_category_fk FOREIGN KEY (category_id) REFERENCES item_categories(id) ON UPDA...",".sql"
"BD\Noviembre\05-11-2025\00.SelemTI_Public_Vacio_05_11_2025_v1.sql","26530","CASCADE","ALTO","ADD CONSTRAINT items_unidad_compra_id_fkey FOREIGN KEY (unidad_compra_id) REFERENCES cat_unidades...",".sql"
"BD\Noviembre\05-11-2025\00.SelemTI_Public_Vacio_05_11_2025_v1.sql","26539","CASCADE","ALTO","ADD CONSTRAINT items_unidad_medida_id_fkey FOREIGN KEY (unidad_medida_id) REFERENCES cat_unidades...",".sql"
"BD\Noviembre\05-11-2025\00.SelemTI_Public_Vacio_05_11_2025_v1.sql","26548","CASCADE","ALTO","ADD CONSTRAINT items_unidad_salida_id_fkey FOREIGN KEY (unidad_salida_id) REFERENCES cat_unidades...",".sql"
"BD\Noviembre\05-11-2025\00.SelemTI_Public_Vacio_05_11_2025_v1.sql","26602","CASCADE","ALTO","ADD CONSTRAINT model_has_permissions_permission_id_foreign FOREIGN KEY (permission_id) REFERENCES...",".sql"
"BD\Noviembre\05-11-2025\00.SelemTI_Public_Vacio_05_11_2025_v1.sql","26611","CASCADE","ALTO","ADD CONSTRAINT model_has_roles_role_id_foreign FOREIGN KEY (role_id) REFERENCES roles(id) ON DELE...",".sql"
"BD\Noviembre\05-11-2025\00.SelemTI_Public_Vacio_05_11_2025_v1.sql","26710","CASCADE","ALTO","ADD CONSTRAINT op_insumo_op_id_fkey FOREIGN KEY (op_id) REFERENCES op_cab(id) ON DELETE CASCADE;",".sql"
"BD\Noviembre\05-11-2025\00.SelemTI_Public_Vacio_05_11_2025_v1.sql","26737","CASCADE","ALTO","ADD CONSTRAINT op_yield_op_id_fkey FOREIGN KEY (op_id) REFERENCES op_cab(id) ON DELETE CASCADE;",".sql"
"BD\Noviembre\05-11-2025\00.SelemTI_Public_Vacio_05_11_2025_v1.sql","26773","CASCADE","ALTO","ADD CONSTRAINT postcorte_sesion_id_fkey FOREIGN KEY (sesion_id) REFERENCES sesion_cajon(id) ON DE...",".sql"
"BD\Noviembre\05-11-2025\00.SelemTI_Public_Vacio_05_11_2025_v1.sql","26782","CASCADE","ALTO","ADD CONSTRAINT precorte_efectivo_precorte_id_fkey FOREIGN KEY (precorte_id) REFERENCES precorte(i...",".sql"
"BD\Noviembre\05-11-2025\00.SelemTI_Public_Vacio_05_11_2025_v1.sql","26791","CASCADE","ALTO","ADD CONSTRAINT precorte_otros_precorte_id_fkey FOREIGN KEY (precorte_id) REFERENCES precorte(id) ...",".sql"
"BD\Noviembre\05-11-2025\00.SelemTI_Public_Vacio_05_11_2025_v1.sql","26800","CASCADE","ALTO","ADD CONSTRAINT precorte_sesion_id_fkey FOREIGN KEY (sesion_id) REFERENCES sesion_cajon(id) ON DEL...",".sql"
"BD\Noviembre\05-11-2025\00.SelemTI_Public_Vacio_05_11_2025_v1.sql","26818","CASCADE","ALTO","ADD CONSTRAINT prod_det_prod_id_fkey FOREIGN KEY (prod_id) REFERENCES prod_cab(id) ON DELETE CASC...",".sql"
"BD\Noviembre\05-11-2025\00.SelemTI_Public_Vacio_05_11_2025_v1.sql","26881","CASCADE","ALTO","ADD CONSTRAINT recepcion_det_recepcion_id_fkey FOREIGN KEY (recepcion_id) REFERENCES recepcion_ca...",".sql"
"BD\Noviembre\05-11-2025\00.SelemTI_Public_Vacio_05_11_2025_v1.sql","26944","CASCADE","ALTO","ADD CONSTRAINT role_has_permissions_permission_id_foreign FOREIGN KEY (permission_id) REFERENCES ...",".sql"
"BD\Noviembre\05-11-2025\00.SelemTI_Public_Vacio_05_11_2025_v1.sql","26953","CASCADE","ALTO","ADD CONSTRAINT role_has_permissions_role_id_foreign FOREIGN KEY (role_id) REFERENCES roles(id) ON...",".sql"
"BD\Noviembre\05-11-2025\00.SelemTI_Public_Vacio_05_11_2025_v1.sql","26980","CASCADE","ALTO","ADD CONSTRAINT selemti_cash_fund_movement_audit_log_movement_id_foreign FOREIGN KEY (movement_id)...",".sql"
"BD\Noviembre\05-11-2025\00.SelemTI_Public_Vacio_05_11_2025_v1.sql","26989","CASCADE","ALTO","ADD CONSTRAINT selemti_menu_engineering_snapshots_menu_item_id_foreign FOREIGN KEY (menu_item_id)...",".sql"
"BD\Noviembre\05-11-2025\00.SelemTI_Public_Vacio_05_11_2025_v1.sql","26998","CASCADE","ALTO","ADD CONSTRAINT selemti_menu_item_sync_map_menu_item_id_foreign FOREIGN KEY (menu_item_id) REFEREN...",".sql"
"BD\Noviembre\05-11-2025\00.SelemTI_Public_Vacio_05_11_2025_v1.sql","27007","CASCADE","ALTO","ADD CONSTRAINT selemti_pos_sync_logs_batch_id_foreign FOREIGN KEY (batch_id) REFERENCES pos_sync_...",".sql"
"BD\Noviembre\05-11-2025\00.SelemTI_Public_Vacio_05_11_2025_v1.sql","27016","CASCADE","ALTO","ADD CONSTRAINT selemti_report_runs_report_id_foreign FOREIGN KEY (report_id) REFERENCES report_de...",".sql"
"BD\Noviembre\05-11-2025\00.SelemTI_Public_Vacio_05_11_2025_v1.sql","27025","CASCADE","ALTO","ADD CONSTRAINT sol_prod_det_sol_id_fkey FOREIGN KEY (sol_id) REFERENCES sol_prod_cab(id) ON DELET...",".sql"
"BD\Noviembre\05-11-2025\00.SelemTI_Public_Vacio_05_11_2025_v1.sql","27088","CASCADE","ALTO","ADD CONSTRAINT transfer_det_transfer_id_fkey FOREIGN KEY (transfer_id) REFERENCES transfer_cab(id...",".sql"
"BD\Noviembre\05-11-2025\00.SelemTI_Public_Vacio_05_11_2025_v1.sql","27142","CASCADE","ALTO","ADD CONSTRAINT traspaso_det_traspaso_id_fkey FOREIGN KEY (traspaso_id) REFERENCES traspaso_cab(id...",".sql"
"BD\Noviembre\10_11_2025\00.Migra_estructura_05_11_2025_v1.sql","22230","CASCADE","ALTO","ADD CONSTRAINT ""caja_fondo_adj_mov_id_fkey"" FOREIGN KEY (""mov_id"") REFERENCES ""caja_fondo_mov""(""i...",".sql"
"BD\Noviembre\10_11_2025\00.Migra_estructura_05_11_2025_v1.sql","22239","CASCADE","ALTO","ADD CONSTRAINT ""caja_fondo_arqueo_fondo_id_fkey"" FOREIGN KEY (""fondo_id"") REFERENCES ""caja_fondo""...",".sql"
"BD\Noviembre\10_11_2025\00.Migra_estructura_05_11_2025_v1.sql","22248","CASCADE","ALTO","ADD CONSTRAINT ""caja_fondo_mov_fondo_id_fkey"" FOREIGN KEY (""fondo_id"") REFERENCES ""caja_fondo""(""i...",".sql"
"BD\Noviembre\10_11_2025\00.Migra_estructura_05_11_2025_v1.sql","22257","CASCADE","ALTO","ADD CONSTRAINT ""caja_fondo_usuario_fondo_id_fkey"" FOREIGN KEY (""fondo_id"") REFERENCES ""caja_fondo...",".sql"
"BD\Noviembre\10_11_2025\00.Migra_estructura_05_11_2025_v1.sql","22266","CASCADE","ALTO","ADD CONSTRAINT ""cash_fund_arqueos_cash_fund_id_foreign"" FOREIGN KEY (""cash_fund_id"") REFERENCES ""...",".sql"
"BD\Noviembre\10_11_2025\00.Migra_estructura_05_11_2025_v1.sql","22293","CASCADE","ALTO","ADD CONSTRAINT ""cash_fund_movements_cash_fund_id_foreign"" FOREIGN KEY (""cash_fund_id"") REFERENCES...",".sql"
"BD\Noviembre\10_11_2025\00.Migra_estructura_05_11_2025_v1.sql","22338","CASCADE","ALTO","ADD CONSTRAINT ""cat_uom_conversion_destino_id_foreign"" FOREIGN KEY (""destino_id"") REFERENCES ""cat...",".sql"
"BD\Noviembre\10_11_2025\00.Migra_estructura_05_11_2025_v1.sql","22347","CASCADE","ALTO","ADD CONSTRAINT ""cat_uom_conversion_origen_id_foreign"" FOREIGN KEY (""origen_id"") REFERENCES ""cat_u...",".sql"
"BD\Noviembre\10_11_2025\00.Migra_estructura_05_11_2025_v1.sql","22356","CASCADE","ALTO","ADD CONSTRAINT ""conciliacion_postcorte_id_fkey"" FOREIGN KEY (""postcorte_id"") REFERENCES ""postcort...",".sql"
"BD\Noviembre\10_11_2025\00.Migra_estructura_05_11_2025_v1.sql","22401","CASCADE","ALTO","ADD CONSTRAINT ""fk_inventory_snapshot_item"" FOREIGN KEY (""item_id"") REFERENCES ""items""(""id"") ON U...",".sql"
"BD\Noviembre\10_11_2025\00.Migra_estructura_05_11_2025_v1.sql","22410","CASCADE","ALTO","ADD CONSTRAINT ""fk_pos_map_receta"" FOREIGN KEY (""receta_id"") REFERENCES ""receta_cab""(""id"") ON UPD...",".sql"
"BD\Noviembre\10_11_2025\00.Migra_estructura_05_11_2025_v1.sql","22500","CASCADE","ALTO","ADD CONSTRAINT ""fk_psuggline_suggestion"" FOREIGN KEY (""suggestion_id"") REFERENCES ""purchase_sugge...",".sql"
"BD\Noviembre\10_11_2025\00.Migra_estructura_05_11_2025_v1.sql","22509","CASCADE","ALTO","ADD CONSTRAINT ""fk_purchase_orders_vendor"" FOREIGN KEY (""vendor_id"") REFERENCES ""cat_proveedores""...",".sql"
"BD\Noviembre\10_11_2025\00.Migra_estructura_05_11_2025_v1.sql","22518","CASCADE","ALTO","ADD CONSTRAINT ""fk_recipe_cost_snap_recipe"" FOREIGN KEY (""recipe_id"") REFERENCES ""receta_cab""(""id...",".sql"
"BD\Noviembre\10_11_2025\00.Migra_estructura_05_11_2025_v1.sql","22536","CASCADE","ALTO","ADD CONSTRAINT ""fk_ticket_det_cab"" FOREIGN KEY (""ticket_id"") REFERENCES ""ticket_venta_cab""(""id"") ...",".sql"
"BD\Noviembre\10_11_2025\00.Migra_estructura_05_11_2025_v1.sql","22617","CASCADE","ALTO","ADD CONSTRAINT ""inv_consumo_pos_det_consumo_id_fkey"" FOREIGN KEY (""consumo_id"") REFERENCES ""inv_c...",".sql"
"BD\Noviembre\10_11_2025\00.Migra_estructura_05_11_2025_v1.sql","22626","CASCADE","ALTO","ADD CONSTRAINT ""inv_stock_policy_item_id_foreign"" FOREIGN KEY (""item_id"") REFERENCES ""items""(""id""...",".sql"
"BD\Noviembre\10_11_2025\00.Migra_estructura_05_11_2025_v1.sql","22635","CASCADE","ALTO","ADD CONSTRAINT ""inv_stock_policy_sucursal_id_foreign"" FOREIGN KEY (""sucursal_id"") REFERENCES ""cat...",".sql"
"BD\Noviembre\10_11_2025\00.Migra_estructura_05_11_2025_v1.sql","22698","CASCADE","ALTO","ADD CONSTRAINT ""items_category_fk"" FOREIGN KEY (""category_id"") REFERENCES ""item_categories""(""id"")...",".sql"
"BD\Noviembre\10_11_2025\00.Migra_estructura_05_11_2025_v1.sql","22707","CASCADE","ALTO","ADD CONSTRAINT ""items_unidad_compra_id_fkey"" FOREIGN KEY (""unidad_compra_id"") REFERENCES ""cat_uni...",".sql"
"BD\Noviembre\10_11_2025\00.Migra_estructura_05_11_2025_v1.sql","22716","CASCADE","ALTO","ADD CONSTRAINT ""items_unidad_medida_id_fkey"" FOREIGN KEY (""unidad_medida_id"") REFERENCES ""cat_uni...",".sql"
"BD\Noviembre\10_11_2025\00.Migra_estructura_05_11_2025_v1.sql","22725","CASCADE","ALTO","ADD CONSTRAINT ""items_unidad_salida_id_fkey"" FOREIGN KEY (""unidad_salida_id"") REFERENCES ""cat_uni...",".sql"
"BD\Noviembre\10_11_2025\00.Migra_estructura_05_11_2025_v1.sql","22779","CASCADE","ALTO","ADD CONSTRAINT ""model_has_permissions_permission_id_foreign"" FOREIGN KEY (""permission_id"") REFERE...",".sql"
"BD\Noviembre\10_11_2025\00.Migra_estructura_05_11_2025_v1.sql","22788","CASCADE","ALTO","ADD CONSTRAINT ""model_has_roles_role_id_foreign"" FOREIGN KEY (""role_id"") REFERENCES ""roles""(""id"")...",".sql"
"BD\Noviembre\10_11_2025\00.Migra_estructura_05_11_2025_v1.sql","22887","CASCADE","ALTO","ADD CONSTRAINT ""op_insumo_op_id_fkey"" FOREIGN KEY (""op_id"") REFERENCES ""op_cab""(""id"") ON DELETE C...",".sql"
"BD\Noviembre\10_11_2025\00.Migra_estructura_05_11_2025_v1.sql","22914","CASCADE","ALTO","ADD CONSTRAINT ""op_yield_op_id_fkey"" FOREIGN KEY (""op_id"") REFERENCES ""op_cab""(""id"") ON DELETE CA...",".sql"
"BD\Noviembre\10_11_2025\00.Migra_estructura_05_11_2025_v1.sql","22950","CASCADE","ALTO","ADD CONSTRAINT ""postcorte_sesion_id_fkey"" FOREIGN KEY (""sesion_id"") REFERENCES ""sesion_cajon""(""id...",".sql"
"BD\Noviembre\10_11_2025\00.Migra_estructura_05_11_2025_v1.sql","22959","CASCADE","ALTO","ADD CONSTRAINT ""precorte_efectivo_precorte_id_fkey"" FOREIGN KEY (""precorte_id"") REFERENCES ""preco...",".sql"
"BD\Noviembre\10_11_2025\00.Migra_estructura_05_11_2025_v1.sql","22968","CASCADE","ALTO","ADD CONSTRAINT ""precorte_otros_precorte_id_fkey"" FOREIGN KEY (""precorte_id"") REFERENCES ""precorte...",".sql"
"BD\Noviembre\10_11_2025\00.Migra_estructura_05_11_2025_v1.sql","22977","CASCADE","ALTO","ADD CONSTRAINT ""precorte_sesion_id_fkey"" FOREIGN KEY (""sesion_id"") REFERENCES ""sesion_cajon""(""id""...",".sql"
"BD\Noviembre\10_11_2025\00.Migra_estructura_05_11_2025_v1.sql","22995","CASCADE","ALTO","ADD CONSTRAINT ""prod_det_prod_id_fkey"" FOREIGN KEY (""prod_id"") REFERENCES ""prod_cab""(""id"") ON DEL...",".sql"
"BD\Noviembre\10_11_2025\00.Migra_estructura_05_11_2025_v1.sql","23058","CASCADE","ALTO","ADD CONSTRAINT ""recepcion_det_recepcion_id_fkey"" FOREIGN KEY (""recepcion_id"") REFERENCES ""recepci...",".sql"
"BD\Noviembre\10_11_2025\00.Migra_estructura_05_11_2025_v1.sql","23121","CASCADE","ALTO","ADD CONSTRAINT ""role_has_permissions_permission_id_foreign"" FOREIGN KEY (""permission_id"") REFEREN...",".sql"
"BD\Noviembre\10_11_2025\00.Migra_estructura_05_11_2025_v1.sql","23130","CASCADE","ALTO","ADD CONSTRAINT ""role_has_permissions_role_id_foreign"" FOREIGN KEY (""role_id"") REFERENCES ""roles""(...",".sql"
"BD\Noviembre\10_11_2025\00.Migra_estructura_05_11_2025_v1.sql","23157","CASCADE","ALTO","ADD CONSTRAINT ""selemti_cash_fund_movement_audit_log_movement_id_foreign"" FOREIGN KEY (""movement_...",".sql"
"BD\Noviembre\10_11_2025\00.Migra_estructura_05_11_2025_v1.sql","23166","CASCADE","ALTO","ADD CONSTRAINT ""selemti_menu_engineering_snapshots_menu_item_id_foreign"" FOREIGN KEY (""menu_item_...",".sql"
"BD\Noviembre\10_11_2025\00.Migra_estructura_05_11_2025_v1.sql","23175","CASCADE","ALTO","ADD CONSTRAINT ""selemti_menu_item_sync_map_menu_item_id_foreign"" FOREIGN KEY (""menu_item_id"") REF...",".sql"
"BD\Noviembre\10_11_2025\00.Migra_estructura_05_11_2025_v1.sql","23184","CASCADE","ALTO","ADD CONSTRAINT ""selemti_pos_sync_logs_batch_id_foreign"" FOREIGN KEY (""batch_id"") REFERENCES ""pos_...",".sql"
"BD\Noviembre\10_11_2025\00.Migra_estructura_05_11_2025_v1.sql","23193","CASCADE","ALTO","ADD CONSTRAINT ""selemti_report_runs_report_id_foreign"" FOREIGN KEY (""report_id"") REFERENCES ""repo...",".sql"
"BD\Noviembre\10_11_2025\00.Migra_estructura_05_11_2025_v1.sql","23202","CASCADE","ALTO","ADD CONSTRAINT ""sol_prod_det_sol_id_fkey"" FOREIGN KEY (""sol_id"") REFERENCES ""sol_prod_cab""(""id"") ...",".sql"
"BD\Noviembre\10_11_2025\00.Migra_estructura_05_11_2025_v1.sql","23265","CASCADE","ALTO","ADD CONSTRAINT ""transfer_det_transfer_id_fkey"" FOREIGN KEY (""transfer_id"") REFERENCES ""transfer_c...",".sql"
"BD\Noviembre\10_11_2025\00.Migra_estructura_05_11_2025_v1.sql","23319","CASCADE","ALTO","ADD CONSTRAINT ""traspaso_det_traspaso_id_fkey"" FOREIGN KEY (""traspaso_id"") REFERENCES ""traspaso_c...",".sql"
"BD\Noviembre\10_11_2025\ADD_APROBACION_POSTCORTE.sql","52","CASCADE","ALTO","postcorte_id BIGINT REFERENCES selemti.postcorte(id) ON DELETE CASCADE,",".sql"
"BD\Noviembre\10_11_2025\ADD_APROBACION_POSTCORTE.sql","53","CASCADE","ALTO","sesion_id BIGINT REFERENCES selemti.sesion_cajon(id) ON DELETE CASCADE,",".sql"
"BD\Noviembre\10_11_2025\CREATE_VW_SESION_DPR.sql","8","CASCADE","ALTO","DROP VIEW IF EXISTS selemti.vw_sesion_dpr CASCADE;",".sql"
"BD\Noviembre\fix_tickets\02_backup_vw_ticket_base_original.sql","10","CASCADE","ALTO","DROP VIEW IF EXISTS public.vw_ticket_base CASCADE;",".sql"
"BD\Noviembre\fix_tickets\03_corregir_vw_ticket_base.sql","24","CASCADE","ALTO","-- Eliminar vista actual (con CASCADE para eliminar dependencias)",".sql"
"BD\Noviembre\fix_tickets\03_corregir_vw_ticket_base.sql","25","CASCADE","ALTO","DROP VIEW IF EXISTS public.vw_ticket_base CASCADE;",".sql"
"BD\Noviembre\fix_tickets\04_cierre_masivo_tickets_pagados.sql","236","DROP TABLE","ALTO","-- DROP TABLE IF EXISTS public.backup_tickets_cierre_masivo_20251106;",".sql"
"BD\Noviembre\VentasReport\v8\cleanup_views.sql","2","CASCADE","ALTO","-- Terrena · Reportes de Ventas - Script Corregido con CASCADE",".sql"
"BD\Noviembre\VentasReport\v8\cleanup_views.sql","8","CASCADE","ALTO","DROP VIEW IF EXISTS public.vw_diag_drawer_vs_cash_transactions CASCADE;",".sql"
"BD\Noviembre\VentasReport\v8\cleanup_views.sql","9","CASCADE","ALTO","DROP VIEW IF EXISTS public.vw_daily_diagnostics_summary CASCADE;",".sql"
"BD\Noviembre\VentasReport\v8\cleanup_views.sql","10","CASCADE","ALTO","DROP VIEW IF EXISTS public.vw_item_mods_detailed_today CASCADE;",".sql"
"BD\Noviembre\VentasReport\v8\cleanup_views.sql","11","CASCADE","ALTO","DROP VIEW IF EXISTS public.vw_item_mods_daily_summary CASCADE;",".sql"
"BD\Noviembre\VentasReport\v8\cleanup_views.sql","12","CASCADE","ALTO","DROP VIEW IF EXISTS public.vw_item_mods_by_item_today CASCADE;",".sql"
"BD\Noviembre\VentasReport\v8\cleanup_views.sql","13","CASCADE","ALTO","DROP VIEW IF EXISTS public.vw_sales_mix_payment_today CASCADE;",".sql"
"BD\Noviembre\VentasReport\v8\cleanup_views.sql","16","CASCADE","ALTO","DROP FUNCTION IF EXISTS public.f_diag_drawer_vs_cash_transactions_on(date) CASCADE;",".sql"
"BD\Noviembre\VentasReport\v8\cleanup_views.sql","17","CASCADE","ALTO","DROP FUNCTION IF EXISTS public.f_daily_diagnostics_summary_on(date) CASCADE;",".sql"
"BD\Noviembre\VentasReport\v8\cleanup_views.sql","18","CASCADE","ALTO","DROP FUNCTION IF EXISTS public.f_item_mods_detailed_on(date) CASCADE;",".sql"
"BD\Noviembre\VentasReport\v8\cleanup_views.sql","19","CASCADE","ALTO","DROP FUNCTION IF EXISTS public.f_sales_mix_payment_on(date) CASCADE;",".sql"
"BD\Noviembre\VentasReport\v8\cleanup_views.sql","21","CASCADE","ALTO","SELECT 'Vistas y funciones eliminadas con CASCADE' as status;",".sql"
"BD\Noviembre\VentasReport\v8\erp_reports_v9.sql","21","CASCADE","ALTO","DROP FUNCTION IF EXISTS public.f_sales_mix_payment_on(date) CASCADE;",".sql"
"BD\Noviembre\VentasReport\v8\erp_reports_v9.sql","49","CASCADE","ALTO","DROP VIEW IF EXISTS public.vw_sales_mix_payment_today CASCADE;",".sql"
"BD\Noviembre\VentasReport\v8\erp_reports_v9.sql","56","CASCADE","ALTO","DROP FUNCTION IF EXISTS public.f_diag_drawer_vs_cash_transactions_on(date) CASCADE;",".sql"
"BD\Noviembre\VentasReport\v8\erp_reports_v9.sql","132","CASCADE","ALTO","DROP VIEW IF EXISTS public.vw_diag_drawer_vs_cash_transactions CASCADE;",".sql"
"BD\Noviembre\VentasReport\v8\erp_reports_v9.sql","150","CASCADE","ALTO","DROP FUNCTION IF EXISTS public.f_daily_diagnostics_summary_on(date) CASCADE;",".sql"
"BD\Noviembre\VentasReport\v8\erp_reports_v9.sql","215","CASCADE","ALTO","DROP VIEW IF EXISTS public.vw_daily_diagnostics_summary CASCADE;",".sql"
"BD\Noviembre\VentasReport\v8\erp_reports_v9.sql","226","CASCADE","ALTO","DROP FUNCTION IF EXISTS public.f_item_mods_on(date) CASCADE;",".sql"
"BD\Noviembre\VentasReport\v8\erp_reports_v9.sql","300","CASCADE","ALTO","DROP VIEW IF EXISTS public.vw_item_mods_today CASCADE;",".sql"
"BD\Noviembre\VentasReport\v8\erp_reports_v9.sql","305","CASCADE","ALTO","DROP VIEW IF EXISTS public.vw_item_mods_daily_summary CASCADE;",".sql"
"BD\Noviembre\VentasReport\v8\erp_reports_v9.sql","320","CASCADE","ALTO","DROP VIEW IF EXISTS public.vw_item_mods_by_item_today CASCADE;",".sql"
"BD\Noviembre\VentasReport\v8\script_sql_corregido.sql","352","CASCADE","ALTO","DROP VIEW IF EXISTS public.vw_item_mods_daily_summary CASCADE;",".sql"
"BD\Noviembre\VentasReport\v8\script_sql_corregido.sql","557","CASCADE","ALTO","DROP VIEW IF EXISTS public.vw_item_mods_daily_summary CASCADE;",".sql"
"BD\Noviembre\VentasReport\v9\PrincipalesTablas.sql","3","DROP TABLE","ALTO","-- DROP TABLE public.cash_drawer;",".sql"
"BD\Noviembre\VentasReport\v9\PrincipalesTablas.sql","24","DROP TABLE","ALTO","-- DROP TABLE public.action_history;",".sql"
"BD\Noviembre\VentasReport\v9\PrincipalesTablas.sql","47","DROP TABLE","ALTO","-- DROP TABLE public.cash_drawer_reset_history;",".sql"
"BD\Noviembre\VentasReport\v9\PrincipalesTablas.sql","66","DROP TABLE","ALTO","-- DROP TABLE public.coupon_and_discount;",".sql"
"BD\Noviembre\VentasReport\v9\PrincipalesTablas.sql","95","DROP TABLE","ALTO","-- DROP TABLE public.currency_balance;",".sql"
"BD\Noviembre\VentasReport\v9\PrincipalesTablas.sql","124","DROP TABLE","ALTO","-- DROP TABLE public.custom_payment;",".sql"
"BD\Noviembre\VentasReport\v9\PrincipalesTablas.sql","141","DROP TABLE","ALTO","-- DROP TABLE public.drawer_assigned_history;",".sql"
"BD\Noviembre\VentasReport\v9\PrincipalesTablas.sql","191","DROP TABLE","ALTO","-- DROP TABLE public.drawer_pull_report;",".sql"
"BD\Noviembre\VentasReport\v9\PrincipalesTablas.sql","267","DROP TABLE","ALTO","-- DROP TABLE public.drawer_pull_report_voidtickets;",".sql"
"BD\Noviembre\VentasReport\v9\PrincipalesTablas.sql","288","DROP TABLE","ALTO","-- DROP TABLE public.menu_group;",".sql"
"BD\Noviembre\VentasReport\v9\PrincipalesTablas.sql","322","DROP TABLE","ALTO","-- DROP TABLE public.menu_item;",".sql"
"BD\Noviembre\VentasReport\v9\PrincipalesTablas.sql","375","DROP TABLE","ALTO","-- DROP TABLE public.menu_modifier;",".sql"
"BD\Noviembre\VentasReport\v9\PrincipalesTablas.sql","422","DROP TABLE","ALTO","-- DROP TABLE public.menu_modifier;",".sql"
"BD\Noviembre\VentasReport\v9\PrincipalesTablas.sql","469","DROP TABLE","ALTO","-- DROP TABLE public.menu_modifier_group;",".sql"
"BD\Noviembre\VentasReport\v9\PrincipalesTablas.sql","498","DROP TABLE","ALTO","-- DROP TABLE public.menucategory_discount;",".sql"
"BD\Noviembre\VentasReport\v9\PrincipalesTablas.sql","518","DROP TABLE","ALTO","-- DROP TABLE public.menuitem_modifiergroup;",".sql"
"BD\Noviembre\VentasReport\v9\PrincipalesTablas.sql","546","DROP TABLE","ALTO","-- DROP TABLE public.order_type;",".sql"
"BD\Noviembre\VentasReport\v9\PrincipalesTablas.sql","583","DROP TABLE","ALTO","-- DROP TABLE public.payout_reasons;",".sql"
"BD\Noviembre\VentasReport\v9\PrincipalesTablas.sql","598","DROP TABLE","ALTO","-- DROP TABLE public.payout_recepients;",".sql"
"BD\Noviembre\VentasReport\v9\PrincipalesTablas.sql","613","DROP TABLE","ALTO","-- DROP TABLE public.recepie;",".sql"
"BD\Noviembre\VentasReport\v9\PrincipalesTablas.sql","631","DROP TABLE","ALTO","-- DROP TABLE public.recepie_item;",".sql"
"BD\Noviembre\VentasReport\v9\PrincipalesTablas.sql","655","DROP TABLE","ALTO","-- DROP TABLE public.terminal;",".sql"
"BD\Noviembre\VentasReport\v9\PrincipalesTablas.sql","693","DROP TABLE","ALTO","-- DROP TABLE public.ticket;",".sql"
"BD\Noviembre\VentasReport\v9\PrincipalesTablas.sql","907","DROP TABLE","ALTO","-- DROP TABLE public.ticket_discount;",".sql"
"BD\Noviembre\VentasReport\v9\PrincipalesTablas.sql","932","DROP TABLE","ALTO","-- DROP TABLE public.ticket_item;",".sql"
"BD\Noviembre\VentasReport\v9\PrincipalesTablas.sql","1015","DROP TABLE","ALTO","-- DROP TABLE public.ticket_item_modifier;",".sql"
"BD\Noviembre\VentasReport\v9\PrincipalesTablas.sql","1051","DROP TABLE","ALTO","-- DROP TABLE public.ticket_item_modifier_relation;",".sql"
"BD\Noviembre\VentasReport\v9\PrincipalesTablas.sql","1073","DROP TABLE","ALTO","-- DROP TABLE public.transactions;",".sql"
"BD\Noviembre\VentasReport\v9\PrincipalesTablas.sql","1178","DROP TABLE","ALTO","-- DROP TABLE public.void_reasons;",".sql"
"BD\Noviembre\VentasReport\v9\PrincipalesTablas.sql","1193","DROP TABLE","ALTO","-- DROP TABLE public.users;",".sql"
"BD\Noviembre\VentasReport\v9\script_sql_reportes_adicionales_BACKUP.sql","12","CASCADE","ALTO","DROP VIEW IF EXISTS vw_ticket_base CASCADE;",".sql"
"BD\Noviembre\VentasReport\v9\script_sql_reportes_adicionales_BACKUP.sql","50","CASCADE","ALTO","DROP VIEW IF EXISTS vw_report_sales_detail CASCADE;",".sql"
"BD\Noviembre\VentasReport\v9\script_sql_reportes_adicionales_BACKUP.sql","77","CASCADE","ALTO","DROP VIEW IF EXISTS vw_report_sales_summary CASCADE;",".sql"
"BD\Noviembre\VentasReport\v9\script_sql_reportes_adicionales_BACKUP.sql","190","CASCADE","ALTO","DROP VIEW IF EXISTS vw_report_balance_detail CASCADE;",".sql"
"BD\Noviembre\VentasReport\v9\script_sql_reportes_adicionales_BACKUP.sql","215","CASCADE","ALTO","DROP VIEW IF EXISTS vw_report_sales_exceptions CASCADE;",".sql"
"BD\Noviembre\VentasReport\v9\script_sql_reportes_adicionales_BACKUP.sql","283","CASCADE","ALTO","DROP VIEW IF EXISTS vw_report_menu_usage CASCADE;",".sql"
"BD\Noviembre\VentasReport\v9\script_sql_reportes_adicionales_BACKUP.sql","296","CASCADE","ALTO","DROP VIEW IF EXISTS vw_report_journal_lines CASCADE;",".sql"
"BD\Noviembre\VentasReport\v9\script_sql_reportes_adicionales_BACKUP.sql","313","CASCADE","ALTO","DROP VIEW IF EXISTS vw_report_journal_payments CASCADE;",".sql"
"BD\Noviembre\VentasReport\v9\script_sql_reportes_adicionales_FIXED.sql","12","CASCADE","ALTO","DROP VIEW IF EXISTS vw_ticket_base CASCADE;",".sql"
"BD\Noviembre\VentasReport\v9\script_sql_reportes_adicionales_FIXED.sql","50","CASCADE","ALTO","DROP VIEW IF EXISTS vw_report_sales_detail CASCADE;",".sql"
"BD\Noviembre\VentasReport\v9\script_sql_reportes_adicionales_FIXED.sql","77","CASCADE","ALTO","DROP VIEW IF EXISTS vw_report_sales_summary CASCADE;",".sql"
"BD\Noviembre\VentasReport\v9\script_sql_reportes_adicionales_FIXED.sql","190","CASCADE","ALTO","DROP VIEW IF EXISTS vw_report_balance_detail CASCADE;",".sql"
"BD\Noviembre\VentasReport\v9\script_sql_reportes_adicionales_FIXED.sql","215","CASCADE","ALTO","DROP VIEW IF EXISTS vw_report_sales_exceptions CASCADE;",".sql"
"BD\Noviembre\VentasReport\v9\script_sql_reportes_adicionales_FIXED.sql","283","CASCADE","ALTO","DROP VIEW IF EXISTS vw_report_menu_usage CASCADE;",".sql"
"BD\Noviembre\VentasReport\v9\script_sql_reportes_adicionales_FIXED.sql","296","CASCADE","ALTO","DROP VIEW IF EXISTS vw_report_journal_lines CASCADE;",".sql"
"BD\Noviembre\VentasReport\v9\script_sql_reportes_adicionales_FIXED.sql","313","CASCADE","ALTO","DROP VIEW IF EXISTS vw_report_journal_payments CASCADE;",".sql"
"BD\Noviembre\VentasReport\v9\script_sql_reportes_adicionales.sql","12","CASCADE","ALTO","DROP VIEW IF EXISTS vw_ticket_base CASCADE;",".sql"
"BD\Noviembre\VentasReport\v9\script_sql_reportes_adicionales.sql","50","CASCADE","ALTO","DROP VIEW IF EXISTS vw_report_sales_detail CASCADE;",".sql"
"BD\Noviembre\VentasReport\v9\script_sql_reportes_adicionales.sql","77","CASCADE","ALTO","DROP VIEW IF EXISTS vw_report_sales_summary CASCADE;",".sql"
"BD\Noviembre\VentasReport\v9\script_sql_reportes_adicionales.sql","190","CASCADE","ALTO","DROP VIEW IF EXISTS vw_report_balance_detail CASCADE;",".sql"
"BD\Noviembre\VentasReport\v9\script_sql_reportes_adicionales.sql","215","CASCADE","ALTO","DROP VIEW IF EXISTS vw_report_sales_exceptions CASCADE;",".sql"
"BD\Noviembre\VentasReport\v9\script_sql_reportes_adicionales.sql","283","CASCADE","ALTO","DROP VIEW IF EXISTS vw_report_menu_usage CASCADE;",".sql"
"BD\Noviembre\VentasReport\v9\script_sql_reportes_adicionales.sql","296","CASCADE","ALTO","DROP VIEW IF EXISTS vw_report_journal_lines CASCADE;",".sql"
"BD\Noviembre\VentasReport\v9\script_sql_reportes_adicionales.sql","313","CASCADE","ALTO","DROP VIEW IF EXISTS vw_report_journal_payments CASCADE;",".sql"
"BD\Noviembre\VentasReport\v9\PDF\COMANDOS_SQL_VISTAS.sql","6","CASCADE","ALTO","DROP VIEW IF EXISTS public.vw_report_menu_usage CASCADE;",".sql"
"BD\Noviembre\VentasReport\v9\PDF\COMANDOS_SQL_VISTAS.sql","19","CASCADE","ALTO","DROP VIEW IF EXISTS public.vw_report_sales_exceptions CASCADE;",".sql"
"BD\Olds\0. Query_Corte_OK.sql","14","CASCADE","ALTO","precorte_id   BIGINT NOT NULL REFERENCES selemti.precorte(id) ON DELETE CASCADE,",".sql"
"BD\Olds\000.  SISTEMA SELEMTI - ESQUEMA COMPLETO DE BASE DE DATOS- OK.sql","62","DROP TABLE","ALTO","DROP TABLE IF EXISTS selemti.users CASCADE;",".sql"
"BD\Olds\000.  SISTEMA SELEMTI - ESQUEMA COMPLETO DE BASE DE DATOS- OK.sql","63","CASCADE","ALTO","DROP SEQUENCE IF EXISTS selemti.users_id_seq CASCADE;",".sql"
"BD\Olds\000.  SISTEMA SELEMTI - ESQUEMA COMPLETO DE BASE DE DATOS- OK.sql","84","CASCADE","ALTO","user_id INTEGER REFERENCES selemti.users(id) ON DELETE CASCADE,",".sql"
"BD\Olds\000.  SISTEMA SELEMTI - ESQUEMA COMPLETO DE BASE DE DATOS- OK.sql","856","CASCADE","ALTO","ON DELETE CASCADE;",".sql"
"BD\Olds\000. deploy_selemti_full.sql","249","CASCADE","ALTO","recepcion_id BIGINT NOT NULL REFERENCES selemti.recepcion_cab(id) ON DELETE CASCADE,",".sql"
"BD\Olds\000. deploy_selemti_full.sql","273","CASCADE","ALTO","traspaso_id BIGINT NOT NULL REFERENCES selemti.traspaso_cab(id) ON DELETE CASCADE,",".sql"
"BD\Olds\000. deploy_selemti_full.sql","313","CASCADE","ALTO","op_id BIGINT NOT NULL REFERENCES selemti.op_cab(id) ON DELETE CASCADE,",".sql"
"BD\Olds\000. deploy_selemti_full.sql","323","CASCADE","ALTO","op_id BIGINT PRIMARY KEY REFERENCES selemti.op_cab(id) ON DELETE CASCADE,",".sql"
"BD\Olds\000. Query Despliegue cortes 05-09-2025.sql","44","CASCADE","ALTO","sesion_id          BIGINT NOT NULL REFERENCES selemti.sesion_cajon(id) ON DELETE CASCADE,",".sql"
"BD\Olds\000. Query Despliegue cortes 05-09-2025.sql","55","CASCADE","ALTO","precorte_id   BIGINT NOT NULL REFERENCES selemti.precorte(id) ON DELETE CASCADE,",".sql"
"BD\Olds\000. Query Despliegue cortes 05-09-2025.sql","73","CASCADE","ALTO","precorte_id   BIGINT NOT NULL REFERENCES selemti.precorte(id) ON DELETE CASCADE,",".sql"
"BD\Olds\000. Query Despliegue cortes 05-09-2025.sql","86","CASCADE","ALTO","sesion_id                  BIGINT NOT NULL REFERENCES selemti.sesion_cajon(id) ON DELETE CASCADE,",".sql"
"BD\Olds\000. Query_corte_04_09_2025_V2.sql","67","CASCADE","ALTO","sesion_id          BIGINT NOT NULL REFERENCES selemti.sesion_cajon(id) ON DELETE CASCADE,",".sql"
"BD\Olds\000. Query_corte_04_09_2025_V2.sql","78","CASCADE","ALTO","precorte_id   BIGINT NOT NULL REFERENCES selemti.precorte(id) ON DELETE CASCADE,",".sql"
"BD\Olds\000. Query_corte_04_09_2025_V2.sql","97","CASCADE","ALTO","precorte_id   BIGINT NOT NULL REFERENCES selemti.precorte(id) ON DELETE CASCADE,",".sql"
"BD\Olds\000. Query_corte_04_09_2025_V2.sql","112","CASCADE","ALTO","sesion_id                BIGINT NOT NULL REFERENCES selemti.sesion_cajon(id) ON DELETE CASCADE,",".sql"
"BD\Olds\01_tablas_maestras.sql","28","CASCADE","ALTO","user_id INTEGER REFERENCES selemti.users(id) ON DELETE CASCADE,",".sql"
"BD\Olds\02_modulo_inventario.sql","42","CASCADE","ALTO","recepcion_id INTEGER NOT NULL REFERENCES selemti.recepcion_cab(id) ON DELETE CASCADE,",".sql"
"BD\Olds\02_modulo_inventario.sql","98","CASCADE","ALTO","traspaso_id INTEGER NOT NULL REFERENCES selemti.traspaso_cab(id) ON DELETE CASCADE,",".sql"
"BD\Olds\02_modulo_inventario.sql","136","CASCADE","ALTO","ajuste_id INTEGER NOT NULL REFERENCES selemti.ajuste_inv_cab(id) ON DELETE CASCADE,",".sql"
"BD\Olds\02_modulo_inventario.sql","177","CASCADE","ALTO","conteo_id INTEGER NOT NULL REFERENCES selemti.conteo_fisico_cab(id) ON DELETE CASCADE,",".sql"
"BD\Olds\03_modulo_recetas.sql","37","CASCADE","ALTO","receta_id VARCHAR(20) NOT NULL REFERENCES selemti.receta_cab(id) ON DELETE CASCADE,",".sql"
"BD\Olds\03_modulo_recetas.sql","92","CASCADE","ALTO","op_id INTEGER NOT NULL REFERENCES selemti.op_produccion_cab(id) ON DELETE CASCADE,",".sql"
"BD\Olds\04_modulo_ventas.sql","32","CASCADE","ALTO","ticket_id INTEGER NOT NULL REFERENCES selemti.ticket_venta_cab(id) ON DELETE CASCADE,",".sql"
"BD\Olds\04_modulo_ventas.sql","54","CASCADE","ALTO","ticket_det_id INTEGER NOT NULL REFERENCES selemti.ticket_venta_det(id) ON DELETE CASCADE,",".sql"
"BD\Olds\05_modulo_caja.sql","58","CASCADE","ALTO","cierre_id INTEGER NOT NULL REFERENCES selemti.caja_cierres(id) ON DELETE CASCADE,",".sql"
"BD\Olds\06_modulo_appcc.sql","77","CASCADE","ALTO","alerta_id INTEGER NOT NULL REFERENCES selemti.appcc_alertas(id) ON DELETE CASCADE,",".sql"
"BD\Olds\backup_pre_deploy_20251017_144606.sql","11649","CASCADE","ALTO","ADD CONSTRAINT conciliacion_postcorte_id_fkey FOREIGN KEY (postcorte_id) REFERENCES postcorte(id)...",".sql"
"BD\Olds\backup_pre_deploy_20251017_144606.sql","11689","CASCADE","ALTO","ADD CONSTRAINT fk_ticket_det_cab FOREIGN KEY (ticket_id) REFERENCES ticket_venta_cab(id) ON DELET...",".sql"
"BD\Olds\backup_pre_deploy_20251017_144606.sql","11825","CASCADE","ALTO","ADD CONSTRAINT model_has_permissions_permission_id_foreign FOREIGN KEY (permission_id) REFERENCES...",".sql"
"BD\Olds\backup_pre_deploy_20251017_144606.sql","11833","CASCADE","ALTO","ADD CONSTRAINT model_has_roles_role_id_foreign FOREIGN KEY (role_id) REFERENCES roles(id) ON DELE...",".sql"
"BD\Olds\backup_pre_deploy_20251017_144606.sql","11913","CASCADE","ALTO","ADD CONSTRAINT op_insumo_op_id_fkey FOREIGN KEY (op_id) REFERENCES op_cab(id) ON DELETE CASCADE;",".sql"
"BD\Olds\backup_pre_deploy_20251017_144606.sql","11937","CASCADE","ALTO","ADD CONSTRAINT op_yield_op_id_fkey FOREIGN KEY (op_id) REFERENCES op_cab(id) ON DELETE CASCADE;",".sql"
"BD\Olds\backup_pre_deploy_20251017_144606.sql","11969","CASCADE","ALTO","ADD CONSTRAINT postcorte_sesion_id_fkey FOREIGN KEY (sesion_id) REFERENCES sesion_cajon(id) ON DE...",".sql"
"BD\Olds\backup_pre_deploy_20251017_144606.sql","11977","CASCADE","ALTO","ADD CONSTRAINT precorte_efectivo_precorte_id_fkey FOREIGN KEY (precorte_id) REFERENCES precorte(i...",".sql"
"BD\Olds\backup_pre_deploy_20251017_144606.sql","11985","CASCADE","ALTO","ADD CONSTRAINT precorte_otros_precorte_id_fkey FOREIGN KEY (precorte_id) REFERENCES precorte(id) ...",".sql"
"BD\Olds\backup_pre_deploy_20251017_144606.sql","11993","CASCADE","ALTO","ADD CONSTRAINT precorte_sesion_id_fkey FOREIGN KEY (sesion_id) REFERENCES sesion_cajon(id) ON DEL...",".sql"
"BD\Olds\backup_pre_deploy_20251017_144606.sql","12049","CASCADE","ALTO","ADD CONSTRAINT recepcion_det_recepcion_id_fkey FOREIGN KEY (recepcion_id) REFERENCES recepcion_ca...",".sql"
"BD\Olds\backup_pre_deploy_20251017_144606.sql","12105","CASCADE","ALTO","ADD CONSTRAINT role_has_permissions_permission_id_foreign FOREIGN KEY (permission_id) REFERENCES ...",".sql"
"BD\Olds\backup_pre_deploy_20251017_144606.sql","12113","CASCADE","ALTO","ADD CONSTRAINT role_has_permissions_role_id_foreign FOREIGN KEY (role_id) REFERENCES roles(id) ON...",".sql"
"BD\Olds\backup_pre_deploy_20251017_144606.sql","12209","CASCADE","ALTO","ADD CONSTRAINT traspaso_det_traspaso_id_fkey FOREIGN KEY (traspaso_id) REFERENCES traspaso_cab(id...",".sql"
"BD\Olds\backup_pre_deploy_20251017_152059.sql","11649","CASCADE","ALTO","ADD CONSTRAINT conciliacion_postcorte_id_fkey FOREIGN KEY (postcorte_id) REFERENCES postcorte(id)...",".sql"
"BD\Olds\backup_pre_deploy_20251017_152059.sql","11689","CASCADE","ALTO","ADD CONSTRAINT fk_ticket_det_cab FOREIGN KEY (ticket_id) REFERENCES ticket_venta_cab(id) ON DELET...",".sql"
"BD\Olds\backup_pre_deploy_20251017_152059.sql","11825","CASCADE","ALTO","ADD CONSTRAINT model_has_permissions_permission_id_foreign FOREIGN KEY (permission_id) REFERENCES...",".sql"
"BD\Olds\backup_pre_deploy_20251017_152059.sql","11833","CASCADE","ALTO","ADD CONSTRAINT model_has_roles_role_id_foreign FOREIGN KEY (role_id) REFERENCES roles(id) ON DELE...",".sql"
"BD\Olds\backup_pre_deploy_20251017_152059.sql","11913","CASCADE","ALTO","ADD CONSTRAINT op_insumo_op_id_fkey FOREIGN KEY (op_id) REFERENCES op_cab(id) ON DELETE CASCADE;",".sql"
"BD\Olds\backup_pre_deploy_20251017_152059.sql","11937","CASCADE","ALTO","ADD CONSTRAINT op_yield_op_id_fkey FOREIGN KEY (op_id) REFERENCES op_cab(id) ON DELETE CASCADE;",".sql"
"BD\Olds\backup_pre_deploy_20251017_152059.sql","11969","CASCADE","ALTO","ADD CONSTRAINT postcorte_sesion_id_fkey FOREIGN KEY (sesion_id) REFERENCES sesion_cajon(id) ON DE...",".sql"
"BD\Olds\backup_pre_deploy_20251017_152059.sql","11977","CASCADE","ALTO","ADD CONSTRAINT precorte_efectivo_precorte_id_fkey FOREIGN KEY (precorte_id) REFERENCES precorte(i...",".sql"
"BD\Olds\backup_pre_deploy_20251017_152059.sql","11985","CASCADE","ALTO","ADD CONSTRAINT precorte_otros_precorte_id_fkey FOREIGN KEY (precorte_id) REFERENCES precorte(id) ...",".sql"
"BD\Olds\backup_pre_deploy_20251017_152059.sql","11993","CASCADE","ALTO","ADD CONSTRAINT precorte_sesion_id_fkey FOREIGN KEY (sesion_id) REFERENCES sesion_cajon(id) ON DEL...",".sql"
"BD\Olds\backup_pre_deploy_20251017_152059.sql","12049","CASCADE","ALTO","ADD CONSTRAINT recepcion_det_recepcion_id_fkey FOREIGN KEY (recepcion_id) REFERENCES recepcion_ca...",".sql"
"BD\Olds\backup_pre_deploy_20251017_152059.sql","12105","CASCADE","ALTO","ADD CONSTRAINT role_has_permissions_permission_id_foreign FOREIGN KEY (permission_id) REFERENCES ...",".sql"
"BD\Olds\backup_pre_deploy_20251017_152059.sql","12113","CASCADE","ALTO","ADD CONSTRAINT role_has_permissions_role_id_foreign FOREIGN KEY (role_id) REFERENCES roles(id) ON...",".sql"
"BD\Olds\backup_pre_deploy_20251017_152059.sql","12209","CASCADE","ALTO","ADD CONSTRAINT traspaso_det_traspaso_id_fkey FOREIGN KEY (traspaso_id) REFERENCES traspaso_cab(id...",".sql"
"BD\Olds\backup_pre_deploy_20251017_153432.sql","11649","CASCADE","ALTO","ADD CONSTRAINT conciliacion_postcorte_id_fkey FOREIGN KEY (postcorte_id) REFERENCES postcorte(id)...",".sql"
"BD\Olds\backup_pre_deploy_20251017_153432.sql","11689","CASCADE","ALTO","ADD CONSTRAINT fk_ticket_det_cab FOREIGN KEY (ticket_id) REFERENCES ticket_venta_cab(id) ON DELET...",".sql"
"BD\Olds\backup_pre_deploy_20251017_153432.sql","11825","CASCADE","ALTO","ADD CONSTRAINT model_has_permissions_permission_id_foreign FOREIGN KEY (permission_id) REFERENCES...",".sql"
"BD\Olds\backup_pre_deploy_20251017_153432.sql","11833","CASCADE","ALTO","ADD CONSTRAINT model_has_roles_role_id_foreign FOREIGN KEY (role_id) REFERENCES roles(id) ON DELE...",".sql"
"BD\Olds\backup_pre_deploy_20251017_153432.sql","11913","CASCADE","ALTO","ADD CONSTRAINT op_insumo_op_id_fkey FOREIGN KEY (op_id) REFERENCES op_cab(id) ON DELETE CASCADE;",".sql"
"BD\Olds\backup_pre_deploy_20251017_153432.sql","11937","CASCADE","ALTO","ADD CONSTRAINT op_yield_op_id_fkey FOREIGN KEY (op_id) REFERENCES op_cab(id) ON DELETE CASCADE;",".sql"
"BD\Olds\backup_pre_deploy_20251017_153432.sql","11969","CASCADE","ALTO","ADD CONSTRAINT postcorte_sesion_id_fkey FOREIGN KEY (sesion_id) REFERENCES sesion_cajon(id) ON DE...",".sql"
"BD\Olds\backup_pre_deploy_20251017_153432.sql","11977","CASCADE","ALTO","ADD CONSTRAINT precorte_efectivo_precorte_id_fkey FOREIGN KEY (precorte_id) REFERENCES precorte(i...",".sql"
"BD\Olds\backup_pre_deploy_20251017_153432.sql","11985","CASCADE","ALTO","ADD CONSTRAINT precorte_otros_precorte_id_fkey FOREIGN KEY (precorte_id) REFERENCES precorte(id) ...",".sql"
"BD\Olds\backup_pre_deploy_20251017_153432.sql","11993","CASCADE","ALTO","ADD CONSTRAINT precorte_sesion_id_fkey FOREIGN KEY (sesion_id) REFERENCES sesion_cajon(id) ON DEL...",".sql"
"BD\Olds\backup_pre_deploy_20251017_153432.sql","12049","CASCADE","ALTO","ADD CONSTRAINT recepcion_det_recepcion_id_fkey FOREIGN KEY (recepcion_id) REFERENCES recepcion_ca...",".sql"
"BD\Olds\backup_pre_deploy_20251017_153432.sql","12105","CASCADE","ALTO","ADD CONSTRAINT role_has_permissions_permission_id_foreign FOREIGN KEY (permission_id) REFERENCES ...",".sql"
"BD\Olds\backup_pre_deploy_20251017_153432.sql","12113","CASCADE","ALTO","ADD CONSTRAINT role_has_permissions_role_id_foreign FOREIGN KEY (role_id) REFERENCES roles(id) ON...",".sql"
"BD\Olds\backup_pre_deploy_20251017_153432.sql","12209","CASCADE","ALTO","ADD CONSTRAINT traspaso_det_traspaso_id_fkey FOREIGN KEY (traspaso_id) REFERENCES traspaso_cab(id...",".sql"
"BD\Olds\backup_pre_deploy_20251017_153521.sql","11649","CASCADE","ALTO","ADD CONSTRAINT conciliacion_postcorte_id_fkey FOREIGN KEY (postcorte_id) REFERENCES postcorte(id)...",".sql"
"BD\Olds\backup_pre_deploy_20251017_153521.sql","11689","CASCADE","ALTO","ADD CONSTRAINT fk_ticket_det_cab FOREIGN KEY (ticket_id) REFERENCES ticket_venta_cab(id) ON DELET...",".sql"
"BD\Olds\backup_pre_deploy_20251017_153521.sql","11825","CASCADE","ALTO","ADD CONSTRAINT model_has_permissions_permission_id_foreign FOREIGN KEY (permission_id) REFERENCES...",".sql"
"BD\Olds\backup_pre_deploy_20251017_153521.sql","11833","CASCADE","ALTO","ADD CONSTRAINT model_has_roles_role_id_foreign FOREIGN KEY (role_id) REFERENCES roles(id) ON DELE...",".sql"
"BD\Olds\backup_pre_deploy_20251017_153521.sql","11913","CASCADE","ALTO","ADD CONSTRAINT op_insumo_op_id_fkey FOREIGN KEY (op_id) REFERENCES op_cab(id) ON DELETE CASCADE;",".sql"
"BD\Olds\backup_pre_deploy_20251017_153521.sql","11937","CASCADE","ALTO","ADD CONSTRAINT op_yield_op_id_fkey FOREIGN KEY (op_id) REFERENCES op_cab(id) ON DELETE CASCADE;",".sql"
"BD\Olds\backup_pre_deploy_20251017_153521.sql","11969","CASCADE","ALTO","ADD CONSTRAINT postcorte_sesion_id_fkey FOREIGN KEY (sesion_id) REFERENCES sesion_cajon(id) ON DE...",".sql"
"BD\Olds\backup_pre_deploy_20251017_153521.sql","11977","CASCADE","ALTO","ADD CONSTRAINT precorte_efectivo_precorte_id_fkey FOREIGN KEY (precorte_id) REFERENCES precorte(i...",".sql"
"BD\Olds\backup_pre_deploy_20251017_153521.sql","11985","CASCADE","ALTO","ADD CONSTRAINT precorte_otros_precorte_id_fkey FOREIGN KEY (precorte_id) REFERENCES precorte(id) ...",".sql"
"BD\Olds\backup_pre_deploy_20251017_153521.sql","11993","CASCADE","ALTO","ADD CONSTRAINT precorte_sesion_id_fkey FOREIGN KEY (sesion_id) REFERENCES sesion_cajon(id) ON DEL...",".sql"
"BD\Olds\backup_pre_deploy_20251017_153521.sql","12049","CASCADE","ALTO","ADD CONSTRAINT recepcion_det_recepcion_id_fkey FOREIGN KEY (recepcion_id) REFERENCES recepcion_ca...",".sql"
"BD\Olds\backup_pre_deploy_20251017_153521.sql","12105","CASCADE","ALTO","ADD CONSTRAINT role_has_permissions_permission_id_foreign FOREIGN KEY (permission_id) REFERENCES ...",".sql"
"BD\Olds\backup_pre_deploy_20251017_153521.sql","12113","CASCADE","ALTO","ADD CONSTRAINT role_has_permissions_role_id_foreign FOREIGN KEY (role_id) REFERENCES roles(id) ON...",".sql"
"BD\Olds\backup_pre_deploy_20251017_153521.sql","12209","CASCADE","ALTO","ADD CONSTRAINT traspaso_det_traspaso_id_fkey FOREIGN KEY (traspaso_id) REFERENCES traspaso_cab(id...",".sql"
"BD\Olds\backup_pre_deploy_20251017_153805.sql","11649","CASCADE","ALTO","ADD CONSTRAINT conciliacion_postcorte_id_fkey FOREIGN KEY (postcorte_id) REFERENCES postcorte(id)...",".sql"
"BD\Olds\backup_pre_deploy_20251017_153805.sql","11689","CASCADE","ALTO","ADD CONSTRAINT fk_ticket_det_cab FOREIGN KEY (ticket_id) REFERENCES ticket_venta_cab(id) ON DELET...",".sql"
"BD\Olds\backup_pre_deploy_20251017_153805.sql","11825","CASCADE","ALTO","ADD CONSTRAINT model_has_permissions_permission_id_foreign FOREIGN KEY (permission_id) REFERENCES...",".sql"
"BD\Olds\backup_pre_deploy_20251017_153805.sql","11833","CASCADE","ALTO","ADD CONSTRAINT model_has_roles_role_id_foreign FOREIGN KEY (role_id) REFERENCES roles(id) ON DELE...",".sql"
"BD\Olds\backup_pre_deploy_20251017_153805.sql","11913","CASCADE","ALTO","ADD CONSTRAINT op_insumo_op_id_fkey FOREIGN KEY (op_id) REFERENCES op_cab(id) ON DELETE CASCADE;",".sql"
"BD\Olds\backup_pre_deploy_20251017_153805.sql","11937","CASCADE","ALTO","ADD CONSTRAINT op_yield_op_id_fkey FOREIGN KEY (op_id) REFERENCES op_cab(id) ON DELETE CASCADE;",".sql"
"BD\Olds\backup_pre_deploy_20251017_153805.sql","11969","CASCADE","ALTO","ADD CONSTRAINT postcorte_sesion_id_fkey FOREIGN KEY (sesion_id) REFERENCES sesion_cajon(id) ON DE...",".sql"
"BD\Olds\backup_pre_deploy_20251017_153805.sql","11977","CASCADE","ALTO","ADD CONSTRAINT precorte_efectivo_precorte_id_fkey FOREIGN KEY (precorte_id) REFERENCES precorte(i...",".sql"
"BD\Olds\backup_pre_deploy_20251017_153805.sql","11985","CASCADE","ALTO","ADD CONSTRAINT precorte_otros_precorte_id_fkey FOREIGN KEY (precorte_id) REFERENCES precorte(id) ...",".sql"
"BD\Olds\backup_pre_deploy_20251017_153805.sql","11993","CASCADE","ALTO","ADD CONSTRAINT precorte_sesion_id_fkey FOREIGN KEY (sesion_id) REFERENCES sesion_cajon(id) ON DEL...",".sql"
"BD\Olds\backup_pre_deploy_20251017_153805.sql","12049","CASCADE","ALTO","ADD CONSTRAINT recepcion_det_recepcion_id_fkey FOREIGN KEY (recepcion_id) REFERENCES recepcion_ca...",".sql"
"BD\Olds\backup_pre_deploy_20251017_153805.sql","12105","CASCADE","ALTO","ADD CONSTRAINT role_has_permissions_permission_id_foreign FOREIGN KEY (permission_id) REFERENCES ...",".sql"
"BD\Olds\backup_pre_deploy_20251017_153805.sql","12113","CASCADE","ALTO","ADD CONSTRAINT role_has_permissions_role_id_foreign FOREIGN KEY (role_id) REFERENCES roles(id) ON...",".sql"
"BD\Olds\backup_pre_deploy_20251017_153805.sql","12209","CASCADE","ALTO","ADD CONSTRAINT traspaso_det_traspaso_id_fkey FOREIGN KEY (traspaso_id) REFERENCES traspaso_cab(id...",".sql"
"BD\Olds\backup_pre_deploy_20251017_153834.sql","11649","CASCADE","ALTO","ADD CONSTRAINT conciliacion_postcorte_id_fkey FOREIGN KEY (postcorte_id) REFERENCES postcorte(id)...",".sql"
"BD\Olds\backup_pre_deploy_20251017_153834.sql","11689","CASCADE","ALTO","ADD CONSTRAINT fk_ticket_det_cab FOREIGN KEY (ticket_id) REFERENCES ticket_venta_cab(id) ON DELET...",".sql"
"BD\Olds\backup_pre_deploy_20251017_153834.sql","11825","CASCADE","ALTO","ADD CONSTRAINT model_has_permissions_permission_id_foreign FOREIGN KEY (permission_id) REFERENCES...",".sql"
"BD\Olds\backup_pre_deploy_20251017_153834.sql","11833","CASCADE","ALTO","ADD CONSTRAINT model_has_roles_role_id_foreign FOREIGN KEY (role_id) REFERENCES roles(id) ON DELE...",".sql"
"BD\Olds\backup_pre_deploy_20251017_153834.sql","11913","CASCADE","ALTO","ADD CONSTRAINT op_insumo_op_id_fkey FOREIGN KEY (op_id) REFERENCES op_cab(id) ON DELETE CASCADE;",".sql"
"BD\Olds\backup_pre_deploy_20251017_153834.sql","11937","CASCADE","ALTO","ADD CONSTRAINT op_yield_op_id_fkey FOREIGN KEY (op_id) REFERENCES op_cab(id) ON DELETE CASCADE;",".sql"
"BD\Olds\backup_pre_deploy_20251017_153834.sql","11969","CASCADE","ALTO","ADD CONSTRAINT postcorte_sesion_id_fkey FOREIGN KEY (sesion_id) REFERENCES sesion_cajon(id) ON DE...",".sql"
"BD\Olds\backup_pre_deploy_20251017_153834.sql","11977","CASCADE","ALTO","ADD CONSTRAINT precorte_efectivo_precorte_id_fkey FOREIGN KEY (precorte_id) REFERENCES precorte(i...",".sql"
"BD\Olds\backup_pre_deploy_20251017_153834.sql","11985","CASCADE","ALTO","ADD CONSTRAINT precorte_otros_precorte_id_fkey FOREIGN KEY (precorte_id) REFERENCES precorte(id) ...",".sql"
"BD\Olds\backup_pre_deploy_20251017_153834.sql","11993","CASCADE","ALTO","ADD CONSTRAINT precorte_sesion_id_fkey FOREIGN KEY (sesion_id) REFERENCES sesion_cajon(id) ON DEL...",".sql"
"BD\Olds\backup_pre_deploy_20251017_153834.sql","12049","CASCADE","ALTO","ADD CONSTRAINT recepcion_det_recepcion_id_fkey FOREIGN KEY (recepcion_id) REFERENCES recepcion_ca...",".sql"
"BD\Olds\backup_pre_deploy_20251017_153834.sql","12105","CASCADE","ALTO","ADD CONSTRAINT role_has_permissions_permission_id_foreign FOREIGN KEY (permission_id) REFERENCES ...",".sql"
"BD\Olds\backup_pre_deploy_20251017_153834.sql","12113","CASCADE","ALTO","ADD CONSTRAINT role_has_permissions_role_id_foreign FOREIGN KEY (role_id) REFERENCES roles(id) ON...",".sql"
"BD\Olds\backup_pre_deploy_20251017_153834.sql","12209","CASCADE","ALTO","ADD CONSTRAINT traspaso_det_traspaso_id_fkey FOREIGN KEY (traspaso_id) REFERENCES traspaso_cab(id...",".sql"
"BD\Olds\backup_pre_deploy_20251017_153922.sql","11649","CASCADE","ALTO","ADD CONSTRAINT conciliacion_postcorte_id_fkey FOREIGN KEY (postcorte_id) REFERENCES postcorte(id)...",".sql"
"BD\Olds\backup_pre_deploy_20251017_153922.sql","11689","CASCADE","ALTO","ADD CONSTRAINT fk_ticket_det_cab FOREIGN KEY (ticket_id) REFERENCES ticket_venta_cab(id) ON DELET...",".sql"
"BD\Olds\backup_pre_deploy_20251017_153922.sql","11825","CASCADE","ALTO","ADD CONSTRAINT model_has_permissions_permission_id_foreign FOREIGN KEY (permission_id) REFERENCES...",".sql"
"BD\Olds\backup_pre_deploy_20251017_153922.sql","11833","CASCADE","ALTO","ADD CONSTRAINT model_has_roles_role_id_foreign FOREIGN KEY (role_id) REFERENCES roles(id) ON DELE...",".sql"
"BD\Olds\backup_pre_deploy_20251017_153922.sql","11913","CASCADE","ALTO","ADD CONSTRAINT op_insumo_op_id_fkey FOREIGN KEY (op_id) REFERENCES op_cab(id) ON DELETE CASCADE;",".sql"
"BD\Olds\backup_pre_deploy_20251017_153922.sql","11937","CASCADE","ALTO","ADD CONSTRAINT op_yield_op_id_fkey FOREIGN KEY (op_id) REFERENCES op_cab(id) ON DELETE CASCADE;",".sql"
"BD\Olds\backup_pre_deploy_20251017_153922.sql","11969","CASCADE","ALTO","ADD CONSTRAINT postcorte_sesion_id_fkey FOREIGN KEY (sesion_id) REFERENCES sesion_cajon(id) ON DE...",".sql"
"BD\Olds\backup_pre_deploy_20251017_153922.sql","11977","CASCADE","ALTO","ADD CONSTRAINT precorte_efectivo_precorte_id_fkey FOREIGN KEY (precorte_id) REFERENCES precorte(i...",".sql"
"BD\Olds\backup_pre_deploy_20251017_153922.sql","11985","CASCADE","ALTO","ADD CONSTRAINT precorte_otros_precorte_id_fkey FOREIGN KEY (precorte_id) REFERENCES precorte(id) ...",".sql"
"BD\Olds\backup_pre_deploy_20251017_153922.sql","11993","CASCADE","ALTO","ADD CONSTRAINT precorte_sesion_id_fkey FOREIGN KEY (sesion_id) REFERENCES sesion_cajon(id) ON DEL...",".sql"
"BD\Olds\backup_pre_deploy_20251017_153922.sql","12049","CASCADE","ALTO","ADD CONSTRAINT recepcion_det_recepcion_id_fkey FOREIGN KEY (recepcion_id) REFERENCES recepcion_ca...",".sql"
"BD\Olds\backup_pre_deploy_20251017_153922.sql","12105","CASCADE","ALTO","ADD CONSTRAINT role_has_permissions_permission_id_foreign FOREIGN KEY (permission_id) REFERENCES ...",".sql"
"BD\Olds\backup_pre_deploy_20251017_153922.sql","12113","CASCADE","ALTO","ADD CONSTRAINT role_has_permissions_role_id_foreign FOREIGN KEY (role_id) REFERENCES roles(id) ON...",".sql"
"BD\Olds\backup_pre_deploy_20251017_153922.sql","12209","CASCADE","ALTO","ADD CONSTRAINT traspaso_det_traspaso_id_fkey FOREIGN KEY (traspaso_id) REFERENCES traspaso_cab(id...",".sql"
"BD\Olds\backup_pre_deploy_20251017_154041.sql","11784","CASCADE","ALTO","ADD CONSTRAINT conciliacion_postcorte_id_fkey FOREIGN KEY (postcorte_id) REFERENCES postcorte(id)...",".sql"
"BD\Olds\backup_pre_deploy_20251017_154041.sql","11824","CASCADE","ALTO","ADD CONSTRAINT fk_ticket_det_cab FOREIGN KEY (ticket_id) REFERENCES ticket_venta_cab(id) ON DELET...",".sql"
"BD\Olds\backup_pre_deploy_20251017_154041.sql","11976","CASCADE","ALTO","ADD CONSTRAINT model_has_permissions_permission_id_foreign FOREIGN KEY (permission_id) REFERENCES...",".sql"
"BD\Olds\backup_pre_deploy_20251017_154041.sql","11984","CASCADE","ALTO","ADD CONSTRAINT model_has_roles_role_id_foreign FOREIGN KEY (role_id) REFERENCES roles(id) ON DELE...",".sql"
"BD\Olds\backup_pre_deploy_20251017_154041.sql","12064","CASCADE","ALTO","ADD CONSTRAINT op_insumo_op_id_fkey FOREIGN KEY (op_id) REFERENCES op_cab(id) ON DELETE CASCADE;",".sql"
"BD\Olds\backup_pre_deploy_20251017_154041.sql","12088","CASCADE","ALTO","ADD CONSTRAINT op_yield_op_id_fkey FOREIGN KEY (op_id) REFERENCES op_cab(id) ON DELETE CASCADE;",".sql"
"BD\Olds\backup_pre_deploy_20251017_154041.sql","12120","CASCADE","ALTO","ADD CONSTRAINT postcorte_sesion_id_fkey FOREIGN KEY (sesion_id) REFERENCES sesion_cajon(id) ON DE...",".sql"
"BD\Olds\backup_pre_deploy_20251017_154041.sql","12128","CASCADE","ALTO","ADD CONSTRAINT precorte_efectivo_precorte_id_fkey FOREIGN KEY (precorte_id) REFERENCES precorte(i...",".sql"
"BD\Olds\backup_pre_deploy_20251017_154041.sql","12136","CASCADE","ALTO","ADD CONSTRAINT precorte_otros_precorte_id_fkey FOREIGN KEY (precorte_id) REFERENCES precorte(id) ...",".sql"
"BD\Olds\backup_pre_deploy_20251017_154041.sql","12144","CASCADE","ALTO","ADD CONSTRAINT precorte_sesion_id_fkey FOREIGN KEY (sesion_id) REFERENCES sesion_cajon(id) ON DEL...",".sql"
"BD\Olds\backup_pre_deploy_20251017_154041.sql","12200","CASCADE","ALTO","ADD CONSTRAINT recepcion_det_recepcion_id_fkey FOREIGN KEY (recepcion_id) REFERENCES recepcion_ca...",".sql"
"BD\Olds\backup_pre_deploy_20251017_154041.sql","12256","CASCADE","ALTO","ADD CONSTRAINT role_has_permissions_permission_id_foreign FOREIGN KEY (permission_id) REFERENCES ...",".sql"
"BD\Olds\backup_pre_deploy_20251017_154041.sql","12264","CASCADE","ALTO","ADD CONSTRAINT role_has_permissions_role_id_foreign FOREIGN KEY (role_id) REFERENCES roles(id) ON...",".sql"
"BD\Olds\backup_pre_deploy_20251017_154041.sql","12360","CASCADE","ALTO","ADD CONSTRAINT traspaso_det_traspaso_id_fkey FOREIGN KEY (traspaso_id) REFERENCES traspaso_cab(id...",".sql"
"BD\Olds\backup_pre_deploy_20251017_154138.sql","11785","CASCADE","ALTO","ADD CONSTRAINT conciliacion_postcorte_id_fkey FOREIGN KEY (postcorte_id) REFERENCES postcorte(id)...",".sql"
"BD\Olds\backup_pre_deploy_20251017_154138.sql","11825","CASCADE","ALTO","ADD CONSTRAINT fk_ticket_det_cab FOREIGN KEY (ticket_id) REFERENCES ticket_venta_cab(id) ON DELET...",".sql"
"BD\Olds\backup_pre_deploy_20251017_154138.sql","11977","CASCADE","ALTO","ADD CONSTRAINT model_has_permissions_permission_id_foreign FOREIGN KEY (permission_id) REFERENCES...",".sql"
"BD\Olds\backup_pre_deploy_20251017_154138.sql","11985","CASCADE","ALTO","ADD CONSTRAINT model_has_roles_role_id_foreign FOREIGN KEY (role_id) REFERENCES roles(id) ON DELE...",".sql"
"BD\Olds\backup_pre_deploy_20251017_154138.sql","12065","CASCADE","ALTO","ADD CONSTRAINT op_insumo_op_id_fkey FOREIGN KEY (op_id) REFERENCES op_cab(id) ON DELETE CASCADE;",".sql"
"BD\Olds\backup_pre_deploy_20251017_154138.sql","12089","CASCADE","ALTO","ADD CONSTRAINT op_yield_op_id_fkey FOREIGN KEY (op_id) REFERENCES op_cab(id) ON DELETE CASCADE;",".sql"
"BD\Olds\backup_pre_deploy_20251017_154138.sql","12121","CASCADE","ALTO","ADD CONSTRAINT postcorte_sesion_id_fkey FOREIGN KEY (sesion_id) REFERENCES sesion_cajon(id) ON DE...",".sql"
"BD\Olds\backup_pre_deploy_20251017_154138.sql","12129","CASCADE","ALTO","ADD CONSTRAINT precorte_efectivo_precorte_id_fkey FOREIGN KEY (precorte_id) REFERENCES precorte(i...",".sql"
"BD\Olds\backup_pre_deploy_20251017_154138.sql","12137","CASCADE","ALTO","ADD CONSTRAINT precorte_otros_precorte_id_fkey FOREIGN KEY (precorte_id) REFERENCES precorte(id) ...",".sql"
"BD\Olds\backup_pre_deploy_20251017_154138.sql","12145","CASCADE","ALTO","ADD CONSTRAINT precorte_sesion_id_fkey FOREIGN KEY (sesion_id) REFERENCES sesion_cajon(id) ON DEL...",".sql"
"BD\Olds\backup_pre_deploy_20251017_154138.sql","12201","CASCADE","ALTO","ADD CONSTRAINT recepcion_det_recepcion_id_fkey FOREIGN KEY (recepcion_id) REFERENCES recepcion_ca...",".sql"
"BD\Olds\backup_pre_deploy_20251017_154138.sql","12257","CASCADE","ALTO","ADD CONSTRAINT role_has_permissions_permission_id_foreign FOREIGN KEY (permission_id) REFERENCES ...",".sql"
"BD\Olds\backup_pre_deploy_20251017_154138.sql","12265","CASCADE","ALTO","ADD CONSTRAINT role_has_permissions_role_id_foreign FOREIGN KEY (role_id) REFERENCES roles(id) ON...",".sql"
"BD\Olds\backup_pre_deploy_20251017_154138.sql","12361","CASCADE","ALTO","ADD CONSTRAINT traspaso_det_traspaso_id_fkey FOREIGN KEY (traspaso_id) REFERENCES traspaso_cab(id...",".sql"
"BD\Olds\backup_pre_deploy_20251017_160646.sql","11861","CASCADE","ALTO","ADD CONSTRAINT conciliacion_postcorte_id_fkey FOREIGN KEY (postcorte_id) REFERENCES postcorte(id)...",".sql"
"BD\Olds\backup_pre_deploy_20251017_160646.sql","11901","CASCADE","ALTO","ADD CONSTRAINT fk_ticket_det_cab FOREIGN KEY (ticket_id) REFERENCES ticket_venta_cab(id) ON DELET...",".sql"
"BD\Olds\backup_pre_deploy_20251017_160646.sql","12053","CASCADE","ALTO","ADD CONSTRAINT model_has_permissions_permission_id_foreign FOREIGN KEY (permission_id) REFERENCES...",".sql"
"BD\Olds\backup_pre_deploy_20251017_160646.sql","12061","CASCADE","ALTO","ADD CONSTRAINT model_has_roles_role_id_foreign FOREIGN KEY (role_id) REFERENCES roles(id) ON DELE...",".sql"
"BD\Olds\backup_pre_deploy_20251017_160646.sql","12141","CASCADE","ALTO","ADD CONSTRAINT op_insumo_op_id_fkey FOREIGN KEY (op_id) REFERENCES op_cab(id) ON DELETE CASCADE;",".sql"
"BD\Olds\backup_pre_deploy_20251017_160646.sql","12165","CASCADE","ALTO","ADD CONSTRAINT op_yield_op_id_fkey FOREIGN KEY (op_id) REFERENCES op_cab(id) ON DELETE CASCADE;",".sql"
"BD\Olds\backup_pre_deploy_20251017_160646.sql","12197","CASCADE","ALTO","ADD CONSTRAINT postcorte_sesion_id_fkey FOREIGN KEY (sesion_id) REFERENCES sesion_cajon(id) ON DE...",".sql"
"BD\Olds\backup_pre_deploy_20251017_160646.sql","12205","CASCADE","ALTO","ADD CONSTRAINT precorte_efectivo_precorte_id_fkey FOREIGN KEY (precorte_id) REFERENCES precorte(i...",".sql"
"BD\Olds\backup_pre_deploy_20251017_160646.sql","12213","CASCADE","ALTO","ADD CONSTRAINT precorte_otros_precorte_id_fkey FOREIGN KEY (precorte_id) REFERENCES precorte(id) ...",".sql"
"BD\Olds\backup_pre_deploy_20251017_160646.sql","12221","CASCADE","ALTO","ADD CONSTRAINT precorte_sesion_id_fkey FOREIGN KEY (sesion_id) REFERENCES sesion_cajon(id) ON DEL...",".sql"
"BD\Olds\backup_pre_deploy_20251017_160646.sql","12277","CASCADE","ALTO","ADD CONSTRAINT recepcion_det_recepcion_id_fkey FOREIGN KEY (recepcion_id) REFERENCES recepcion_ca...",".sql"
"BD\Olds\backup_pre_deploy_20251017_160646.sql","12333","CASCADE","ALTO","ADD CONSTRAINT role_has_permissions_permission_id_foreign FOREIGN KEY (permission_id) REFERENCES ...",".sql"
"BD\Olds\backup_pre_deploy_20251017_160646.sql","12341","CASCADE","ALTO","ADD CONSTRAINT role_has_permissions_role_id_foreign FOREIGN KEY (role_id) REFERENCES roles(id) ON...",".sql"
"BD\Olds\backup_pre_deploy_20251017_160646.sql","12437","CASCADE","ALTO","ADD CONSTRAINT traspaso_det_traspaso_id_fkey FOREIGN KEY (traspaso_id) REFERENCES traspaso_cab(id...",".sql"
"BD\Olds\backup_pre_deploy_20251017_160727.sql","11802","CASCADE","ALTO","ADD CONSTRAINT conciliacion_postcorte_id_fkey FOREIGN KEY (postcorte_id) REFERENCES postcorte(id)...",".sql"
"BD\Olds\backup_pre_deploy_20251017_160727.sql","11842","CASCADE","ALTO","ADD CONSTRAINT fk_ticket_det_cab FOREIGN KEY (ticket_id) REFERENCES ticket_venta_cab(id) ON DELET...",".sql"
"BD\Olds\backup_pre_deploy_20251017_160727.sql","11994","CASCADE","ALTO","ADD CONSTRAINT model_has_permissions_permission_id_foreign FOREIGN KEY (permission_id) REFERENCES...",".sql"
"BD\Olds\backup_pre_deploy_20251017_160727.sql","12002","CASCADE","ALTO","ADD CONSTRAINT model_has_roles_role_id_foreign FOREIGN KEY (role_id) REFERENCES roles(id) ON DELE...",".sql"
"BD\Olds\backup_pre_deploy_20251017_160727.sql","12082","CASCADE","ALTO","ADD CONSTRAINT op_insumo_op_id_fkey FOREIGN KEY (op_id) REFERENCES op_cab(id) ON DELETE CASCADE;",".sql"
"BD\Olds\backup_pre_deploy_20251017_160727.sql","12106","CASCADE","ALTO","ADD CONSTRAINT op_yield_op_id_fkey FOREIGN KEY (op_id) REFERENCES op_cab(id) ON DELETE CASCADE;",".sql"
"BD\Olds\backup_pre_deploy_20251017_160727.sql","12138","CASCADE","ALTO","ADD CONSTRAINT postcorte_sesion_id_fkey FOREIGN KEY (sesion_id) REFERENCES sesion_cajon(id) ON DE...",".sql"
"BD\Olds\backup_pre_deploy_20251017_160727.sql","12146","CASCADE","ALTO","ADD CONSTRAINT precorte_efectivo_precorte_id_fkey FOREIGN KEY (precorte_id) REFERENCES precorte(i...",".sql"
"BD\Olds\backup_pre_deploy_20251017_160727.sql","12154","CASCADE","ALTO","ADD CONSTRAINT precorte_otros_precorte_id_fkey FOREIGN KEY (precorte_id) REFERENCES precorte(id) ...",".sql"
"BD\Olds\backup_pre_deploy_20251017_160727.sql","12162","CASCADE","ALTO","ADD CONSTRAINT precorte_sesion_id_fkey FOREIGN KEY (sesion_id) REFERENCES sesion_cajon(id) ON DEL...",".sql"
"BD\Olds\backup_pre_deploy_20251017_160727.sql","12218","CASCADE","ALTO","ADD CONSTRAINT recepcion_det_recepcion_id_fkey FOREIGN KEY (recepcion_id) REFERENCES recepcion_ca...",".sql"
"BD\Olds\backup_pre_deploy_20251017_160727.sql","12274","CASCADE","ALTO","ADD CONSTRAINT role_has_permissions_permission_id_foreign FOREIGN KEY (permission_id) REFERENCES ...",".sql"
"BD\Olds\backup_pre_deploy_20251017_160727.sql","12282","CASCADE","ALTO","ADD CONSTRAINT role_has_permissions_role_id_foreign FOREIGN KEY (role_id) REFERENCES roles(id) ON...",".sql"
"BD\Olds\backup_pre_deploy_20251017_160727.sql","12378","CASCADE","ALTO","ADD CONSTRAINT traspaso_det_traspaso_id_fkey FOREIGN KEY (traspaso_id) REFERENCES traspaso_cab(id...",".sql"
"BD\Olds\backup_pre_deploy_20251017_160759.sql","11802","CASCADE","ALTO","ADD CONSTRAINT conciliacion_postcorte_id_fkey FOREIGN KEY (postcorte_id) REFERENCES postcorte(id)...",".sql"
"BD\Olds\backup_pre_deploy_20251017_160759.sql","11842","CASCADE","ALTO","ADD CONSTRAINT fk_ticket_det_cab FOREIGN KEY (ticket_id) REFERENCES ticket_venta_cab(id) ON DELET...",".sql"
"BD\Olds\backup_pre_deploy_20251017_160759.sql","11994","CASCADE","ALTO","ADD CONSTRAINT model_has_permissions_permission_id_foreign FOREIGN KEY (permission_id) REFERENCES...",".sql"
"BD\Olds\backup_pre_deploy_20251017_160759.sql","12002","CASCADE","ALTO","ADD CONSTRAINT model_has_roles_role_id_foreign FOREIGN KEY (role_id) REFERENCES roles(id) ON DELE...",".sql"
"BD\Olds\backup_pre_deploy_20251017_160759.sql","12082","CASCADE","ALTO","ADD CONSTRAINT op_insumo_op_id_fkey FOREIGN KEY (op_id) REFERENCES op_cab(id) ON DELETE CASCADE;",".sql"
"BD\Olds\backup_pre_deploy_20251017_160759.sql","12106","CASCADE","ALTO","ADD CONSTRAINT op_yield_op_id_fkey FOREIGN KEY (op_id) REFERENCES op_cab(id) ON DELETE CASCADE;",".sql"
"BD\Olds\backup_pre_deploy_20251017_160759.sql","12138","CASCADE","ALTO","ADD CONSTRAINT postcorte_sesion_id_fkey FOREIGN KEY (sesion_id) REFERENCES sesion_cajon(id) ON DE...",".sql"
"BD\Olds\backup_pre_deploy_20251017_160759.sql","12146","CASCADE","ALTO","ADD CONSTRAINT precorte_efectivo_precorte_id_fkey FOREIGN KEY (precorte_id) REFERENCES precorte(i...",".sql"
"BD\Olds\backup_pre_deploy_20251017_160759.sql","12154","CASCADE","ALTO","ADD CONSTRAINT precorte_otros_precorte_id_fkey FOREIGN KEY (precorte_id) REFERENCES precorte(id) ...",".sql"
"BD\Olds\backup_pre_deploy_20251017_160759.sql","12162","CASCADE","ALTO","ADD CONSTRAINT precorte_sesion_id_fkey FOREIGN KEY (sesion_id) REFERENCES sesion_cajon(id) ON DEL...",".sql"
"BD\Olds\backup_pre_deploy_20251017_160759.sql","12218","CASCADE","ALTO","ADD CONSTRAINT recepcion_det_recepcion_id_fkey FOREIGN KEY (recepcion_id) REFERENCES recepcion_ca...",".sql"
"BD\Olds\backup_pre_deploy_20251017_160759.sql","12274","CASCADE","ALTO","ADD CONSTRAINT role_has_permissions_permission_id_foreign FOREIGN KEY (permission_id) REFERENCES ...",".sql"
"BD\Olds\backup_pre_deploy_20251017_160759.sql","12282","CASCADE","ALTO","ADD CONSTRAINT role_has_permissions_role_id_foreign FOREIGN KEY (role_id) REFERENCES roles(id) ON...",".sql"
"BD\Olds\backup_pre_deploy_20251017_160759.sql","12378","CASCADE","ALTO","ADD CONSTRAINT traspaso_det_traspaso_id_fkey FOREIGN KEY (traspaso_id) REFERENCES traspaso_cab(id...",".sql"
"BD\Olds\backup_pre_deploy_20251017_160849.sql","11802","CASCADE","ALTO","ADD CONSTRAINT conciliacion_postcorte_id_fkey FOREIGN KEY (postcorte_id) REFERENCES postcorte(id)...",".sql"
"BD\Olds\backup_pre_deploy_20251017_160849.sql","11842","CASCADE","ALTO","ADD CONSTRAINT fk_ticket_det_cab FOREIGN KEY (ticket_id) REFERENCES ticket_venta_cab(id) ON DELET...",".sql"
"BD\Olds\backup_pre_deploy_20251017_160849.sql","11994","CASCADE","ALTO","ADD CONSTRAINT model_has_permissions_permission_id_foreign FOREIGN KEY (permission_id) REFERENCES...",".sql"
"BD\Olds\backup_pre_deploy_20251017_160849.sql","12002","CASCADE","ALTO","ADD CONSTRAINT model_has_roles_role_id_foreign FOREIGN KEY (role_id) REFERENCES roles(id) ON DELE...",".sql"
"BD\Olds\backup_pre_deploy_20251017_160849.sql","12082","CASCADE","ALTO","ADD CONSTRAINT op_insumo_op_id_fkey FOREIGN KEY (op_id) REFERENCES op_cab(id) ON DELETE CASCADE;",".sql"
"BD\Olds\backup_pre_deploy_20251017_160849.sql","12106","CASCADE","ALTO","ADD CONSTRAINT op_yield_op_id_fkey FOREIGN KEY (op_id) REFERENCES op_cab(id) ON DELETE CASCADE;",".sql"
"BD\Olds\backup_pre_deploy_20251017_160849.sql","12138","CASCADE","ALTO","ADD CONSTRAINT postcorte_sesion_id_fkey FOREIGN KEY (sesion_id) REFERENCES sesion_cajon(id) ON DE...",".sql"
"BD\Olds\backup_pre_deploy_20251017_160849.sql","12146","CASCADE","ALTO","ADD CONSTRAINT precorte_efectivo_precorte_id_fkey FOREIGN KEY (precorte_id) REFERENCES precorte(i...",".sql"
"BD\Olds\backup_pre_deploy_20251017_160849.sql","12154","CASCADE","ALTO","ADD CONSTRAINT precorte_otros_precorte_id_fkey FOREIGN KEY (precorte_id) REFERENCES precorte(id) ...",".sql"
"BD\Olds\backup_pre_deploy_20251017_160849.sql","12162","CASCADE","ALTO","ADD CONSTRAINT precorte_sesion_id_fkey FOREIGN KEY (sesion_id) REFERENCES sesion_cajon(id) ON DEL...",".sql"
"BD\Olds\backup_pre_deploy_20251017_160849.sql","12218","CASCADE","ALTO","ADD CONSTRAINT recepcion_det_recepcion_id_fkey FOREIGN KEY (recepcion_id) REFERENCES recepcion_ca...",".sql"
"BD\Olds\backup_pre_deploy_20251017_160849.sql","12274","CASCADE","ALTO","ADD CONSTRAINT role_has_permissions_permission_id_foreign FOREIGN KEY (permission_id) REFERENCES ...",".sql"
"BD\Olds\backup_pre_deploy_20251017_160849.sql","12282","CASCADE","ALTO","ADD CONSTRAINT role_has_permissions_role_id_foreign FOREIGN KEY (role_id) REFERENCES roles(id) ON...",".sql"
"BD\Olds\backup_pre_deploy_20251017_160849.sql","12378","CASCADE","ALTO","ADD CONSTRAINT traspaso_det_traspaso_id_fkey FOREIGN KEY (traspaso_id) REFERENCES traspaso_cab(id...",".sql"
"BD\Olds\backup_pre_deploy_20251017_221857.sql","12454","CASCADE","ALTO","ADD CONSTRAINT conciliacion_postcorte_id_fkey FOREIGN KEY (postcorte_id) REFERENCES postcorte(id)...",".sql"
"BD\Olds\backup_pre_deploy_20251017_221857.sql","12494","CASCADE","ALTO","ADD CONSTRAINT fk_ticket_det_cab FOREIGN KEY (ticket_id) REFERENCES ticket_venta_cab(id) ON DELET...",".sql"
"BD\Olds\backup_pre_deploy_20251017_221857.sql","12646","CASCADE","ALTO","ADD CONSTRAINT model_has_permissions_permission_id_foreign FOREIGN KEY (permission_id) REFERENCES...",".sql"
"BD\Olds\backup_pre_deploy_20251017_221857.sql","12654","CASCADE","ALTO","ADD CONSTRAINT model_has_roles_role_id_foreign FOREIGN KEY (role_id) REFERENCES roles(id) ON DELE...",".sql"
"BD\Olds\backup_pre_deploy_20251017_221857.sql","12734","CASCADE","ALTO","ADD CONSTRAINT op_insumo_op_id_fkey FOREIGN KEY (op_id) REFERENCES op_cab(id) ON DELETE CASCADE;",".sql"
"BD\Olds\backup_pre_deploy_20251017_221857.sql","12758","CASCADE","ALTO","ADD CONSTRAINT op_yield_op_id_fkey FOREIGN KEY (op_id) REFERENCES op_cab(id) ON DELETE CASCADE;",".sql"
"BD\Olds\backup_pre_deploy_20251017_221857.sql","12790","CASCADE","ALTO","ADD CONSTRAINT postcorte_sesion_id_fkey FOREIGN KEY (sesion_id) REFERENCES sesion_cajon(id) ON DE...",".sql"
"BD\Olds\backup_pre_deploy_20251017_221857.sql","12798","CASCADE","ALTO","ADD CONSTRAINT precorte_efectivo_precorte_id_fkey FOREIGN KEY (precorte_id) REFERENCES precorte(i...",".sql"
"BD\Olds\backup_pre_deploy_20251017_221857.sql","12806","CASCADE","ALTO","ADD CONSTRAINT precorte_otros_precorte_id_fkey FOREIGN KEY (precorte_id) REFERENCES precorte(id) ...",".sql"
"BD\Olds\backup_pre_deploy_20251017_221857.sql","12814","CASCADE","ALTO","ADD CONSTRAINT precorte_sesion_id_fkey FOREIGN KEY (sesion_id) REFERENCES sesion_cajon(id) ON DEL...",".sql"
"BD\Olds\backup_pre_deploy_20251017_221857.sql","12870","CASCADE","ALTO","ADD CONSTRAINT recepcion_det_recepcion_id_fkey FOREIGN KEY (recepcion_id) REFERENCES recepcion_ca...",".sql"
"BD\Olds\backup_pre_deploy_20251017_221857.sql","12926","CASCADE","ALTO","ADD CONSTRAINT role_has_permissions_permission_id_foreign FOREIGN KEY (permission_id) REFERENCES ...",".sql"
"BD\Olds\backup_pre_deploy_20251017_221857.sql","12934","CASCADE","ALTO","ADD CONSTRAINT role_has_permissions_role_id_foreign FOREIGN KEY (role_id) REFERENCES roles(id) ON...",".sql"
"BD\Olds\backup_pre_deploy_20251017_221857.sql","13030","CASCADE","ALTO","ADD CONSTRAINT traspaso_det_traspaso_id_fkey FOREIGN KEY (traspaso_id) REFERENCES traspaso_cab(id...",".sql"
"BD\Olds\corte_auxiliar.sql","24","CASCADE","ALTO","session_id     BIGINT NOT NULL REFERENCES terrena_drawer_session(id) ON UPDATE NO ACTION ON DELET...",".sql"
"BD\Olds\corte_auxiliar.sql","33","CASCADE","ALTO","precorte_id   BIGINT NOT NULL REFERENCES terrena_precorte(id) ON UPDATE NO ACTION ON DELETE CASCADE,",".sql"
"BD\Olds\corte_auxiliar.sql","41","CASCADE","ALTO","precorte_id   BIGINT NOT NULL REFERENCES terrena_precorte(id) ON UPDATE NO ACTION ON DELETE CASCADE,",".sql"
"BD\Olds\corte_auxiliar.sql","49","CASCADE","ALTO","session_id      BIGINT NOT NULL REFERENCES terrena_drawer_session(id) ON UPDATE NO ACTION ON DELE...",".sql"
"BD\Olds\DEPLOY_CONSOLIDADO_FULL_PG95-20251017-0953.sql","69","DROP TABLE","ALTO","DROP TABLE IF EXISTS selemti.users CASCADE;",".sql"
"BD\Olds\DEPLOY_CONSOLIDADO_FULL_PG95-20251017-0953.sql","70","CASCADE","ALTO","DROP SEQUENCE IF EXISTS selemti.users_id_seq CASCADE;",".sql"
"BD\Olds\DEPLOY_CONSOLIDADO_FULL_PG95-20251017-0953.sql","91","CASCADE","ALTO","user_id INTEGER REFERENCES selemti.users(id) ON DELETE CASCADE,",".sql"
"BD\Olds\DEPLOY_CONSOLIDADO_FULL_PG95-20251017-0953.sql","863","CASCADE","ALTO","ON DELETE CASCADE;",".sql"
"BD\Olds\DEPLOY_CONSOLIDADO_FULL_PG95-20251017-0953.sql","951","CASCADE","ALTO","precorte_id   BIGINT NOT NULL REFERENCES selemti.precorte(id) ON DELETE CASCADE,",".sql"
"BD\Olds\DEPLOY_CONSOLIDADO_FULL_PG95-20251017-0953.sql","1664","CASCADE","ALTO","recepcion_id BIGINT NOT NULL REFERENCES selemti.recepcion_cab(id) ON DELETE CASCADE,",".sql"
"BD\Olds\DEPLOY_CONSOLIDADO_FULL_PG95-20251017-0953.sql","1688","CASCADE","ALTO","traspaso_id BIGINT NOT NULL REFERENCES selemti.traspaso_cab(id) ON DELETE CASCADE,",".sql"
"BD\Olds\DEPLOY_CONSOLIDADO_FULL_PG95-20251017-0953.sql","1728","CASCADE","ALTO","op_id BIGINT NOT NULL REFERENCES selemti.op_cab(id) ON DELETE CASCADE,",".sql"
"BD\Olds\DEPLOY_CONSOLIDADO_FULL_PG95-20251017-0953.sql","1738","CASCADE","ALTO","op_id BIGINT PRIMARY KEY REFERENCES selemti.op_cab(id) ON DELETE CASCADE,",".sql"
"BD\Olds\DEPLOY_CONSOLIDADO_FULL_PG95-20251017-0953.sql","1985","CASCADE","ALTO","sesion_id          BIGINT NOT NULL REFERENCES selemti.sesion_cajon(id) ON DELETE CASCADE,",".sql"
"BD\Olds\DEPLOY_CONSOLIDADO_FULL_PG95-20251017-0953.sql","1996","CASCADE","ALTO","precorte_id   BIGINT NOT NULL REFERENCES selemti.precorte(id) ON DELETE CASCADE,",".sql"
"BD\Olds\DEPLOY_CONSOLIDADO_FULL_PG95-20251017-0953.sql","2014","CASCADE","ALTO","precorte_id   BIGINT NOT NULL REFERENCES selemti.precorte(id) ON DELETE CASCADE,",".sql"
"BD\Olds\DEPLOY_CONSOLIDADO_FULL_PG95-20251017-0953.sql","2027","CASCADE","ALTO","sesion_id                  BIGINT NOT NULL REFERENCES selemti.sesion_cajon(id) ON DELETE CASCADE,",".sql"
"BD\Olds\DEPLOY_CONSOLIDADO_FULL_PG95-20251017-0953.sql","2589","CASCADE","ALTO","sesion_id          BIGINT NOT NULL REFERENCES selemti.sesion_cajon(id) ON DELETE CASCADE,",".sql"
"BD\Olds\DEPLOY_CONSOLIDADO_FULL_PG95-20251017-0953.sql","2600","CASCADE","ALTO","precorte_id   BIGINT NOT NULL REFERENCES selemti.precorte(id) ON DELETE CASCADE,",".sql"
"BD\Olds\DEPLOY_CONSOLIDADO_FULL_PG95-20251017-0953.sql","2619","CASCADE","ALTO","precorte_id   BIGINT NOT NULL REFERENCES selemti.precorte(id) ON DELETE CASCADE,",".sql"
"BD\Olds\DEPLOY_CONSOLIDADO_FULL_PG95-20251017-0953.sql","2634","CASCADE","ALTO","sesion_id                BIGINT NOT NULL REFERENCES selemti.sesion_cajon(id) ON DELETE CASCADE,",".sql"
"BD\Olds\DEPLOY_CONSOLIDADO_FULL_PG95-20251017-0953.sql","3386","CASCADE","ALTO","user_id INTEGER REFERENCES selemti.users(id) ON DELETE CASCADE,",".sql"
"BD\Olds\DEPLOY_CONSOLIDADO_FULL_PG95-20251017-0953.sql","3965","CASCADE","ALTO","recepcion_id INTEGER NOT NULL REFERENCES selemti.recepcion_cab(id) ON DELETE CASCADE,",".sql"
"BD\Olds\DEPLOY_CONSOLIDADO_FULL_PG95-20251017-0953.sql","4021","CASCADE","ALTO","traspaso_id INTEGER NOT NULL REFERENCES selemti.traspaso_cab(id) ON DELETE CASCADE,",".sql"
"BD\Olds\DEPLOY_CONSOLIDADO_FULL_PG95-20251017-0953.sql","4059","CASCADE","ALTO","ajuste_id INTEGER NOT NULL REFERENCES selemti.ajuste_inv_cab(id) ON DELETE CASCADE,",".sql"
"BD\Olds\DEPLOY_CONSOLIDADO_FULL_PG95-20251017-0953.sql","4100","CASCADE","ALTO","conteo_id INTEGER NOT NULL REFERENCES selemti.conteo_fisico_cab(id) ON DELETE CASCADE,",".sql"
"BD\Olds\DEPLOY_CONSOLIDADO_FULL_PG95-20251017-0953.sql","4154","CASCADE","ALTO","receta_id VARCHAR(20) NOT NULL REFERENCES selemti.receta_cab(id) ON DELETE CASCADE,",".sql"
"BD\Olds\DEPLOY_CONSOLIDADO_FULL_PG95-20251017-0953.sql","4209","CASCADE","ALTO","op_id INTEGER NOT NULL REFERENCES selemti.op_produccion_cab(id) ON DELETE CASCADE,",".sql"
"BD\Olds\DEPLOY_CONSOLIDADO_FULL_PG95-20251017-0953.sql","4306","CASCADE","ALTO","ticket_id INTEGER NOT NULL REFERENCES selemti.ticket_venta_cab(id) ON DELETE CASCADE,",".sql"
"BD\Olds\DEPLOY_CONSOLIDADO_FULL_PG95-20251017-0953.sql","4328","CASCADE","ALTO","ticket_det_id INTEGER NOT NULL REFERENCES selemti.ticket_venta_det(id) ON DELETE CASCADE,",".sql"
"BD\Olds\DEPLOY_CONSOLIDADO_FULL_PG95-20251017-0953.sql","4451","CASCADE","ALTO","cierre_id INTEGER NOT NULL REFERENCES selemti.caja_cierres(id) ON DELETE CASCADE,",".sql"
"BD\Olds\DEPLOY_CONSOLIDADO_FULL_PG95-20251017-0953.sql","4547","CASCADE","ALTO","alerta_id INTEGER NOT NULL REFERENCES selemti.appcc_alertas(id) ON DELETE CASCADE,",".sql"
"BD\Olds\DEPLOY_CONSOLIDADO_FULL_PG95-20251017-0953.sql","4875","CASCADE","ALTO","session_id     BIGINT NOT NULL REFERENCES terrena_drawer_session(id) ON UPDATE NO ACTION ON DELET...",".sql"
"BD\Olds\DEPLOY_CONSOLIDADO_FULL_PG95-20251017-0953.sql","4884","CASCADE","ALTO","precorte_id   BIGINT NOT NULL REFERENCES terrena_precorte(id) ON UPDATE NO ACTION ON DELETE CASCADE,",".sql"
"BD\Olds\DEPLOY_CONSOLIDADO_FULL_PG95-20251017-0953.sql","4892","CASCADE","ALTO","precorte_id   BIGINT NOT NULL REFERENCES terrena_precorte(id) ON UPDATE NO ACTION ON DELETE CASCADE,",".sql"
"BD\Olds\DEPLOY_CONSOLIDADO_FULL_PG95-20251017-0953.sql","4900","CASCADE","ALTO","session_id      BIGINT NOT NULL REFERENCES terrena_drawer_session(id) ON UPDATE NO ACTION ON DELE...",".sql"
"BD\Olds\DEPLOY_CONSOLIDADO_FULL_PG95-20251017-0953.sql","5064","CASCADE","ALTO","user_id INTEGER REFERENCES selemti.users(id) ON DELETE CASCADE,",".sql"
"BD\Olds\DEPLOY_CONSOLIDADO_FULL_PG95-20251017-0953.sql","5216","CASCADE","ALTO","recepcion_id INTEGER NOT NULL REFERENCES selemti.recepcion_cab(id) ON DELETE CASCADE,",".sql"
"BD\Olds\DEPLOY_CONSOLIDADO_FULL_PG95-20251017-0953.sql","5272","CASCADE","ALTO","traspaso_id INTEGER NOT NULL REFERENCES selemti.traspaso_cab(id) ON DELETE CASCADE,",".sql"
"BD\Olds\DEPLOY_CONSOLIDADO_FULL_PG95-20251017-0953.sql","5310","CASCADE","ALTO","ajuste_id INTEGER NOT NULL REFERENCES selemti.ajuste_inv_cab(id) ON DELETE CASCADE,",".sql"
"BD\Olds\DEPLOY_CONSOLIDADO_FULL_PG95-20251017-0953.sql","5351","CASCADE","ALTO","conteo_id INTEGER NOT NULL REFERENCES selemti.conteo_fisico_cab(id) ON DELETE CASCADE,",".sql"
"BD\Olds\DEPLOY_CONSOLIDADO_FULL_PG95-20251017-0953.sql","5405","CASCADE","ALTO","receta_id VARCHAR(20) NOT NULL REFERENCES selemti.receta_cab(id) ON DELETE CASCADE,",".sql"
"BD\Olds\DEPLOY_CONSOLIDADO_FULL_PG95-20251017-0953.sql","5460","CASCADE","ALTO","op_id INTEGER NOT NULL REFERENCES selemti.op_produccion_cab(id) ON DELETE CASCADE,",".sql"
"BD\Olds\DEPLOY_CONSOLIDADO_FULL_PG95-20251017-0953.sql","5557","CASCADE","ALTO","ticket_id INTEGER NOT NULL REFERENCES selemti.ticket_venta_cab(id) ON DELETE CASCADE,",".sql"
"BD\Olds\DEPLOY_CONSOLIDADO_FULL_PG95-20251017-0953.sql","5579","CASCADE","ALTO","ticket_det_id INTEGER NOT NULL REFERENCES selemti.ticket_venta_det(id) ON DELETE CASCADE,",".sql"
"BD\Olds\DEPLOY_CONSOLIDADO_FULL_PG95-20251017-0953.sql","5702","CASCADE","ALTO","cierre_id INTEGER NOT NULL REFERENCES selemti.caja_cierres(id) ON DELETE CASCADE,",".sql"
"BD\Olds\DEPLOY_CONSOLIDADO_FULL_PG95-20251017-0953.sql","5798","CASCADE","ALTO","alerta_id INTEGER NOT NULL REFERENCES selemti.appcc_alertas(id) ON DELETE CASCADE,",".sql"
"BD\Olds\DEPLOY_CONSOLIDADO_FULL_PG95-20251017-0953.sql","6568","CASCADE","ALTO","precorte_id bigint NOT NULL REFERENCES pc_precorte(id) ON DELETE CASCADE,",".sql"
"BD\Olds\DEPLOY_CONSOLIDADO_FULL_PG95-20251017-0953.sql","6578","CASCADE","ALTO","precorte_id  bigint NOT NULL REFERENCES pc_precorte(id) ON DELETE CASCADE,",".sql"
"BD\Olds\DEPLOY_CONSOLIDADO_FULL_PG95-20251017-0953.sql","6587","CASCADE","ALTO","precorte_id  bigint NOT NULL REFERENCES pc_precorte(id) ON DELETE CASCADE,",".sql"
"BD\Olds\DEPLOY_CONSOLIDADO_FULL_PG95-20251017-0953.sql","6595","CASCADE","ALTO","precorte_id  bigint NOT NULL REFERENCES pc_precorte(id) ON DELETE CASCADE,",".sql"
"BD\Olds\DEPLOY_CONSOLIDADO_FULL_PG95-20251017-0953.sql","6822","CASCADE","ALTO","session_id BIGINT NOT NULL REFERENCES selempos.selempos_drawer_session(id) ON DELETE CASCADE,",".sql"
"BD\Olds\DEPLOY_CONSOLIDADO_FULL_PG95-20251017-0953.sql","6834","CASCADE","ALTO","precorte_id BIGINT NOT NULL REFERENCES selempos.selempos_precorte(id) ON DELETE CASCADE,",".sql"
"BD\Olds\DEPLOY_CONSOLIDADO_FULL_PG95-20251017-0953.sql","6843","CASCADE","ALTO","session_id BIGINT NOT NULL REFERENCES selempos.selempos_drawer_session(id) ON DELETE CASCADE,",".sql"
"BD\Olds\DEPLOY_CONSOLIDADO_FULL_PG95-20251017-0953.sql","8957","CASCADE","ALTO","user_id INTEGER REFERENCES selemti.users(id) ON DELETE CASCADE,",".sql"
"BD\Olds\DEPLOY_CONSOLIDADO_FULL_PG95-20251017-0953.sql","9108","CASCADE","ALTO","recepcion_id INTEGER NOT NULL REFERENCES selemti.recepcion_cab(id) ON DELETE CASCADE,",".sql"
"BD\Olds\DEPLOY_CONSOLIDADO_FULL_PG95-20251017-0953.sql","9164","CASCADE","ALTO","traspaso_id INTEGER NOT NULL REFERENCES selemti.traspaso_cab(id) ON DELETE CASCADE,",".sql"
"BD\Olds\DEPLOY_CONSOLIDADO_FULL_PG95-20251017-0953.sql","9202","CASCADE","ALTO","ajuste_id INTEGER NOT NULL REFERENCES selemti.ajuste_inv_cab(id) ON DELETE CASCADE,",".sql"
"BD\Olds\DEPLOY_CONSOLIDADO_FULL_PG95-20251017-0953.sql","9243","CASCADE","ALTO","conteo_id INTEGER NOT NULL REFERENCES selemti.conteo_fisico_cab(id) ON DELETE CASCADE,",".sql"
"BD\Olds\DEPLOY_CONSOLIDADO_FULL_PG95-20251017-0953.sql","9296","CASCADE","ALTO","receta_id VARCHAR(20) NOT NULL REFERENCES selemti.receta_cab(id) ON DELETE CASCADE,",".sql"
"BD\Olds\DEPLOY_CONSOLIDADO_FULL_PG95-20251017-0953.sql","9351","CASCADE","ALTO","op_id INTEGER NOT NULL REFERENCES selemti.op_produccion_cab(id) ON DELETE CASCADE,",".sql"
"BD\Olds\DEPLOY_CONSOLIDADO_FULL_PG95-20251017-0953.sql","9448","CASCADE","ALTO","ticket_id INTEGER NOT NULL REFERENCES selemti.ticket_venta_cab(id) ON DELETE CASCADE,",".sql"
"BD\Olds\DEPLOY_CONSOLIDADO_FULL_PG95-20251017-0953.sql","9470","CASCADE","ALTO","ticket_det_id INTEGER NOT NULL REFERENCES selemti.ticket_venta_det(id) ON DELETE CASCADE,",".sql"
"BD\Olds\DEPLOY_CONSOLIDADO_FULL_PG95-20251017-0953.sql","9593","CASCADE","ALTO","cierre_id INTEGER NOT NULL REFERENCES selemti.caja_cierres(id) ON DELETE CASCADE,",".sql"
"BD\Olds\DEPLOY_CONSOLIDADO_FULL_PG95-20251017-0953.sql","9689","CASCADE","ALTO","alerta_id INTEGER NOT NULL REFERENCES selemti.appcc_alertas(id) ON DELETE CASCADE,",".sql"
"BD\Olds\DEPLOY_CONSOLIDADO_FULL_PG95-20251017-0953.sql","10074","CASCADE","ALTO","user_id INTEGER REFERENCES selemti.users(id) ON DELETE CASCADE,",".sql"
"BD\Olds\DEPLOY_CONSOLIDADO_FULL_PG95-20251017-0953.sql","10484","DROP DATABASE","EXTREMO","DROP DATABASE pos;",".sql"
"BD\Olds\DEPLOY_CONSOLIDADO_FULL_PG95-20251017-0953.sql","21808","CASCADE","ALTO","ADD CONSTRAINT postcorte_sesion_id_fkey FOREIGN KEY (sesion_id) REFERENCES sesion_cajon(id) ON DE...",".sql"
"BD\Olds\DEPLOY_CONSOLIDADO_FULL_PG95-20251017-0953.sql","21817","CASCADE","ALTO","ADD CONSTRAINT precorte_efectivo_precorte_id_fkey FOREIGN KEY (precorte_id) REFERENCES precorte(i...",".sql"
"BD\Olds\DEPLOY_CONSOLIDADO_FULL_PG95-20251017-0953.sql","21826","CASCADE","ALTO","ADD CONSTRAINT precorte_otros_precorte_id_fkey FOREIGN KEY (precorte_id) REFERENCES precorte(id) ...",".sql"
"BD\Olds\DEPLOY_CONSOLIDADO_FULL_PG95-20251017-0953.sql","21835","CASCADE","ALTO","ADD CONSTRAINT precorte_sesion_id_fkey FOREIGN KEY (sesion_id) REFERENCES sesion_cajon(id) ON DEL...",".sql"
"BD\Olds\DEPLOY_CONSOLIDADO_FULL_PG95-20251017-0953.sql","23339","DROP DATABASE","EXTREMO","DROP DATABASE pos;",".sql"
"BD\Olds\DEPLOY_CONSOLIDADO_FULL_PG95-20251017-0953.sql","34907","CASCADE","ALTO","ADD CONSTRAINT fk_ticket_det_cab FOREIGN KEY (ticket_id) REFERENCES ticket_venta_cab(id) ON DELET...",".sql"
"BD\Olds\DEPLOY_CONSOLIDADO_FULL_PG95-20251017-0953.sql","34988","CASCADE","ALTO","ADD CONSTRAINT model_has_permissions_permission_id_foreign FOREIGN KEY (permission_id) REFERENCES...",".sql"
"BD\Olds\DEPLOY_CONSOLIDADO_FULL_PG95-20251017-0953.sql","34997","CASCADE","ALTO","ADD CONSTRAINT model_has_roles_role_id_foreign FOREIGN KEY (role_id) REFERENCES roles(id) ON DELE...",".sql"
"BD\Olds\DEPLOY_CONSOLIDADO_FULL_PG95-20251017-0953.sql","35069","CASCADE","ALTO","ADD CONSTRAINT postcorte_sesion_id_fkey FOREIGN KEY (sesion_id) REFERENCES sesion_cajon(id) ON DE...",".sql"
"BD\Olds\DEPLOY_CONSOLIDADO_FULL_PG95-20251017-0953.sql","35078","CASCADE","ALTO","ADD CONSTRAINT precorte_efectivo_precorte_id_fkey FOREIGN KEY (precorte_id) REFERENCES precorte(i...",".sql"
"BD\Olds\DEPLOY_CONSOLIDADO_FULL_PG95-20251017-0953.sql","35087","CASCADE","ALTO","ADD CONSTRAINT precorte_otros_precorte_id_fkey FOREIGN KEY (precorte_id) REFERENCES precorte(id) ...",".sql"
"BD\Olds\DEPLOY_CONSOLIDADO_FULL_PG95-20251017-0953.sql","35096","CASCADE","ALTO","ADD CONSTRAINT precorte_sesion_id_fkey FOREIGN KEY (sesion_id) REFERENCES sesion_cajon(id) ON DEL...",".sql"
"BD\Olds\DEPLOY_CONSOLIDADO_FULL_PG95-20251017-0953.sql","35141","CASCADE","ALTO","ADD CONSTRAINT role_has_permissions_permission_id_foreign FOREIGN KEY (permission_id) REFERENCES ...",".sql"
"BD\Olds\DEPLOY_CONSOLIDADO_FULL_PG95-20251017-0953.sql","35150","CASCADE","ALTO","ADD CONSTRAINT role_has_permissions_role_id_foreign FOREIGN KEY (role_id) REFERENCES roles(id) ON...",".sql"
"BD\Olds\DEPLOY_CONSOLIDADO_FULL_PG95-20251017-0953.sql","36639","CASCADE","ALTO","precorte_id bigint NOT NULL REFERENCES pc_precorte(id) ON DELETE CASCADE,",".sql"
"BD\Olds\DEPLOY_CONSOLIDADO_FULL_PG95-20251017-0953.sql","36649","CASCADE","ALTO","precorte_id  bigint NOT NULL REFERENCES pc_precorte(id) ON DELETE CASCADE,",".sql"
"BD\Olds\DEPLOY_CONSOLIDADO_FULL_PG95-20251017-0953.sql","36658","CASCADE","ALTO","precorte_id  bigint NOT NULL REFERENCES pc_precorte(id) ON DELETE CASCADE,",".sql"
"BD\Olds\DEPLOY_CONSOLIDADO_FULL_PG95-20251017-0953.sql","36666","CASCADE","ALTO","precorte_id  bigint NOT NULL REFERENCES pc_precorte(id) ON DELETE CASCADE,",".sql"
"BD\Olds\DEPLOY_CONSOLIDADO_FULL_PG95-20251017-0953.sql","36761","DROP DATABASE","EXTREMO","DROP DATABASE pos;",".sql"
"BD\Olds\DEPLOY_CONSOLIDADO_FULL_PG95-20251017-0953.sql","44845","CASCADE","ALTO","ADD CONSTRAINT postcorte_sesion_id_fkey FOREIGN KEY (sesion_id) REFERENCES sesion_cajon(id) ON DE...",".sql"
"BD\Olds\DEPLOY_CONSOLIDADO_FULL_PG95-20251017-0953.sql","44854","CASCADE","ALTO","ADD CONSTRAINT precorte_efectivo_precorte_id_fkey FOREIGN KEY (precorte_id) REFERENCES precorte(i...",".sql"
"BD\Olds\DEPLOY_CONSOLIDADO_FULL_PG95-20251017-0953.sql","44863","CASCADE","ALTO","ADD CONSTRAINT precorte_otros_precorte_id_fkey FOREIGN KEY (precorte_id) REFERENCES precorte(id) ...",".sql"
"BD\Olds\DEPLOY_CONSOLIDADO_FULL_PG95-20251017-0953.sql","44872","CASCADE","ALTO","ADD CONSTRAINT precorte_sesion_id_fkey FOREIGN KEY (sesion_id) REFERENCES sesion_cajon(id) ON DEL...",".sql"
"BD\Olds\DEPLOY_CONSOLIDADO_FULL_PG95-20251017-0953.sql","45024","CASCADE","ALTO","compra_id              BIGINT   NOT NULL REFERENCES selemti.compra(id) ON DELETE CASCADE,",".sql"
"BD\Olds\DEPLOY_CONSOLIDADO_FULL_PG95-20251017-0953.sql","45062","CASCADE","ALTO","recepcion_id              BIGINT NOT NULL REFERENCES selemti.recepcion(id) ON DELETE CASCADE,",".sql"
"BD\Olds\DEPLOY_CONSOLIDADO_FULL_PG95-20251017-0953.sql","45093","CASCADE","ALTO","traspaso_id  BIGINT NOT NULL REFERENCES selemti.traspaso(id) ON DELETE CASCADE,",".sql"
"BD\Olds\DEPLOY_CONSOLIDADO_FULL_PG95-20251017-0953.sql","45111","CASCADE","ALTO","produccion_id  BIGINT NOT NULL REFERENCES selemti.produccion(id) ON DELETE CASCADE,",".sql"
"BD\Olds\DEPLOY_CONSOLIDADO_FULL_PG95-20251017-0953.sql","45120","CASCADE","ALTO","produccion_id       BIGINT NOT NULL REFERENCES selemti.produccion(id) ON DELETE CASCADE,",".sql"
"BD\Olds\DEPLOY_CONSOLIDADO_FULL_PG95-20251017-0953.sql","46171","CASCADE","ALTO","session_id BIGINT NOT NULL REFERENCES selempos.selempos_drawer_session(id) ON DELETE CASCADE,",".sql"
"BD\Olds\DEPLOY_CONSOLIDADO_FULL_PG95-20251017-0953.sql","46183","CASCADE","ALTO","precorte_id BIGINT NOT NULL REFERENCES selempos.selempos_precorte(id) ON DELETE CASCADE,",".sql"
"BD\Olds\DEPLOY_CONSOLIDADO_FULL_PG95-20251017-0953.sql","46192","CASCADE","ALTO","session_id BIGINT NOT NULL REFERENCES selempos.selempos_drawer_session(id) ON DELETE CASCADE,",".sql"
"BD\Olds\DEPLOY_CONSOLIDADO_FULL_PG95-v2-20251017-175746.sql","64","DROP TABLE","ALTO","DROP TABLE IF EXISTS selemti.users CASCADE;",".sql"
"BD\Olds\DEPLOY_CONSOLIDADO_FULL_PG95-v2-20251017-175746.sql","65","CASCADE","ALTO","DROP SEQUENCE IF EXISTS selemti.users_id_seq CASCADE;",".sql"
"BD\Olds\DEPLOY_CONSOLIDADO_FULL_PG95-v2-20251017-175746.sql","84","CASCADE","ALTO","user_id INTEGER REFERENCES selemti.users(id) ON DELETE CASCADE,",".sql"
"BD\Olds\DEPLOY_CONSOLIDADO_FULL_PG95-v2-20251017-175746.sql","770","CASCADE","ALTO","ON DELETE CASCADE;",".sql"
"BD\Olds\DEPLOY_CONSOLIDADO_FULL_PG95-v2-20251017-175746.sql","853","CASCADE","ALTO","precorte_id   BIGINT NOT NULL REFERENCES selemti.precorte(id) ON DELETE CASCADE,",".sql"
"BD\Olds\DEPLOY_CONSOLIDADO_FULL_PG95-v2-20251017-175746.sql","1427","CASCADE","ALTO","recepcion_id BIGINT NOT NULL REFERENCES selemti.recepcion_cab(id) ON DELETE CASCADE,",".sql"
"BD\Olds\DEPLOY_CONSOLIDADO_FULL_PG95-v2-20251017-175746.sql","1449","CASCADE","ALTO","traspaso_id BIGINT NOT NULL REFERENCES selemti.traspaso_cab(id) ON DELETE CASCADE,",".sql"
"BD\Olds\DEPLOY_CONSOLIDADO_FULL_PG95-v2-20251017-175746.sql","1486","CASCADE","ALTO","op_id BIGINT NOT NULL REFERENCES selemti.op_cab(id) ON DELETE CASCADE,",".sql"
"BD\Olds\DEPLOY_CONSOLIDADO_FULL_PG95-v2-20251017-175746.sql","1495","CASCADE","ALTO","op_id BIGINT PRIMARY KEY REFERENCES selemti.op_cab(id) ON DELETE CASCADE,",".sql"
"BD\Olds\DEPLOY_CONSOLIDADO_FULL_PG95-v2-20251017-175746.sql","1705","CASCADE","ALTO","sesion_id          BIGINT NOT NULL REFERENCES selemti.sesion_cajon(id) ON DELETE CASCADE,",".sql"
"BD\Olds\DEPLOY_CONSOLIDADO_FULL_PG95-v2-20251017-175746.sql","1722","CASCADE","ALTO","precorte_id   BIGINT NOT NULL REFERENCES selemti.precorte(id) ON DELETE CASCADE,",".sql"
"BD\Olds\DEPLOY_CONSOLIDADO_FULL_PG95-v2-20251017-175746.sql","1734","CASCADE","ALTO","sesion_id                  BIGINT NOT NULL REFERENCES selemti.sesion_cajon(id) ON DELETE CASCADE,",".sql"
"BD\Olds\DEPLOY_CONSOLIDADO_FULL_PG95-v2-20251017-175746.sql","3173","CASCADE","ALTO","ajuste_id INTEGER NOT NULL REFERENCES selemti.ajuste_inv_cab(id) ON DELETE CASCADE,",".sql"
"BD\Olds\DEPLOY_CONSOLIDADO_FULL_PG95-v2-20251017-175746.sql","3212","CASCADE","ALTO","conteo_id INTEGER NOT NULL REFERENCES selemti.conteo_fisico_cab(id) ON DELETE CASCADE,",".sql"
"BD\Olds\DEPLOY_CONSOLIDADO_FULL_PG95-v2-20251017-175746.sql","3243","CASCADE","ALTO","op_id INTEGER NOT NULL REFERENCES selemti.op_produccion_cab(id) ON DELETE CASCADE,",".sql"
"BD\Olds\DEPLOY_CONSOLIDADO_FULL_PG95-v2-20251017-175746.sql","3316","CASCADE","ALTO","ticket_det_id INTEGER NOT NULL REFERENCES selemti.ticket_venta_det(id) ON DELETE CASCADE,",".sql"
"BD\Olds\DEPLOY_CONSOLIDADO_FULL_PG95-v2-20251017-175746.sql","3433","CASCADE","ALTO","cierre_id INTEGER NOT NULL REFERENCES selemti.caja_cierres(id) ON DELETE CASCADE,",".sql"
"BD\Olds\DEPLOY_CONSOLIDADO_FULL_PG95-v2-20251017-175746.sql","3524","CASCADE","ALTO","alerta_id INTEGER NOT NULL REFERENCES selemti.appcc_alertas(id) ON DELETE CASCADE,",".sql"
"BD\Olds\DEPLOY_CONSOLIDADO_FULL_PG95-v2-20251017-175746.sql","3814","CASCADE","ALTO","session_id     BIGINT NOT NULL REFERENCES terrena_drawer_session(id) ON UPDATE NO ACTION ON DELET...",".sql"
"BD\Olds\DEPLOY_CONSOLIDADO_FULL_PG95-v2-20251017-175746.sql","3822","CASCADE","ALTO","precorte_id   BIGINT NOT NULL REFERENCES terrena_precorte(id) ON UPDATE NO ACTION ON DELETE CASCADE,",".sql"
"BD\Olds\DEPLOY_CONSOLIDADO_FULL_PG95-v2-20251017-175746.sql","3829","CASCADE","ALTO","precorte_id   BIGINT NOT NULL REFERENCES terrena_precorte(id) ON UPDATE NO ACTION ON DELETE CASCADE,",".sql"
"BD\Olds\DEPLOY_CONSOLIDADO_FULL_PG95-v2-20251017-175746.sql","3836","CASCADE","ALTO","session_id      BIGINT NOT NULL REFERENCES terrena_drawer_session(id) ON UPDATE NO ACTION ON DELE...",".sql"
"BD\Olds\DEPLOY_CONSOLIDADO_FULL_PG95-v2-20251017-175746.sql","3963","DROP TABLE","ALTO","DROP TABLE IF EXISTS selemti.users CASCADE;",".sql"
"BD\Olds\DEPLOY_CONSOLIDADO_FULL_PG95-v2-20251017-175746.sql","3964","CASCADE","ALTO","DROP SEQUENCE IF EXISTS selemti.users_id_seq CASCADE;",".sql"
"BD\Olds\DEPLOY_CONSOLIDADO_FULL_PG95-v2-20251017-175746.sql","6591","CASCADE","ALTO","precorte_id bigint NOT NULL REFERENCES pc_precorte(id) ON DELETE CASCADE,",".sql"
"BD\Olds\DEPLOY_CONSOLIDADO_FULL_PG95-v2-20251017-175746.sql","6600","CASCADE","ALTO","precorte_id  bigint NOT NULL REFERENCES pc_precorte(id) ON DELETE CASCADE,",".sql"
"BD\Olds\DEPLOY_CONSOLIDADO_FULL_PG95-v2-20251017-175746.sql","6608","CASCADE","ALTO","precorte_id  bigint NOT NULL REFERENCES pc_precorte(id) ON DELETE CASCADE,",".sql"
"BD\Olds\DEPLOY_CONSOLIDADO_FULL_PG95-v2-20251017-175746.sql","6615","CASCADE","ALTO","precorte_id  bigint NOT NULL REFERENCES pc_precorte(id) ON DELETE CASCADE,",".sql"
"BD\Olds\DEPLOY_CONSOLIDADO_FULL_PG95-v2-20251017-175746.sql","6826","CASCADE","ALTO","session_id BIGINT NOT NULL REFERENCES selempos.selempos_drawer_session(id) ON DELETE CASCADE,",".sql"
"BD\Olds\DEPLOY_CONSOLIDADO_FULL_PG95-v2-20251017-175746.sql","6837","CASCADE","ALTO","precorte_id BIGINT NOT NULL REFERENCES selempos.selempos_precorte(id) ON DELETE CASCADE,",".sql"
"BD\Olds\DEPLOY_CONSOLIDADO_FULL_PG95-v2-20251017-175746.sql","6845","CASCADE","ALTO","session_id BIGINT NOT NULL REFERENCES selempos.selempos_drawer_session(id) ON DELETE CASCADE,",".sql"
"BD\Olds\DEPLOY_CONSOLIDADO_FULL_PG95-v2-20251017-175746.sql","9271","DROP DATABASE","EXTREMO","DROP DATABASE pos;",".sql"
"BD\Olds\DEPLOY_CONSOLIDADO_FULL_PG95-v2-20251017-175746.sql","21108","CASCADE","ALTO","ADD CONSTRAINT postcorte_sesion_id_fkey FOREIGN KEY (sesion_id) REFERENCES sesion_cajon(id) ON DE...",".sql"
"BD\Olds\DEPLOY_CONSOLIDADO_FULL_PG95-v2-20251017-175746.sql","21118","CASCADE","ALTO","ADD CONSTRAINT precorte_efectivo_precorte_id_fkey FOREIGN KEY (precorte_id) REFERENCES precorte(i...",".sql"
"BD\Olds\DEPLOY_CONSOLIDADO_FULL_PG95-v2-20251017-175746.sql","21128","CASCADE","ALTO","ADD CONSTRAINT precorte_otros_precorte_id_fkey FOREIGN KEY (precorte_id) REFERENCES precorte(id) ...",".sql"
"BD\Olds\DEPLOY_CONSOLIDADO_FULL_PG95-v2-20251017-175746.sql","21138","CASCADE","ALTO","ADD CONSTRAINT precorte_sesion_id_fkey FOREIGN KEY (sesion_id) REFERENCES sesion_cajon(id) ON DEL...",".sql"
"BD\Olds\DEPLOY_CONSOLIDADO_FULL_PG95-v2-20251017-175746.sql","22762","DROP DATABASE","EXTREMO","DROP DATABASE pos;",".sql"
"BD\Olds\DEPLOY_CONSOLIDADO_FULL_PG95-v2-20251017-175746.sql","31608","CASCADE","ALTO","ADD CONSTRAINT fk_ticket_det_cab FOREIGN KEY (ticket_id) REFERENCES ticket_venta_cab(id) ON DELET...",".sql"
"BD\Olds\DEPLOY_CONSOLIDADO_FULL_PG95-v2-20251017-175746.sql","31698","CASCADE","ALTO","ADD CONSTRAINT model_has_permissions_permission_id_foreign FOREIGN KEY (permission_id) REFERENCES...",".sql"
"BD\Olds\DEPLOY_CONSOLIDADO_FULL_PG95-v2-20251017-175746.sql","31708","CASCADE","ALTO","ADD CONSTRAINT model_has_roles_role_id_foreign FOREIGN KEY (role_id) REFERENCES roles(id) ON DELE...",".sql"
"BD\Olds\DEPLOY_CONSOLIDADO_FULL_PG95-v2-20251017-175746.sql","31788","CASCADE","ALTO","ADD CONSTRAINT postcorte_sesion_id_fkey FOREIGN KEY (sesion_id) REFERENCES sesion_cajon(id) ON DE...",".sql"
"BD\Olds\DEPLOY_CONSOLIDADO_FULL_PG95-v2-20251017-175746.sql","31798","CASCADE","ALTO","ADD CONSTRAINT precorte_efectivo_precorte_id_fkey FOREIGN KEY (precorte_id) REFERENCES precorte(i...",".sql"
"BD\Olds\DEPLOY_CONSOLIDADO_FULL_PG95-v2-20251017-175746.sql","31808","CASCADE","ALTO","ADD CONSTRAINT precorte_otros_precorte_id_fkey FOREIGN KEY (precorte_id) REFERENCES precorte(id) ...",".sql"
"BD\Olds\DEPLOY_CONSOLIDADO_FULL_PG95-v2-20251017-175746.sql","31818","CASCADE","ALTO","ADD CONSTRAINT precorte_sesion_id_fkey FOREIGN KEY (sesion_id) REFERENCES sesion_cajon(id) ON DEL...",".sql"
"BD\Olds\DEPLOY_CONSOLIDADO_FULL_PG95-v2-20251017-175746.sql","31868","CASCADE","ALTO","ADD CONSTRAINT role_has_permissions_permission_id_foreign FOREIGN KEY (permission_id) REFERENCES ...",".sql"
"BD\Olds\DEPLOY_CONSOLIDADO_FULL_PG95-v2-20251017-175746.sql","31878","CASCADE","ALTO","ADD CONSTRAINT role_has_permissions_role_id_foreign FOREIGN KEY (role_id) REFERENCES roles(id) ON...",".sql"
"BD\Olds\DEPLOY_CONSOLIDADO_FULL_PG95-v2-20251017-175746.sql","33455","DROP DATABASE","EXTREMO","DROP DATABASE pos;",".sql"
"BD\Olds\DEPLOY_CONSOLIDADO_FULL_PG95-v2-20251017-175746.sql","39952","CASCADE","ALTO","ADD CONSTRAINT postcorte_sesion_id_fkey FOREIGN KEY (sesion_id) REFERENCES sesion_cajon(id) ON DE...",".sql"
"BD\Olds\DEPLOY_CONSOLIDADO_FULL_PG95-v2-20251017-175746.sql","39962","CASCADE","ALTO","ADD CONSTRAINT precorte_efectivo_precorte_id_fkey FOREIGN KEY (precorte_id) REFERENCES precorte(i...",".sql"
"BD\Olds\DEPLOY_CONSOLIDADO_FULL_PG95-v2-20251017-175746.sql","39972","CASCADE","ALTO","ADD CONSTRAINT precorte_otros_precorte_id_fkey FOREIGN KEY (precorte_id) REFERENCES precorte(id) ...",".sql"
"BD\Olds\DEPLOY_CONSOLIDADO_FULL_PG95-v2-20251017-175746.sql","39982","CASCADE","ALTO","ADD CONSTRAINT precorte_sesion_id_fkey FOREIGN KEY (sesion_id) REFERENCES sesion_cajon(id) ON DEL...",".sql"
"BD\Olds\DEPLOY_CONSOLIDADO_FULL_PG95-v2-20251017-175746.sql","40083","CASCADE","ALTO","compra_id              BIGINT   NOT NULL REFERENCES selemti.compra(id) ON DELETE CASCADE,",".sql"
"BD\Olds\DEPLOY_CONSOLIDADO_FULL_PG95-v2-20251017-175746.sql","40136","CASCADE","ALTO","produccion_id  BIGINT NOT NULL REFERENCES selemti.produccion(id) ON DELETE CASCADE,",".sql"
"BD\Olds\DEPLOY_CONSOLIDADO_FULL_PG95-v2-20251017-175746.sql","40144","CASCADE","ALTO","produccion_id       BIGINT NOT NULL REFERENCES selemti.produccion(id) ON DELETE CASCADE,",".sql"
"BD\Olds\DEPLOY_CONSOLIDADO_FULL_PG95-v2-20251017-175746.sql","43812","DROP DATABASE","EXTREMO","DROP DATABASE pos;",".sql"
"BD\Olds\DEPLOY_CONSOLIDADO_FULL_PG95-v2-20251017-175746.sql","52404","CASCADE","ALTO","ADD CONSTRAINT postcorte_sesion_id_fkey FOREIGN KEY (sesion_id) REFERENCES sesion_cajon(id) ON DE...",".sql"
"BD\Olds\DEPLOY_CONSOLIDADO_FULL_PG95-v2-20251017-175746.sql","52414","CASCADE","ALTO","ADD CONSTRAINT precorte_efectivo_precorte_id_fkey FOREIGN KEY (precorte_id) REFERENCES precorte(i...",".sql"
"BD\Olds\DEPLOY_CONSOLIDADO_FULL_PG95-v2-20251017-175746.sql","52424","CASCADE","ALTO","ADD CONSTRAINT precorte_otros_precorte_id_fkey FOREIGN KEY (precorte_id) REFERENCES precorte(id) ...",".sql"
"BD\Olds\DEPLOY_CONSOLIDADO_FULL_PG95-v2-20251017-175746.sql","52434","CASCADE","ALTO","ADD CONSTRAINT precorte_sesion_id_fkey FOREIGN KEY (sesion_id) REFERENCES sesion_cajon(id) ON DEL...",".sql"
"BD\Olds\DEPLOY_CONSOLIDADO_FULL_PG95-v2-20251017-175746.sql","54057","DROP DATABASE","EXTREMO","DROP DATABASE pos;",".sql"
"BD\Olds\DEPLOY_CONSOLIDADO_FULL_PG95-v2-20251017-175746.sql","62770","CASCADE","ALTO","ADD CONSTRAINT fk_ticket_det_cab FOREIGN KEY (ticket_id) REFERENCES ticket_venta_cab(id) ON DELET...",".sql"
"BD\Olds\DEPLOY_CONSOLIDADO_FULL_PG95-v2-20251017-175746.sql","62860","CASCADE","ALTO","ADD CONSTRAINT model_has_permissions_permission_id_foreign FOREIGN KEY (permission_id) REFERENCES...",".sql"
"BD\Olds\DEPLOY_CONSOLIDADO_FULL_PG95-v2-20251017-175746.sql","62870","CASCADE","ALTO","ADD CONSTRAINT model_has_roles_role_id_foreign FOREIGN KEY (role_id) REFERENCES roles(id) ON DELE...",".sql"
"BD\Olds\DEPLOY_CONSOLIDADO_FULL_PG95-v2-20251017-175746.sql","62950","CASCADE","ALTO","ADD CONSTRAINT postcorte_sesion_id_fkey FOREIGN KEY (sesion_id) REFERENCES sesion_cajon(id) ON DE...",".sql"
"BD\Olds\DEPLOY_CONSOLIDADO_FULL_PG95-v2-20251017-175746.sql","62960","CASCADE","ALTO","ADD CONSTRAINT precorte_efectivo_precorte_id_fkey FOREIGN KEY (precorte_id) REFERENCES precorte(i...",".sql"
"BD\Olds\DEPLOY_CONSOLIDADO_FULL_PG95-v2-20251017-175746.sql","62970","CASCADE","ALTO","ADD CONSTRAINT precorte_otros_precorte_id_fkey FOREIGN KEY (precorte_id) REFERENCES precorte(id) ...",".sql"
"BD\Olds\DEPLOY_CONSOLIDADO_FULL_PG95-v2-20251017-175746.sql","62980","CASCADE","ALTO","ADD CONSTRAINT precorte_sesion_id_fkey FOREIGN KEY (sesion_id) REFERENCES sesion_cajon(id) ON DEL...",".sql"
"BD\Olds\DEPLOY_CONSOLIDADO_FULL_PG95-v2-20251017-175746.sql","63030","CASCADE","ALTO","ADD CONSTRAINT role_has_permissions_permission_id_foreign FOREIGN KEY (permission_id) REFERENCES ...",".sql"
"BD\Olds\DEPLOY_CONSOLIDADO_FULL_PG95-v2-20251017-175746.sql","63040","CASCADE","ALTO","ADD CONSTRAINT role_has_permissions_role_id_foreign FOREIGN KEY (role_id) REFERENCES roles(id) ON...",".sql"
"BD\Olds\DEPLOY_CONSOLIDADO_FULL_PG95-v2-20251017-175746.sql","64626","DROP DATABASE","EXTREMO","DROP DATABASE pos;",".sql"
"BD\Olds\DEPLOY_CONSOLIDADO_FULL_PG95-v2-20251017-175746.sql","71035","CASCADE","ALTO","ADD CONSTRAINT postcorte_sesion_id_fkey FOREIGN KEY (sesion_id) REFERENCES sesion_cajon(id) ON DE...",".sql"
"BD\Olds\DEPLOY_CONSOLIDADO_FULL_PG95-v2-20251017-175746.sql","71045","CASCADE","ALTO","ADD CONSTRAINT precorte_efectivo_precorte_id_fkey FOREIGN KEY (precorte_id) REFERENCES precorte(i...",".sql"
"BD\Olds\DEPLOY_CONSOLIDADO_FULL_PG95-v2-20251017-175746.sql","71055","CASCADE","ALTO","ADD CONSTRAINT precorte_otros_precorte_id_fkey FOREIGN KEY (precorte_id) REFERENCES precorte(id) ...",".sql"
"BD\Olds\DEPLOY_CONSOLIDADO_FULL_PG95-v2-20251017-175746.sql","71065","CASCADE","ALTO","ADD CONSTRAINT precorte_sesion_id_fkey FOREIGN KEY (sesion_id) REFERENCES sesion_cajon(id) ON DEL...",".sql"
"BD\Olds\DEPLOY_CONSOLIDADO_FULL_PG95-v3-20251017-180148-safe.sql","80","DROP TABLE","ALTO","DROP TABLE IF EXISTS selemti.users CASCADE;",".sql"
"BD\Olds\DEPLOY_CONSOLIDADO_FULL_PG95-v3-20251017-180148-safe.sql","81","CASCADE","ALTO","DROP SEQUENCE IF EXISTS selemti.users_id_seq CASCADE;",".sql"
"BD\Olds\DEPLOY_CONSOLIDADO_FULL_PG95-v3-20251017-180148-safe.sql","100","CASCADE","ALTO","user_id INTEGER REFERENCES selemti.users(id) ON DELETE CASCADE,",".sql"
"BD\Olds\DEPLOY_CONSOLIDADO_FULL_PG95-v3-20251017-180148-safe.sql","788","CASCADE","ALTO","ON DELETE CASCADE;",".sql"
"BD\Olds\DEPLOY_CONSOLIDADO_FULL_PG95-v3-20251017-180148-safe.sql","870","CASCADE","ALTO","precorte_id   BIGINT NOT NULL REFERENCES selemti.precorte(id) ON DELETE CASCADE,",".sql"
"BD\Olds\DEPLOY_CONSOLIDADO_FULL_PG95-v3-20251017-180148-safe.sql","1494","CASCADE","ALTO","recepcion_id BIGINT NOT NULL REFERENCES selemti.recepcion_cab(id) ON DELETE CASCADE,",".sql"
"BD\Olds\DEPLOY_CONSOLIDADO_FULL_PG95-v3-20251017-180148-safe.sql","1516","CASCADE","ALTO","traspaso_id BIGINT NOT NULL REFERENCES selemti.traspaso_cab(id) ON DELETE CASCADE,",".sql"
"BD\Olds\DEPLOY_CONSOLIDADO_FULL_PG95-v3-20251017-180148-safe.sql","1553","CASCADE","ALTO","op_id BIGINT NOT NULL REFERENCES selemti.op_cab(id) ON DELETE CASCADE,",".sql"
"BD\Olds\DEPLOY_CONSOLIDADO_FULL_PG95-v3-20251017-180148-safe.sql","1562","CASCADE","ALTO","op_id BIGINT PRIMARY KEY REFERENCES selemti.op_cab(id) ON DELETE CASCADE,",".sql"
"BD\Olds\DEPLOY_CONSOLIDADO_FULL_PG95-v3-20251017-180148-safe.sql","1794","CASCADE","ALTO","sesion_id          BIGINT NOT NULL REFERENCES selemti.sesion_cajon(id) ON DELETE CASCADE,",".sql"
"BD\Olds\DEPLOY_CONSOLIDADO_FULL_PG95-v3-20251017-180148-safe.sql","1804","CASCADE","ALTO","precorte_id   BIGINT NOT NULL REFERENCES selemti.precorte(id) ON DELETE CASCADE,",".sql"
"BD\Olds\DEPLOY_CONSOLIDADO_FULL_PG95-v3-20251017-180148-safe.sql","1821","CASCADE","ALTO","precorte_id   BIGINT NOT NULL REFERENCES selemti.precorte(id) ON DELETE CASCADE,",".sql"
"BD\Olds\DEPLOY_CONSOLIDADO_FULL_PG95-v3-20251017-180148-safe.sql","1833","CASCADE","ALTO","sesion_id                  BIGINT NOT NULL REFERENCES selemti.sesion_cajon(id) ON DELETE CASCADE,",".sql"
"BD\Olds\DEPLOY_CONSOLIDADO_FULL_PG95-v3-20251017-180148-safe.sql","2279","CASCADE","ALTO","sesion_id          BIGINT NOT NULL REFERENCES selemti.sesion_cajon(id) ON DELETE CASCADE,",".sql"
"BD\Olds\DEPLOY_CONSOLIDADO_FULL_PG95-v3-20251017-180148-safe.sql","2289","CASCADE","ALTO","precorte_id   BIGINT NOT NULL REFERENCES selemti.precorte(id) ON DELETE CASCADE,",".sql"
"BD\Olds\DEPLOY_CONSOLIDADO_FULL_PG95-v3-20251017-180148-safe.sql","2307","CASCADE","ALTO","precorte_id   BIGINT NOT NULL REFERENCES selemti.precorte(id) ON DELETE CASCADE,",".sql"
"BD\Olds\DEPLOY_CONSOLIDADO_FULL_PG95-v3-20251017-180148-safe.sql","2321","CASCADE","ALTO","sesion_id                BIGINT NOT NULL REFERENCES selemti.sesion_cajon(id) ON DELETE CASCADE,",".sql"
"BD\Olds\DEPLOY_CONSOLIDADO_FULL_PG95-v3-20251017-180148-safe.sql","3011","CASCADE","ALTO","user_id INTEGER REFERENCES selemti.users(id) ON DELETE CASCADE,",".sql"
"BD\Olds\DEPLOY_CONSOLIDADO_FULL_PG95-v3-20251017-180148-safe.sql","3502","CASCADE","ALTO","recepcion_id INTEGER NOT NULL REFERENCES selemti.recepcion_cab(id) ON DELETE CASCADE,",".sql"
"BD\Olds\DEPLOY_CONSOLIDADO_FULL_PG95-v3-20251017-180148-safe.sql","3556","CASCADE","ALTO","traspaso_id INTEGER NOT NULL REFERENCES selemti.traspaso_cab(id) ON DELETE CASCADE,",".sql"
"BD\Olds\DEPLOY_CONSOLIDADO_FULL_PG95-v3-20251017-180148-safe.sql","3592","CASCADE","ALTO","ajuste_id INTEGER NOT NULL REFERENCES selemti.ajuste_inv_cab(id) ON DELETE CASCADE,",".sql"
"BD\Olds\DEPLOY_CONSOLIDADO_FULL_PG95-v3-20251017-180148-safe.sql","3631","CASCADE","ALTO","conteo_id INTEGER NOT NULL REFERENCES selemti.conteo_fisico_cab(id) ON DELETE CASCADE,",".sql"
"BD\Olds\DEPLOY_CONSOLIDADO_FULL_PG95-v3-20251017-180148-safe.sql","3678","CASCADE","ALTO","receta_id VARCHAR(20) NOT NULL REFERENCES selemti.receta_cab(id) ON DELETE CASCADE,",".sql"
"BD\Olds\DEPLOY_CONSOLIDADO_FULL_PG95-v3-20251017-180148-safe.sql","3730","CASCADE","ALTO","op_id INTEGER NOT NULL REFERENCES selemti.op_produccion_cab(id) ON DELETE CASCADE,",".sql"
"BD\Olds\DEPLOY_CONSOLIDADO_FULL_PG95-v3-20251017-180148-safe.sql","3820","CASCADE","ALTO","ticket_id INTEGER NOT NULL REFERENCES selemti.ticket_venta_cab(id) ON DELETE CASCADE,",".sql"
"BD\Olds\DEPLOY_CONSOLIDADO_FULL_PG95-v3-20251017-180148-safe.sql","3841","CASCADE","ALTO","ticket_det_id INTEGER NOT NULL REFERENCES selemti.ticket_venta_det(id) ON DELETE CASCADE,",".sql"
"BD\Olds\DEPLOY_CONSOLIDADO_FULL_PG95-v3-20251017-180148-safe.sql","3955","CASCADE","ALTO","cierre_id INTEGER NOT NULL REFERENCES selemti.caja_cierres(id) ON DELETE CASCADE,",".sql"
"BD\Olds\DEPLOY_CONSOLIDADO_FULL_PG95-v3-20251017-180148-safe.sql","4043","CASCADE","ALTO","alerta_id INTEGER NOT NULL REFERENCES selemti.appcc_alertas(id) ON DELETE CASCADE,",".sql"
"BD\Olds\DEPLOY_CONSOLIDADO_FULL_PG95-v3-20251017-180148-safe.sql","4320","CASCADE","ALTO","session_id     BIGINT NOT NULL REFERENCES terrena_drawer_session(id) ON UPDATE NO ACTION ON DELET...",".sql"
"BD\Olds\DEPLOY_CONSOLIDADO_FULL_PG95-v3-20251017-180148-safe.sql","4328","CASCADE","ALTO","precorte_id   BIGINT NOT NULL REFERENCES terrena_precorte(id) ON UPDATE NO ACTION ON DELETE CASCADE,",".sql"
"BD\Olds\DEPLOY_CONSOLIDADO_FULL_PG95-v3-20251017-180148-safe.sql","4335","CASCADE","ALTO","precorte_id   BIGINT NOT NULL REFERENCES terrena_precorte(id) ON UPDATE NO ACTION ON DELETE CASCADE,",".sql"
"BD\Olds\DEPLOY_CONSOLIDADO_FULL_PG95-v3-20251017-180148-safe.sql","4342","CASCADE","ALTO","session_id      BIGINT NOT NULL REFERENCES terrena_drawer_session(id) ON UPDATE NO ACTION ON DELE...",".sql"
"BD\Olds\DEPLOY_CONSOLIDADO_FULL_PG95-v3-20251017-180148-safe.sql","4480","DROP TABLE","ALTO","DROP TABLE IF EXISTS selemti.users CASCADE;",".sql"
"BD\Olds\DEPLOY_CONSOLIDADO_FULL_PG95-v3-20251017-180148-safe.sql","4481","CASCADE","ALTO","DROP SEQUENCE IF EXISTS selemti.users_id_seq CASCADE;",".sql"
"BD\Olds\DEPLOY_CONSOLIDADO_FULL_PG95-v3-20251017-180148-safe.sql","4500","CASCADE","ALTO","user_id INTEGER REFERENCES selemti.users(id) ON DELETE CASCADE,",".sql"
"BD\Olds\DEPLOY_CONSOLIDADO_FULL_PG95-v3-20251017-180148-safe.sql","5188","CASCADE","ALTO","ON DELETE CASCADE;",".sql"
"BD\Olds\DEPLOY_CONSOLIDADO_FULL_PG95-v3-20251017-180148-safe.sql","5272","CASCADE","ALTO","precorte_id   BIGINT NOT NULL REFERENCES selemti.precorte(id) ON DELETE CASCADE,",".sql"
"BD\Olds\DEPLOY_CONSOLIDADO_FULL_PG95-v3-20251017-180148-safe.sql","5900","CASCADE","ALTO","recepcion_id BIGINT NOT NULL REFERENCES selemti.recepcion_cab(id) ON DELETE CASCADE,",".sql"
"BD\Olds\DEPLOY_CONSOLIDADO_FULL_PG95-v3-20251017-180148-safe.sql","5922","CASCADE","ALTO","traspaso_id BIGINT NOT NULL REFERENCES selemti.traspaso_cab(id) ON DELETE CASCADE,",".sql"
"BD\Olds\DEPLOY_CONSOLIDADO_FULL_PG95-v3-20251017-180148-safe.sql","5959","CASCADE","ALTO","op_id BIGINT NOT NULL REFERENCES selemti.op_cab(id) ON DELETE CASCADE,",".sql"
"BD\Olds\DEPLOY_CONSOLIDADO_FULL_PG95-v3-20251017-180148-safe.sql","5968","CASCADE","ALTO","op_id BIGINT PRIMARY KEY REFERENCES selemti.op_cab(id) ON DELETE CASCADE,",".sql"
"BD\Olds\DEPLOY_CONSOLIDADO_FULL_PG95-v3-20251017-180148-safe.sql","6203","CASCADE","ALTO","sesion_id          BIGINT NOT NULL REFERENCES selemti.sesion_cajon(id) ON DELETE CASCADE,",".sql"
"BD\Olds\DEPLOY_CONSOLIDADO_FULL_PG95-v3-20251017-180148-safe.sql","6213","CASCADE","ALTO","precorte_id   BIGINT NOT NULL REFERENCES selemti.precorte(id) ON DELETE CASCADE,",".sql"
"BD\Olds\DEPLOY_CONSOLIDADO_FULL_PG95-v3-20251017-180148-safe.sql","6230","CASCADE","ALTO","precorte_id   BIGINT NOT NULL REFERENCES selemti.precorte(id) ON DELETE CASCADE,",".sql"
"BD\Olds\DEPLOY_CONSOLIDADO_FULL_PG95-v3-20251017-180148-safe.sql","6242","CASCADE","ALTO","sesion_id                  BIGINT NOT NULL REFERENCES selemti.sesion_cajon(id) ON DELETE CASCADE,",".sql"
"BD\Olds\DEPLOY_CONSOLIDADO_FULL_PG95-v3-20251017-180148-safe.sql","6691","CASCADE","ALTO","sesion_id          BIGINT NOT NULL REFERENCES selemti.sesion_cajon(id) ON DELETE CASCADE,",".sql"
"BD\Olds\DEPLOY_CONSOLIDADO_FULL_PG95-v3-20251017-180148-safe.sql","6701","CASCADE","ALTO","precorte_id   BIGINT NOT NULL REFERENCES selemti.precorte(id) ON DELETE CASCADE,",".sql"
"BD\Olds\DEPLOY_CONSOLIDADO_FULL_PG95-v3-20251017-180148-safe.sql","6719","CASCADE","ALTO","precorte_id   BIGINT NOT NULL REFERENCES selemti.precorte(id) ON DELETE CASCADE,",".sql"
"BD\Olds\DEPLOY_CONSOLIDADO_FULL_PG95-v3-20251017-180148-safe.sql","6733","CASCADE","ALTO","sesion_id                BIGINT NOT NULL REFERENCES selemti.sesion_cajon(id) ON DELETE CASCADE,",".sql"
"BD\Olds\DEPLOY_CONSOLIDADO_FULL_PG95-v3-20251017-180148-safe.sql","7428","CASCADE","ALTO","user_id INTEGER REFERENCES selemti.users(id) ON DELETE CASCADE,",".sql"
"BD\Olds\DEPLOY_CONSOLIDADO_FULL_PG95-v3-20251017-180148-safe.sql","7942","CASCADE","ALTO","recepcion_id INTEGER NOT NULL REFERENCES selemti.recepcion_cab(id) ON DELETE CASCADE,",".sql"
"BD\Olds\DEPLOY_CONSOLIDADO_FULL_PG95-v3-20251017-180148-safe.sql","7996","CASCADE","ALTO","traspaso_id INTEGER NOT NULL REFERENCES selemti.traspaso_cab(id) ON DELETE CASCADE,",".sql"
"BD\Olds\DEPLOY_CONSOLIDADO_FULL_PG95-v3-20251017-180148-safe.sql","8032","CASCADE","ALTO","ajuste_id INTEGER NOT NULL REFERENCES selemti.ajuste_inv_cab(id) ON DELETE CASCADE,",".sql"
"BD\Olds\DEPLOY_CONSOLIDADO_FULL_PG95-v3-20251017-180148-safe.sql","8071","CASCADE","ALTO","conteo_id INTEGER NOT NULL REFERENCES selemti.conteo_fisico_cab(id) ON DELETE CASCADE,",".sql"
"BD\Olds\DEPLOY_CONSOLIDADO_FULL_PG95-v3-20251017-180148-safe.sql","8120","CASCADE","ALTO","receta_id VARCHAR(20) NOT NULL REFERENCES selemti.receta_cab(id) ON DELETE CASCADE,",".sql"
"BD\Olds\DEPLOY_CONSOLIDADO_FULL_PG95-v3-20251017-180148-safe.sql","8172","CASCADE","ALTO","op_id INTEGER NOT NULL REFERENCES selemti.op_produccion_cab(id) ON DELETE CASCADE,",".sql"
"BD\Olds\DEPLOY_CONSOLIDADO_FULL_PG95-v3-20251017-180148-safe.sql","8264","CASCADE","ALTO","ticket_id INTEGER NOT NULL REFERENCES selemti.ticket_venta_cab(id) ON DELETE CASCADE,",".sql"
"BD\Olds\DEPLOY_CONSOLIDADO_FULL_PG95-v3-20251017-180148-safe.sql","8285","CASCADE","ALTO","ticket_det_id INTEGER NOT NULL REFERENCES selemti.ticket_venta_det(id) ON DELETE CASCADE,",".sql"
"BD\Olds\DEPLOY_CONSOLIDADO_FULL_PG95-v3-20251017-180148-safe.sql","8401","CASCADE","ALTO","cierre_id INTEGER NOT NULL REFERENCES selemti.caja_cierres(id) ON DELETE CASCADE,",".sql"
"BD\Olds\DEPLOY_CONSOLIDADO_FULL_PG95-v3-20251017-180148-safe.sql","8491","CASCADE","ALTO","alerta_id INTEGER NOT NULL REFERENCES selemti.appcc_alertas(id) ON DELETE CASCADE,",".sql"
"BD\Olds\DEPLOY_CONSOLIDADO_FULL_PG95-v3-20251017-180148-safe.sql","8776","CASCADE","ALTO","session_id     BIGINT NOT NULL REFERENCES terrena_drawer_session(id) ON UPDATE NO ACTION ON DELET...",".sql"
"BD\Olds\DEPLOY_CONSOLIDADO_FULL_PG95-v3-20251017-180148-safe.sql","8784","CASCADE","ALTO","precorte_id   BIGINT NOT NULL REFERENCES terrena_precorte(id) ON UPDATE NO ACTION ON DELETE CASCADE,",".sql"
"BD\Olds\DEPLOY_CONSOLIDADO_FULL_PG95-v3-20251017-180148-safe.sql","8791","CASCADE","ALTO","precorte_id   BIGINT NOT NULL REFERENCES terrena_precorte(id) ON UPDATE NO ACTION ON DELETE CASCADE,",".sql"
"BD\Olds\DEPLOY_CONSOLIDADO_FULL_PG95-v3-20251017-180148-safe.sql","8798","CASCADE","ALTO","session_id      BIGINT NOT NULL REFERENCES terrena_drawer_session(id) ON UPDATE NO ACTION ON DELE...",".sql"
"BD\Olds\DEPLOY_CONSOLIDADO_FULL_PG95-v3-20251017-180148-safe.sql","8948","CASCADE","ALTO","user_id INTEGER REFERENCES selemti.users(id) ON DELETE CASCADE,",".sql"
"BD\Olds\DEPLOY_CONSOLIDADO_FULL_PG95-v3-20251017-180148-safe.sql","9085","CASCADE","ALTO","recepcion_id INTEGER NOT NULL REFERENCES selemti.recepcion_cab(id) ON DELETE CASCADE,",".sql"
"BD\Olds\DEPLOY_CONSOLIDADO_FULL_PG95-v3-20251017-180148-safe.sql","9139","CASCADE","ALTO","traspaso_id INTEGER NOT NULL REFERENCES selemti.traspaso_cab(id) ON DELETE CASCADE,",".sql"
"BD\Olds\DEPLOY_CONSOLIDADO_FULL_PG95-v3-20251017-180148-safe.sql","9175","CASCADE","ALTO","ajuste_id INTEGER NOT NULL REFERENCES selemti.ajuste_inv_cab(id) ON DELETE CASCADE,",".sql"
"BD\Olds\DEPLOY_CONSOLIDADO_FULL_PG95-v3-20251017-180148-safe.sql","9214","CASCADE","ALTO","conteo_id INTEGER NOT NULL REFERENCES selemti.conteo_fisico_cab(id) ON DELETE CASCADE,",".sql"
"BD\Olds\DEPLOY_CONSOLIDADO_FULL_PG95-v3-20251017-180148-safe.sql","9263","CASCADE","ALTO","receta_id VARCHAR(20) NOT NULL REFERENCES selemti.receta_cab(id) ON DELETE CASCADE,",".sql"
"BD\Olds\DEPLOY_CONSOLIDADO_FULL_PG95-v3-20251017-180148-safe.sql","9315","CASCADE","ALTO","op_id INTEGER NOT NULL REFERENCES selemti.op_produccion_cab(id) ON DELETE CASCADE,",".sql"
"BD\Olds\DEPLOY_CONSOLIDADO_FULL_PG95-v3-20251017-180148-safe.sql","9407","CASCADE","ALTO","ticket_id INTEGER NOT NULL REFERENCES selemti.ticket_venta_cab(id) ON DELETE CASCADE,",".sql"
"BD\Olds\DEPLOY_CONSOLIDADO_FULL_PG95-v3-20251017-180148-safe.sql","9428","CASCADE","ALTO","ticket_det_id INTEGER NOT NULL REFERENCES selemti.ticket_venta_det(id) ON DELETE CASCADE,",".sql"
"BD\Olds\DEPLOY_CONSOLIDADO_FULL_PG95-v3-20251017-180148-safe.sql","9544","CASCADE","ALTO","cierre_id INTEGER NOT NULL REFERENCES selemti.caja_cierres(id) ON DELETE CASCADE,",".sql"
"BD\Olds\DEPLOY_CONSOLIDADO_FULL_PG95-v3-20251017-180148-safe.sql","9634","CASCADE","ALTO","alerta_id INTEGER NOT NULL REFERENCES selemti.appcc_alertas(id) ON DELETE CASCADE,",".sql"
"BD\Olds\DEPLOY_CONSOLIDADO_FULL_PG95-v3-20251017-180148-safe.sql","10297","CASCADE","ALTO","precorte_id bigint NOT NULL REFERENCES pc_precorte(id) ON DELETE CASCADE,",".sql"
"BD\Olds\DEPLOY_CONSOLIDADO_FULL_PG95-v3-20251017-180148-safe.sql","10306","CASCADE","ALTO","precorte_id  bigint NOT NULL REFERENCES pc_precorte(id) ON DELETE CASCADE,",".sql"
"BD\Olds\DEPLOY_CONSOLIDADO_FULL_PG95-v3-20251017-180148-safe.sql","10314","CASCADE","ALTO","precorte_id  bigint NOT NULL REFERENCES pc_precorte(id) ON DELETE CASCADE,",".sql"
"BD\Olds\DEPLOY_CONSOLIDADO_FULL_PG95-v3-20251017-180148-safe.sql","10321","CASCADE","ALTO","precorte_id  bigint NOT NULL REFERENCES pc_precorte(id) ON DELETE CASCADE,",".sql"
"BD\Olds\DEPLOY_CONSOLIDADO_FULL_PG95-v3-20251017-180148-safe.sql","10532","CASCADE","ALTO","session_id BIGINT NOT NULL REFERENCES selempos.selempos_drawer_session(id) ON DELETE CASCADE,",".sql"
"BD\Olds\DEPLOY_CONSOLIDADO_FULL_PG95-v3-20251017-180148-safe.sql","10543","CASCADE","ALTO","precorte_id BIGINT NOT NULL REFERENCES selempos.selempos_precorte(id) ON DELETE CASCADE,",".sql"
"BD\Olds\DEPLOY_CONSOLIDADO_FULL_PG95-v3-20251017-180148-safe.sql","10551","CASCADE","ALTO","session_id BIGINT NOT NULL REFERENCES selempos.selempos_drawer_session(id) ON DELETE CASCADE,",".sql"
"BD\Olds\DEPLOY_CONSOLIDADO_FULL_PG95-v3-20251017-180148-safe.sql","12655","CASCADE","ALTO","user_id INTEGER REFERENCES selemti.users(id) ON DELETE CASCADE,",".sql"
"BD\Olds\DEPLOY_CONSOLIDADO_FULL_PG95-v3-20251017-180148-safe.sql","12790","CASCADE","ALTO","recepcion_id INTEGER NOT NULL REFERENCES selemti.recepcion_cab(id) ON DELETE CASCADE,",".sql"
"BD\Olds\DEPLOY_CONSOLIDADO_FULL_PG95-v3-20251017-180148-safe.sql","12844","CASCADE","ALTO","traspaso_id INTEGER NOT NULL REFERENCES selemti.traspaso_cab(id) ON DELETE CASCADE,",".sql"
"BD\Olds\DEPLOY_CONSOLIDADO_FULL_PG95-v3-20251017-180148-safe.sql","12880","CASCADE","ALTO","ajuste_id INTEGER NOT NULL REFERENCES selemti.ajuste_inv_cab(id) ON DELETE CASCADE,",".sql"
"BD\Olds\DEPLOY_CONSOLIDADO_FULL_PG95-v3-20251017-180148-safe.sql","12919","CASCADE","ALTO","conteo_id INTEGER NOT NULL REFERENCES selemti.conteo_fisico_cab(id) ON DELETE CASCADE,",".sql"
"BD\Olds\DEPLOY_CONSOLIDADO_FULL_PG95-v3-20251017-180148-safe.sql","12966","CASCADE","ALTO","receta_id VARCHAR(20) NOT NULL REFERENCES selemti.receta_cab(id) ON DELETE CASCADE,",".sql"
"BD\Olds\DEPLOY_CONSOLIDADO_FULL_PG95-v3-20251017-180148-safe.sql","13018","CASCADE","ALTO","op_id INTEGER NOT NULL REFERENCES selemti.op_produccion_cab(id) ON DELETE CASCADE,",".sql"
"BD\Olds\DEPLOY_CONSOLIDADO_FULL_PG95-v3-20251017-180148-safe.sql","13108","CASCADE","ALTO","ticket_id INTEGER NOT NULL REFERENCES selemti.ticket_venta_cab(id) ON DELETE CASCADE,",".sql"
"BD\Olds\DEPLOY_CONSOLIDADO_FULL_PG95-v3-20251017-180148-safe.sql","13129","CASCADE","ALTO","ticket_det_id INTEGER NOT NULL REFERENCES selemti.ticket_venta_det(id) ON DELETE CASCADE,",".sql"
"BD\Olds\DEPLOY_CONSOLIDADO_FULL_PG95-v3-20251017-180148-safe.sql","13243","CASCADE","ALTO","cierre_id INTEGER NOT NULL REFERENCES selemti.caja_cierres(id) ON DELETE CASCADE,",".sql"
"BD\Olds\DEPLOY_CONSOLIDADO_FULL_PG95-v3-20251017-180148-safe.sql","13331","CASCADE","ALTO","alerta_id INTEGER NOT NULL REFERENCES selemti.appcc_alertas(id) ON DELETE CASCADE,",".sql"
"BD\Olds\DEPLOY_CONSOLIDADO_FULL_PG95-v3-20251017-180148-safe.sql","13662","CASCADE","ALTO","user_id INTEGER REFERENCES selemti.users(id) ON DELETE CASCADE,",".sql"
"BD\Olds\DEPLOY_CONSOLIDADO_FULL_PG95-v3-20251017-180148-safe.sql","14007","DROP DATABASE","EXTREMO","DROP DATABASE pos;",".sql"
"BD\Olds\DEPLOY_CONSOLIDADO_FULL_PG95-v3-20251017-180148-safe.sql","25831","CASCADE","ALTO","ADD CONSTRAINT postcorte_sesion_id_fkey FOREIGN KEY (sesion_id) REFERENCES sesion_cajon(id) ON DE...",".sql"
"BD\Olds\DEPLOY_CONSOLIDADO_FULL_PG95-v3-20251017-180148-safe.sql","25841","CASCADE","ALTO","ADD CONSTRAINT precorte_efectivo_precorte_id_fkey FOREIGN KEY (precorte_id) REFERENCES precorte(i...",".sql"
"BD\Olds\DEPLOY_CONSOLIDADO_FULL_PG95-v3-20251017-180148-safe.sql","25851","CASCADE","ALTO","ADD CONSTRAINT precorte_otros_precorte_id_fkey FOREIGN KEY (precorte_id) REFERENCES precorte(id) ...",".sql"
"BD\Olds\DEPLOY_CONSOLIDADO_FULL_PG95-v3-20251017-180148-safe.sql","25861","CASCADE","ALTO","ADD CONSTRAINT precorte_sesion_id_fkey FOREIGN KEY (sesion_id) REFERENCES sesion_cajon(id) ON DEL...",".sql"
"BD\Olds\DEPLOY_CONSOLIDADO_FULL_PG95-v3-20251017-180148-safe.sql","27485","DROP DATABASE","EXTREMO","DROP DATABASE pos;",".sql"
"BD\Olds\DEPLOY_CONSOLIDADO_FULL_PG95-v3-20251017-180148-safe.sql","39555","CASCADE","ALTO","ADD CONSTRAINT fk_ticket_det_cab FOREIGN KEY (ticket_id) REFERENCES ticket_venta_cab(id) ON DELET...",".sql"
"BD\Olds\DEPLOY_CONSOLIDADO_FULL_PG95-v3-20251017-180148-safe.sql","39645","CASCADE","ALTO","ADD CONSTRAINT model_has_permissions_permission_id_foreign FOREIGN KEY (permission_id) REFERENCES...",".sql"
"BD\Olds\DEPLOY_CONSOLIDADO_FULL_PG95-v3-20251017-180148-safe.sql","39655","CASCADE","ALTO","ADD CONSTRAINT model_has_roles_role_id_foreign FOREIGN KEY (role_id) REFERENCES roles(id) ON DELE...",".sql"
"BD\Olds\DEPLOY_CONSOLIDADO_FULL_PG95-v3-20251017-180148-safe.sql","39735","CASCADE","ALTO","ADD CONSTRAINT postcorte_sesion_id_fkey FOREIGN KEY (sesion_id) REFERENCES sesion_cajon(id) ON DE...",".sql"
"BD\Olds\DEPLOY_CONSOLIDADO_FULL_PG95-v3-20251017-180148-safe.sql","39745","CASCADE","ALTO","ADD CONSTRAINT precorte_efectivo_precorte_id_fkey FOREIGN KEY (precorte_id) REFERENCES precorte(i...",".sql"
"BD\Olds\DEPLOY_CONSOLIDADO_FULL_PG95-v3-20251017-180148-safe.sql","39755","CASCADE","ALTO","ADD CONSTRAINT precorte_otros_precorte_id_fkey FOREIGN KEY (precorte_id) REFERENCES precorte(id) ...",".sql"
"BD\Olds\DEPLOY_CONSOLIDADO_FULL_PG95-v3-20251017-180148-safe.sql","39765","CASCADE","ALTO","ADD CONSTRAINT precorte_sesion_id_fkey FOREIGN KEY (sesion_id) REFERENCES sesion_cajon(id) ON DEL...",".sql"
"BD\Olds\DEPLOY_CONSOLIDADO_FULL_PG95-v3-20251017-180148-safe.sql","39815","CASCADE","ALTO","ADD CONSTRAINT role_has_permissions_permission_id_foreign FOREIGN KEY (permission_id) REFERENCES ...",".sql"
"BD\Olds\DEPLOY_CONSOLIDADO_FULL_PG95-v3-20251017-180148-safe.sql","39825","CASCADE","ALTO","ADD CONSTRAINT role_has_permissions_role_id_foreign FOREIGN KEY (role_id) REFERENCES roles(id) ON...",".sql"
"BD\Olds\DEPLOY_CONSOLIDADO_FULL_PG95-v3-20251017-180148-safe.sql","41430","CASCADE","ALTO","precorte_id bigint NOT NULL REFERENCES pc_precorte(id) ON DELETE CASCADE,",".sql"
"BD\Olds\DEPLOY_CONSOLIDADO_FULL_PG95-v3-20251017-180148-safe.sql","41439","CASCADE","ALTO","precorte_id  bigint NOT NULL REFERENCES pc_precorte(id) ON DELETE CASCADE,",".sql"
"BD\Olds\DEPLOY_CONSOLIDADO_FULL_PG95-v3-20251017-180148-safe.sql","41447","CASCADE","ALTO","precorte_id  bigint NOT NULL REFERENCES pc_precorte(id) ON DELETE CASCADE,",".sql"
"BD\Olds\DEPLOY_CONSOLIDADO_FULL_PG95-v3-20251017-180148-safe.sql","41454","CASCADE","ALTO","precorte_id  bigint NOT NULL REFERENCES pc_precorte(id) ON DELETE CASCADE,",".sql"
"BD\Olds\DEPLOY_CONSOLIDADO_FULL_PG95-v3-20251017-180148-safe.sql","41543","DROP DATABASE","EXTREMO","DROP DATABASE pos;",".sql"
"BD\Olds\DEPLOY_CONSOLIDADO_FULL_PG95-v3-20251017-180148-safe.sql","50011","CASCADE","ALTO","ADD CONSTRAINT postcorte_sesion_id_fkey FOREIGN KEY (sesion_id) REFERENCES sesion_cajon(id) ON DE...",".sql"
"BD\Olds\DEPLOY_CONSOLIDADO_FULL_PG95-v3-20251017-180148-safe.sql","50021","CASCADE","ALTO","ADD CONSTRAINT precorte_efectivo_precorte_id_fkey FOREIGN KEY (precorte_id) REFERENCES precorte(i...",".sql"
"BD\Olds\DEPLOY_CONSOLIDADO_FULL_PG95-v3-20251017-180148-safe.sql","50031","CASCADE","ALTO","ADD CONSTRAINT precorte_otros_precorte_id_fkey FOREIGN KEY (precorte_id) REFERENCES precorte(id) ...",".sql"
"BD\Olds\DEPLOY_CONSOLIDADO_FULL_PG95-v3-20251017-180148-safe.sql","50041","CASCADE","ALTO","ADD CONSTRAINT precorte_sesion_id_fkey FOREIGN KEY (sesion_id) REFERENCES sesion_cajon(id) ON DEL...",".sql"
"BD\Olds\DEPLOY_CONSOLIDADO_FULL_PG95-v3-20251017-180148-safe.sql","50148","CASCADE","ALTO","compra_id              BIGINT   NOT NULL REFERENCES selemti.compra(id) ON DELETE CASCADE,",".sql"
"BD\Olds\DEPLOY_CONSOLIDADO_FULL_PG95-v3-20251017-180148-safe.sql","50183","CASCADE","ALTO","recepcion_id              BIGINT NOT NULL REFERENCES selemti.recepcion(id) ON DELETE CASCADE,",".sql"
"BD\Olds\DEPLOY_CONSOLIDADO_FULL_PG95-v3-20251017-180148-safe.sql","50212","CASCADE","ALTO","traspaso_id  BIGINT NOT NULL REFERENCES selemti.traspaso(id) ON DELETE CASCADE,",".sql"
"BD\Olds\DEPLOY_CONSOLIDADO_FULL_PG95-v3-20251017-180148-safe.sql","50228","CASCADE","ALTO","produccion_id  BIGINT NOT NULL REFERENCES selemti.produccion(id) ON DELETE CASCADE,",".sql"
"BD\Olds\DEPLOY_CONSOLIDADO_FULL_PG95-v3-20251017-180148-safe.sql","50236","CASCADE","ALTO","produccion_id       BIGINT NOT NULL REFERENCES selemti.produccion(id) ON DELETE CASCADE,",".sql"
"BD\Olds\DEPLOY_CONSOLIDADO_FULL_PG95-v3-20251017-180148-safe.sql","51146","CASCADE","ALTO","session_id BIGINT NOT NULL REFERENCES selempos.selempos_drawer_session(id) ON DELETE CASCADE,",".sql"
"BD\Olds\DEPLOY_CONSOLIDADO_FULL_PG95-v3-20251017-180148-safe.sql","51157","CASCADE","ALTO","precorte_id BIGINT NOT NULL REFERENCES selempos.selempos_precorte(id) ON DELETE CASCADE,",".sql"
"BD\Olds\DEPLOY_CONSOLIDADO_FULL_PG95-v3-20251017-180148-safe.sql","51165","CASCADE","ALTO","session_id BIGINT NOT NULL REFERENCES selempos.selempos_drawer_session(id) ON DELETE CASCADE,",".sql"
"BD\Olds\DEPLOY_CONSOLIDADO_FULL_PG95-v3-20251017-180148-safe.sql","51573","DROP TABLE","ALTO","DROP TABLE IF EXISTS selemti.users CASCADE;",".sql"
"BD\Olds\DEPLOY_CONSOLIDADO_FULL_PG95-v3-20251017-180148-safe.sql","51574","CASCADE","ALTO","DROP SEQUENCE IF EXISTS selemti.users_id_seq CASCADE;",".sql"
"BD\Olds\DEPLOY_CONSOLIDADO_FULL_PG95-v3-20251017-180148-safe.sql","51593","CASCADE","ALTO","user_id INTEGER REFERENCES selemti.users(id) ON DELETE CASCADE,",".sql"
"BD\Olds\DEPLOY_CONSOLIDADO_FULL_PG95-v3-20251017-180148-safe.sql","52263","CASCADE","ALTO","ON DELETE CASCADE;",".sql"
"BD\Olds\DEPLOY_CONSOLIDADO_FULL_PG95-v3-20251017-180148-safe.sql","52346","CASCADE","ALTO","precorte_id   BIGINT NOT NULL REFERENCES selemti.precorte(id) ON DELETE CASCADE,",".sql"
"BD\Olds\DEPLOY_CONSOLIDADO_FULL_PG95-v3-20251017-180148-safe.sql","52896","CASCADE","ALTO","recepcion_id BIGINT NOT NULL REFERENCES selemti.recepcion_cab(id) ON DELETE CASCADE,",".sql"
"BD\Olds\DEPLOY_CONSOLIDADO_FULL_PG95-v3-20251017-180148-safe.sql","52918","CASCADE","ALTO","traspaso_id BIGINT NOT NULL REFERENCES selemti.traspaso_cab(id) ON DELETE CASCADE,",".sql"
"BD\Olds\DEPLOY_CONSOLIDADO_FULL_PG95-v3-20251017-180148-safe.sql","52955","CASCADE","ALTO","op_id BIGINT NOT NULL REFERENCES selemti.op_cab(id) ON DELETE CASCADE,",".sql"
"BD\Olds\DEPLOY_CONSOLIDADO_FULL_PG95-v3-20251017-180148-safe.sql","52964","CASCADE","ALTO","op_id BIGINT PRIMARY KEY REFERENCES selemti.op_cab(id) ON DELETE CASCADE,",".sql"
"BD\Olds\DEPLOY_CONSOLIDADO_FULL_PG95-v3-20251017-180148-safe.sql","53174","CASCADE","ALTO","sesion_id          BIGINT NOT NULL REFERENCES selemti.sesion_cajon(id) ON DELETE CASCADE,",".sql"
"BD\Olds\DEPLOY_CONSOLIDADO_FULL_PG95-v3-20251017-180148-safe.sql","53191","CASCADE","ALTO","precorte_id   BIGINT NOT NULL REFERENCES selemti.precorte(id) ON DELETE CASCADE,",".sql"
"BD\Olds\DEPLOY_CONSOLIDADO_FULL_PG95-v3-20251017-180148-safe.sql","53203","CASCADE","ALTO","sesion_id                  BIGINT NOT NULL REFERENCES selemti.sesion_cajon(id) ON DELETE CASCADE,",".sql"
"BD\Olds\DEPLOY_CONSOLIDADO_FULL_PG95-v3-20251017-180148-safe.sql","54531","CASCADE","ALTO","ajuste_id INTEGER NOT NULL REFERENCES selemti.ajuste_inv_cab(id) ON DELETE CASCADE,",".sql"
"BD\Olds\DEPLOY_CONSOLIDADO_FULL_PG95-v3-20251017-180148-safe.sql","54570","CASCADE","ALTO","conteo_id INTEGER NOT NULL REFERENCES selemti.conteo_fisico_cab(id) ON DELETE CASCADE,",".sql"
"BD\Olds\DEPLOY_CONSOLIDADO_FULL_PG95-v3-20251017-180148-safe.sql","54601","CASCADE","ALTO","op_id INTEGER NOT NULL REFERENCES selemti.op_produccion_cab(id) ON DELETE CASCADE,",".sql"
"BD\Olds\DEPLOY_CONSOLIDADO_FULL_PG95-v3-20251017-180148-safe.sql","54674","CASCADE","ALTO","ticket_det_id INTEGER NOT NULL REFERENCES selemti.ticket_venta_det(id) ON DELETE CASCADE,",".sql"
"BD\Olds\DEPLOY_CONSOLIDADO_FULL_PG95-v3-20251017-180148-safe.sql","54791","CASCADE","ALTO","cierre_id INTEGER NOT NULL REFERENCES selemti.caja_cierres(id) ON DELETE CASCADE,",".sql"
"BD\Olds\DEPLOY_CONSOLIDADO_FULL_PG95-v3-20251017-180148-safe.sql","54882","CASCADE","ALTO","alerta_id INTEGER NOT NULL REFERENCES selemti.appcc_alertas(id) ON DELETE CASCADE,",".sql"
"BD\Olds\DEPLOY_CONSOLIDADO_FULL_PG95-v3-20251017-180148-safe.sql","55168","CASCADE","ALTO","session_id     BIGINT NOT NULL REFERENCES terrena_drawer_session(id) ON UPDATE NO ACTION ON DELET...",".sql"
"BD\Olds\DEPLOY_CONSOLIDADO_FULL_PG95-v3-20251017-180148-safe.sql","55176","CASCADE","ALTO","precorte_id   BIGINT NOT NULL REFERENCES terrena_precorte(id) ON UPDATE NO ACTION ON DELETE CASCADE,",".sql"
"BD\Olds\DEPLOY_CONSOLIDADO_FULL_PG95-v3-20251017-180148-safe.sql","55183","CASCADE","ALTO","precorte_id   BIGINT NOT NULL REFERENCES terrena_precorte(id) ON UPDATE NO ACTION ON DELETE CASCADE,",".sql"
"BD\Olds\DEPLOY_CONSOLIDADO_FULL_PG95-v3-20251017-180148-safe.sql","55190","CASCADE","ALTO","session_id      BIGINT NOT NULL REFERENCES terrena_drawer_session(id) ON UPDATE NO ACTION ON DELE...",".sql"
"BD\Olds\DEPLOY_CONSOLIDADO_FULL_PG95-v3-20251017-180148-safe.sql","55317","DROP TABLE","ALTO","DROP TABLE IF EXISTS selemti.users CASCADE;",".sql"
"BD\Olds\DEPLOY_CONSOLIDADO_FULL_PG95-v3-20251017-180148-safe.sql","55318","CASCADE","ALTO","DROP SEQUENCE IF EXISTS selemti.users_id_seq CASCADE;",".sql"
"BD\Olds\DEPLOY_CONSOLIDADO_FULL_PG95-v3-20251017-180148-safe.sql","57819","CASCADE","ALTO","precorte_id bigint NOT NULL REFERENCES pc_precorte(id) ON DELETE CASCADE,",".sql"
"BD\Olds\DEPLOY_CONSOLIDADO_FULL_PG95-v3-20251017-180148-safe.sql","57828","CASCADE","ALTO","precorte_id  bigint NOT NULL REFERENCES pc_precorte(id) ON DELETE CASCADE,",".sql"
"BD\Olds\DEPLOY_CONSOLIDADO_FULL_PG95-v3-20251017-180148-safe.sql","57836","CASCADE","ALTO","precorte_id  bigint NOT NULL REFERENCES pc_precorte(id) ON DELETE CASCADE,",".sql"
"BD\Olds\DEPLOY_CONSOLIDADO_FULL_PG95-v3-20251017-180148-safe.sql","57843","CASCADE","ALTO","precorte_id  bigint NOT NULL REFERENCES pc_precorte(id) ON DELETE CASCADE,",".sql"
"BD\Olds\DEPLOY_CONSOLIDADO_FULL_PG95-v3-20251017-180148-safe.sql","58054","CASCADE","ALTO","session_id BIGINT NOT NULL REFERENCES selempos.selempos_drawer_session(id) ON DELETE CASCADE,",".sql"
"BD\Olds\DEPLOY_CONSOLIDADO_FULL_PG95-v3-20251017-180148-safe.sql","58065","CASCADE","ALTO","precorte_id BIGINT NOT NULL REFERENCES selempos.selempos_precorte(id) ON DELETE CASCADE,",".sql"
"BD\Olds\DEPLOY_CONSOLIDADO_FULL_PG95-v3-20251017-180148-safe.sql","58073","CASCADE","ALTO","session_id BIGINT NOT NULL REFERENCES selempos.selempos_drawer_session(id) ON DELETE CASCADE,",".sql"
"BD\Olds\DEPLOY_CONSOLIDADO_FULL_PG95-v3-20251017-180148-safe.sql","60464","DROP DATABASE","EXTREMO","DROP DATABASE pos;",".sql"
"BD\Olds\DEPLOY_CONSOLIDADO_FULL_PG95-v3-20251017-180148-safe.sql","72254","CASCADE","ALTO","ADD CONSTRAINT postcorte_sesion_id_fkey FOREIGN KEY (sesion_id) REFERENCES sesion_cajon(id) ON DE...",".sql"
"BD\Olds\DEPLOY_CONSOLIDADO_FULL_PG95-v3-20251017-180148-safe.sql","72264","CASCADE","ALTO","ADD CONSTRAINT precorte_efectivo_precorte_id_fkey FOREIGN KEY (precorte_id) REFERENCES precorte(i...",".sql"
"BD\Olds\DEPLOY_CONSOLIDADO_FULL_PG95-v3-20251017-180148-safe.sql","72274","CASCADE","ALTO","ADD CONSTRAINT precorte_otros_precorte_id_fkey FOREIGN KEY (precorte_id) REFERENCES precorte(id) ...",".sql"
"BD\Olds\DEPLOY_CONSOLIDADO_FULL_PG95-v3-20251017-180148-safe.sql","72284","CASCADE","ALTO","ADD CONSTRAINT precorte_sesion_id_fkey FOREIGN KEY (sesion_id) REFERENCES sesion_cajon(id) ON DEL...",".sql"
"BD\Olds\DEPLOY_CONSOLIDADO_FULL_PG95-v3-20251017-180148-safe.sql","73908","DROP DATABASE","EXTREMO","DROP DATABASE pos;",".sql"
"BD\Olds\DEPLOY_CONSOLIDADO_FULL_PG95-v3-20251017-180148-safe.sql","82707","CASCADE","ALTO","ADD CONSTRAINT fk_ticket_det_cab FOREIGN KEY (ticket_id) REFERENCES ticket_venta_cab(id) ON DELET...",".sql"
"BD\Olds\DEPLOY_CONSOLIDADO_FULL_PG95-v3-20251017-180148-safe.sql","82797","CASCADE","ALTO","ADD CONSTRAINT model_has_permissions_permission_id_foreign FOREIGN KEY (permission_id) REFERENCES...",".sql"
"BD\Olds\DEPLOY_CONSOLIDADO_FULL_PG95-v3-20251017-180148-safe.sql","82807","CASCADE","ALTO","ADD CONSTRAINT model_has_roles_role_id_foreign FOREIGN KEY (role_id) REFERENCES roles(id) ON DELE...",".sql"
"BD\Olds\DEPLOY_CONSOLIDADO_FULL_PG95-v3-20251017-180148-safe.sql","82887","CASCADE","ALTO","ADD CONSTRAINT postcorte_sesion_id_fkey FOREIGN KEY (sesion_id) REFERENCES sesion_cajon(id) ON DE...",".sql"
"BD\Olds\DEPLOY_CONSOLIDADO_FULL_PG95-v3-20251017-180148-safe.sql","82897","CASCADE","ALTO","ADD CONSTRAINT precorte_efectivo_precorte_id_fkey FOREIGN KEY (precorte_id) REFERENCES precorte(i...",".sql"
"BD\Olds\DEPLOY_CONSOLIDADO_FULL_PG95-v3-20251017-180148-safe.sql","82907","CASCADE","ALTO","ADD CONSTRAINT precorte_otros_precorte_id_fkey FOREIGN KEY (precorte_id) REFERENCES precorte(id) ...",".sql"
"BD\Olds\DEPLOY_CONSOLIDADO_FULL_PG95-v3-20251017-180148-safe.sql","82917","CASCADE","ALTO","ADD CONSTRAINT precorte_sesion_id_fkey FOREIGN KEY (sesion_id) REFERENCES sesion_cajon(id) ON DEL...",".sql"
"BD\Olds\DEPLOY_CONSOLIDADO_FULL_PG95-v3-20251017-180148-safe.sql","82967","CASCADE","ALTO","ADD CONSTRAINT role_has_permissions_permission_id_foreign FOREIGN KEY (permission_id) REFERENCES ...",".sql"
"BD\Olds\DEPLOY_CONSOLIDADO_FULL_PG95-v3-20251017-180148-safe.sql","82977","CASCADE","ALTO","ADD CONSTRAINT role_has_permissions_role_id_foreign FOREIGN KEY (role_id) REFERENCES roles(id) ON...",".sql"
"BD\Olds\DEPLOY_CONSOLIDADO_FULL_PG95-v3-20251017-180148-safe.sql","84554","DROP DATABASE","EXTREMO","DROP DATABASE pos;",".sql"
"BD\Olds\DEPLOY_CONSOLIDADO_FULL_PG95-v3-20251017-180148-safe.sql","91020","CASCADE","ALTO","ADD CONSTRAINT postcorte_sesion_id_fkey FOREIGN KEY (sesion_id) REFERENCES sesion_cajon(id) ON DE...",".sql"
"BD\Olds\DEPLOY_CONSOLIDADO_FULL_PG95-v3-20251017-180148-safe.sql","91030","CASCADE","ALTO","ADD CONSTRAINT precorte_efectivo_precorte_id_fkey FOREIGN KEY (precorte_id) REFERENCES precorte(i...",".sql"
"BD\Olds\DEPLOY_CONSOLIDADO_FULL_PG95-v3-20251017-180148-safe.sql","91040","CASCADE","ALTO","ADD CONSTRAINT precorte_otros_precorte_id_fkey FOREIGN KEY (precorte_id) REFERENCES precorte(id) ...",".sql"
"BD\Olds\DEPLOY_CONSOLIDADO_FULL_PG95-v3-20251017-180148-safe.sql","91050","CASCADE","ALTO","ADD CONSTRAINT precorte_sesion_id_fkey FOREIGN KEY (sesion_id) REFERENCES sesion_cajon(id) ON DEL...",".sql"
"BD\Olds\DEPLOY_CONSOLIDADO_FULL_PG95-v3-20251017-180148-safe.sql","91116","CASCADE","ALTO","compra_id              BIGINT   NOT NULL REFERENCES selemti.compra(id) ON DELETE CASCADE,",".sql"
"BD\Olds\DEPLOY_CONSOLIDADO_FULL_PG95-v3-20251017-180148-safe.sql","91169","CASCADE","ALTO","produccion_id  BIGINT NOT NULL REFERENCES selemti.produccion(id) ON DELETE CASCADE,",".sql"
"BD\Olds\DEPLOY_CONSOLIDADO_FULL_PG95-v3-20251017-180148-safe.sql","91177","CASCADE","ALTO","produccion_id       BIGINT NOT NULL REFERENCES selemti.produccion(id) ON DELETE CASCADE,",".sql"
"BD\Olds\DEPLOY_CONSOLIDADO_FULL_PG95-v3-20251017-180148-safe.sql","94794","DROP DATABASE","EXTREMO","DROP DATABASE pos;",".sql"
"BD\Olds\DEPLOY_CONSOLIDADO_FULL_PG95-v3-20251017-180148-safe.sql","103339","CASCADE","ALTO","ADD CONSTRAINT postcorte_sesion_id_fkey FOREIGN KEY (sesion_id) REFERENCES sesion_cajon(id) ON DE...",".sql"
"BD\Olds\DEPLOY_CONSOLIDADO_FULL_PG95-v3-20251017-180148-safe.sql","103349","CASCADE","ALTO","ADD CONSTRAINT precorte_efectivo_precorte_id_fkey FOREIGN KEY (precorte_id) REFERENCES precorte(i...",".sql"
"BD\Olds\DEPLOY_CONSOLIDADO_FULL_PG95-v3-20251017-180148-safe.sql","103359","CASCADE","ALTO","ADD CONSTRAINT precorte_otros_precorte_id_fkey FOREIGN KEY (precorte_id) REFERENCES precorte(id) ...",".sql"
"BD\Olds\DEPLOY_CONSOLIDADO_FULL_PG95-v3-20251017-180148-safe.sql","103369","CASCADE","ALTO","ADD CONSTRAINT precorte_sesion_id_fkey FOREIGN KEY (sesion_id) REFERENCES sesion_cajon(id) ON DEL...",".sql"
"BD\Olds\DEPLOY_CONSOLIDADO_FULL_PG95-v3-20251017-180148-safe.sql","104992","DROP DATABASE","EXTREMO","DROP DATABASE pos;",".sql"
"BD\Olds\DEPLOY_CONSOLIDADO_FULL_PG95-v3-20251017-180148-safe.sql","113658","CASCADE","ALTO","ADD CONSTRAINT fk_ticket_det_cab FOREIGN KEY (ticket_id) REFERENCES ticket_venta_cab(id) ON DELET...",".sql"
"BD\Olds\DEPLOY_CONSOLIDADO_FULL_PG95-v3-20251017-180148-safe.sql","113748","CASCADE","ALTO","ADD CONSTRAINT model_has_permissions_permission_id_foreign FOREIGN KEY (permission_id) REFERENCES...",".sql"
"BD\Olds\DEPLOY_CONSOLIDADO_FULL_PG95-v3-20251017-180148-safe.sql","113758","CASCADE","ALTO","ADD CONSTRAINT model_has_roles_role_id_foreign FOREIGN KEY (role_id) REFERENCES roles(id) ON DELE...",".sql"
"BD\Olds\DEPLOY_CONSOLIDADO_FULL_PG95-v3-20251017-180148-safe.sql","113838","CASCADE","ALTO","ADD CONSTRAINT postcorte_sesion_id_fkey FOREIGN KEY (sesion_id) REFERENCES sesion_cajon(id) ON DE...",".sql"
"BD\Olds\DEPLOY_CONSOLIDADO_FULL_PG95-v3-20251017-180148-safe.sql","113848","CASCADE","ALTO","ADD CONSTRAINT precorte_efectivo_precorte_id_fkey FOREIGN KEY (precorte_id) REFERENCES precorte(i...",".sql"
"BD\Olds\DEPLOY_CONSOLIDADO_FULL_PG95-v3-20251017-180148-safe.sql","113858","CASCADE","ALTO","ADD CONSTRAINT precorte_otros_precorte_id_fkey FOREIGN KEY (precorte_id) REFERENCES precorte(id) ...",".sql"
"BD\Olds\DEPLOY_CONSOLIDADO_FULL_PG95-v3-20251017-180148-safe.sql","113868","CASCADE","ALTO","ADD CONSTRAINT precorte_sesion_id_fkey FOREIGN KEY (sesion_id) REFERENCES sesion_cajon(id) ON DEL...",".sql"
"BD\Olds\DEPLOY_CONSOLIDADO_FULL_PG95-v3-20251017-180148-safe.sql","113918","CASCADE","ALTO","ADD CONSTRAINT role_has_permissions_permission_id_foreign FOREIGN KEY (permission_id) REFERENCES ...",".sql"
"BD\Olds\DEPLOY_CONSOLIDADO_FULL_PG95-v3-20251017-180148-safe.sql","113928","CASCADE","ALTO","ADD CONSTRAINT role_has_permissions_role_id_foreign FOREIGN KEY (role_id) REFERENCES roles(id) ON...",".sql"
"BD\Olds\DEPLOY_CONSOLIDADO_FULL_PG95-v3-20251017-180148-safe.sql","115514","DROP DATABASE","EXTREMO","DROP DATABASE pos;",".sql"
"BD\Olds\DEPLOY_CONSOLIDADO_FULL_PG95-v3-20251017-180148-safe.sql","121892","CASCADE","ALTO","ADD CONSTRAINT postcorte_sesion_id_fkey FOREIGN KEY (sesion_id) REFERENCES sesion_cajon(id) ON DE...",".sql"
"BD\Olds\DEPLOY_CONSOLIDADO_FULL_PG95-v3-20251017-180148-safe.sql","121902","CASCADE","ALTO","ADD CONSTRAINT precorte_efectivo_precorte_id_fkey FOREIGN KEY (precorte_id) REFERENCES precorte(i...",".sql"
"BD\Olds\DEPLOY_CONSOLIDADO_FULL_PG95-v3-20251017-180148-safe.sql","121912","CASCADE","ALTO","ADD CONSTRAINT precorte_otros_precorte_id_fkey FOREIGN KEY (precorte_id) REFERENCES precorte(id) ...",".sql"
"BD\Olds\DEPLOY_CONSOLIDADO_FULL_PG95-v3-20251017-180148-safe.sql","121922","CASCADE","ALTO","ADD CONSTRAINT precorte_sesion_id_fkey FOREIGN KEY (sesion_id) REFERENCES sesion_cajon(id) ON DEL...",".sql"
"BD\Olds\DEPLOY_CONSOLIDADO_FULL_PG95-v3-20251017-180148-safe.sql","122818","CASCADE","ALTO","user_id INTEGER REFERENCES selemti.users(id) ON DELETE CASCADE,",".sql"
"BD\Olds\DEPLOY_CONSOLIDADO_FULL_PG95-v3-20251017-180148-safe.sql","122955","CASCADE","ALTO","recepcion_id INTEGER NOT NULL REFERENCES selemti.recepcion_cab(id) ON DELETE CASCADE,",".sql"
"BD\Olds\DEPLOY_CONSOLIDADO_FULL_PG95-v3-20251017-180148-safe.sql","123009","CASCADE","ALTO","traspaso_id INTEGER NOT NULL REFERENCES selemti.traspaso_cab(id) ON DELETE CASCADE,",".sql"
"BD\Olds\DEPLOY_CONSOLIDADO_FULL_PG95-v3-20251017-180148-safe.sql","123045","CASCADE","ALTO","ajuste_id INTEGER NOT NULL REFERENCES selemti.ajuste_inv_cab(id) ON DELETE CASCADE,",".sql"
"BD\Olds\DEPLOY_CONSOLIDADO_FULL_PG95-v3-20251017-180148-safe.sql","123084","CASCADE","ALTO","conteo_id INTEGER NOT NULL REFERENCES selemti.conteo_fisico_cab(id) ON DELETE CASCADE,",".sql"
"BD\Olds\DEPLOY_CONSOLIDADO_FULL_PG95-v3-20251017-180148-safe.sql","123133","CASCADE","ALTO","receta_id VARCHAR(20) NOT NULL REFERENCES selemti.receta_cab(id) ON DELETE CASCADE,",".sql"
"BD\Olds\DEPLOY_CONSOLIDADO_FULL_PG95-v3-20251017-180148-safe.sql","123185","CASCADE","ALTO","op_id INTEGER NOT NULL REFERENCES selemti.op_produccion_cab(id) ON DELETE CASCADE,",".sql"
"BD\Olds\DEPLOY_CONSOLIDADO_FULL_PG95-v3-20251017-180148-safe.sql","123277","CASCADE","ALTO","ticket_id INTEGER NOT NULL REFERENCES selemti.ticket_venta_cab(id) ON DELETE CASCADE,",".sql"
"BD\Olds\DEPLOY_CONSOLIDADO_FULL_PG95-v3-20251017-180148-safe.sql","123298","CASCADE","ALTO","ticket_det_id INTEGER NOT NULL REFERENCES selemti.ticket_venta_det(id) ON DELETE CASCADE,",".sql"
"BD\Olds\DEPLOY_CONSOLIDADO_FULL_PG95-v3-20251017-180148-safe.sql","123414","CASCADE","ALTO","cierre_id INTEGER NOT NULL REFERENCES selemti.caja_cierres(id) ON DELETE CASCADE,",".sql"
"BD\Olds\DEPLOY_CONSOLIDADO_FULL_PG95-v3-20251017-180148-safe.sql","123504","CASCADE","ALTO","alerta_id INTEGER NOT NULL REFERENCES selemti.appcc_alertas(id) ON DELETE CASCADE,",".sql"
"BD\Olds\DEPLOY_CONSOLIDADO_FULL_PG95-v3-20251017-180148-safe.sql","124167","CASCADE","ALTO","precorte_id bigint NOT NULL REFERENCES pc_precorte(id) ON DELETE CASCADE,",".sql"
"BD\Olds\DEPLOY_CONSOLIDADO_FULL_PG95-v3-20251017-180148-safe.sql","124176","CASCADE","ALTO","precorte_id  bigint NOT NULL REFERENCES pc_precorte(id) ON DELETE CASCADE,",".sql"
"BD\Olds\DEPLOY_CONSOLIDADO_FULL_PG95-v3-20251017-180148-safe.sql","124184","CASCADE","ALTO","precorte_id  bigint NOT NULL REFERENCES pc_precorte(id) ON DELETE CASCADE,",".sql"
"BD\Olds\DEPLOY_CONSOLIDADO_FULL_PG95-v3-20251017-180148-safe.sql","124191","CASCADE","ALTO","precorte_id  bigint NOT NULL REFERENCES pc_precorte(id) ON DELETE CASCADE,",".sql"
"BD\Olds\DEPLOY_CONSOLIDADO_FULL_PG95-v3-20251017-180148-safe.sql","124402","CASCADE","ALTO","session_id BIGINT NOT NULL REFERENCES selempos.selempos_drawer_session(id) ON DELETE CASCADE,",".sql"
"BD\Olds\DEPLOY_CONSOLIDADO_FULL_PG95-v3-20251017-180148-safe.sql","124413","CASCADE","ALTO","precorte_id BIGINT NOT NULL REFERENCES selempos.selempos_precorte(id) ON DELETE CASCADE,",".sql"
"BD\Olds\DEPLOY_CONSOLIDADO_FULL_PG95-v3-20251017-180148-safe.sql","124421","CASCADE","ALTO","session_id BIGINT NOT NULL REFERENCES selempos.selempos_drawer_session(id) ON DELETE CASCADE,",".sql"
"BD\Olds\DEPLOY_CONSOLIDADO_FULL_PG95-v3-20251017-180148-safe.sql","126517","CASCADE","ALTO","user_id INTEGER REFERENCES selemti.users(id) ON DELETE CASCADE,",".sql"
"BD\Olds\DEPLOY_CONSOLIDADO_FULL_PG95-v3-20251017-180148-safe.sql","126652","CASCADE","ALTO","recepcion_id INTEGER NOT NULL REFERENCES selemti.recepcion_cab(id) ON DELETE CASCADE,",".sql"
"BD\Olds\DEPLOY_CONSOLIDADO_FULL_PG95-v3-20251017-180148-safe.sql","126706","CASCADE","ALTO","traspaso_id INTEGER NOT NULL REFERENCES selemti.traspaso_cab(id) ON DELETE CASCADE,",".sql"
"BD\Olds\DEPLOY_CONSOLIDADO_FULL_PG95-v3-20251017-180148-safe.sql","126742","CASCADE","ALTO","ajuste_id INTEGER NOT NULL REFERENCES selemti.ajuste_inv_cab(id) ON DELETE CASCADE,",".sql"
"BD\Olds\DEPLOY_CONSOLIDADO_FULL_PG95-v3-20251017-180148-safe.sql","126781","CASCADE","ALTO","conteo_id INTEGER NOT NULL REFERENCES selemti.conteo_fisico_cab(id) ON DELETE CASCADE,",".sql"
"BD\Olds\DEPLOY_CONSOLIDADO_FULL_PG95-v3-20251017-180148-safe.sql","126828","CASCADE","ALTO","receta_id VARCHAR(20) NOT NULL REFERENCES selemti.receta_cab(id) ON DELETE CASCADE,",".sql"
"BD\Olds\DEPLOY_CONSOLIDADO_FULL_PG95-v3-20251017-180148-safe.sql","126880","CASCADE","ALTO","op_id INTEGER NOT NULL REFERENCES selemti.op_produccion_cab(id) ON DELETE CASCADE,",".sql"
"BD\Olds\DEPLOY_CONSOLIDADO_FULL_PG95-v3-20251017-180148-safe.sql","126970","CASCADE","ALTO","ticket_id INTEGER NOT NULL REFERENCES selemti.ticket_venta_cab(id) ON DELETE CASCADE,",".sql"
"BD\Olds\DEPLOY_CONSOLIDADO_FULL_PG95-v3-20251017-180148-safe.sql","126991","CASCADE","ALTO","ticket_det_id INTEGER NOT NULL REFERENCES selemti.ticket_venta_det(id) ON DELETE CASCADE,",".sql"
"BD\Olds\DEPLOY_CONSOLIDADO_FULL_PG95-v3-20251017-180148-safe.sql","127105","CASCADE","ALTO","cierre_id INTEGER NOT NULL REFERENCES selemti.caja_cierres(id) ON DELETE CASCADE,",".sql"
"BD\Olds\DEPLOY_CONSOLIDADO_FULL_PG95-v3-20251017-180148-safe.sql","127193","CASCADE","ALTO","alerta_id INTEGER NOT NULL REFERENCES selemti.appcc_alertas(id) ON DELETE CASCADE,",".sql"
"BD\Olds\DEPLOY_CONSOLIDADO_FULL_PG95-v3-20251017-180148-safe.sql","127522","CASCADE","ALTO","user_id INTEGER REFERENCES selemti.users(id) ON DELETE CASCADE,",".sql"
"BD\Olds\DEPLOY_CONSOLIDADO_FULL_PG95-v3-20251017-180148-safe.sql","127865","DROP DATABASE","EXTREMO","DROP DATABASE pos;",".sql"
"BD\Olds\DEPLOY_CONSOLIDADO_FULL_PG95-v3-20251017-180148-safe.sql","139689","CASCADE","ALTO","ADD CONSTRAINT postcorte_sesion_id_fkey FOREIGN KEY (sesion_id) REFERENCES sesion_cajon(id) ON DE...",".sql"
"BD\Olds\DEPLOY_CONSOLIDADO_FULL_PG95-v3-20251017-180148-safe.sql","139699","CASCADE","ALTO","ADD CONSTRAINT precorte_efectivo_precorte_id_fkey FOREIGN KEY (precorte_id) REFERENCES precorte(i...",".sql"
"BD\Olds\DEPLOY_CONSOLIDADO_FULL_PG95-v3-20251017-180148-safe.sql","139709","CASCADE","ALTO","ADD CONSTRAINT precorte_otros_precorte_id_fkey FOREIGN KEY (precorte_id) REFERENCES precorte(id) ...",".sql"
"BD\Olds\DEPLOY_CONSOLIDADO_FULL_PG95-v3-20251017-180148-safe.sql","139719","CASCADE","ALTO","ADD CONSTRAINT precorte_sesion_id_fkey FOREIGN KEY (sesion_id) REFERENCES sesion_cajon(id) ON DEL...",".sql"
"BD\Olds\DEPLOY_CONSOLIDADO_FULL_PG95-v3-20251017-180148-safe.sql","141339","DROP DATABASE","EXTREMO","DROP DATABASE pos;",".sql"
"BD\Olds\DEPLOY_CONSOLIDADO_FULL_PG95-v3-20251017-180148-safe.sql","153409","CASCADE","ALTO","ADD CONSTRAINT fk_ticket_det_cab FOREIGN KEY (ticket_id) REFERENCES ticket_venta_cab(id) ON DELET...",".sql"
"BD\Olds\DEPLOY_CONSOLIDADO_FULL_PG95-v3-20251017-180148-safe.sql","153499","CASCADE","ALTO","ADD CONSTRAINT model_has_permissions_permission_id_foreign FOREIGN KEY (permission_id) REFERENCES...",".sql"
"BD\Olds\DEPLOY_CONSOLIDADO_FULL_PG95-v3-20251017-180148-safe.sql","153509","CASCADE","ALTO","ADD CONSTRAINT model_has_roles_role_id_foreign FOREIGN KEY (role_id) REFERENCES roles(id) ON DELE...",".sql"
"BD\Olds\DEPLOY_CONSOLIDADO_FULL_PG95-v3-20251017-180148-safe.sql","153589","CASCADE","ALTO","ADD CONSTRAINT postcorte_sesion_id_fkey FOREIGN KEY (sesion_id) REFERENCES sesion_cajon(id) ON DE...",".sql"
"BD\Olds\DEPLOY_CONSOLIDADO_FULL_PG95-v3-20251017-180148-safe.sql","153599","CASCADE","ALTO","ADD CONSTRAINT precorte_efectivo_precorte_id_fkey FOREIGN KEY (precorte_id) REFERENCES precorte(i...",".sql"
"BD\Olds\DEPLOY_CONSOLIDADO_FULL_PG95-v3-20251017-180148-safe.sql","153609","CASCADE","ALTO","ADD CONSTRAINT precorte_otros_precorte_id_fkey FOREIGN KEY (precorte_id) REFERENCES precorte(id) ...",".sql"
"BD\Olds\DEPLOY_CONSOLIDADO_FULL_PG95-v3-20251017-180148-safe.sql","153619","CASCADE","ALTO","ADD CONSTRAINT precorte_sesion_id_fkey FOREIGN KEY (sesion_id) REFERENCES sesion_cajon(id) ON DEL...",".sql"
"BD\Olds\DEPLOY_CONSOLIDADO_FULL_PG95-v3-20251017-180148-safe.sql","153669","CASCADE","ALTO","ADD CONSTRAINT role_has_permissions_permission_id_foreign FOREIGN KEY (permission_id) REFERENCES ...",".sql"
"BD\Olds\DEPLOY_CONSOLIDADO_FULL_PG95-v3-20251017-180148-safe.sql","153679","CASCADE","ALTO","ADD CONSTRAINT role_has_permissions_role_id_foreign FOREIGN KEY (role_id) REFERENCES roles(id) ON...",".sql"
"BD\Olds\DEPLOY_CONSOLIDADO_FULL_PG95-v3-20251017-180148-safe.sql","155280","CASCADE","ALTO","precorte_id bigint NOT NULL REFERENCES pc_precorte(id) ON DELETE CASCADE,",".sql"
"BD\Olds\DEPLOY_CONSOLIDADO_FULL_PG95-v3-20251017-180148-safe.sql","155289","CASCADE","ALTO","precorte_id  bigint NOT NULL REFERENCES pc_precorte(id) ON DELETE CASCADE,",".sql"
"BD\Olds\DEPLOY_CONSOLIDADO_FULL_PG95-v3-20251017-180148-safe.sql","155297","CASCADE","ALTO","precorte_id  bigint NOT NULL REFERENCES pc_precorte(id) ON DELETE CASCADE,",".sql"
"BD\Olds\DEPLOY_CONSOLIDADO_FULL_PG95-v3-20251017-180148-safe.sql","155304","CASCADE","ALTO","precorte_id  bigint NOT NULL REFERENCES pc_precorte(id) ON DELETE CASCADE,",".sql"
"BD\Olds\DEPLOY_CONSOLIDADO_FULL_PG95-v3-20251017-180148-safe.sql","155391","DROP DATABASE","EXTREMO","DROP DATABASE pos;",".sql"
"BD\Olds\DEPLOY_CONSOLIDADO_FULL_PG95-v3-20251017-180148-safe.sql","163859","CASCADE","ALTO","ADD CONSTRAINT postcorte_sesion_id_fkey FOREIGN KEY (sesion_id) REFERENCES sesion_cajon(id) ON DE...",".sql"
"BD\Olds\DEPLOY_CONSOLIDADO_FULL_PG95-v3-20251017-180148-safe.sql","163869","CASCADE","ALTO","ADD CONSTRAINT precorte_efectivo_precorte_id_fkey FOREIGN KEY (precorte_id) REFERENCES precorte(i...",".sql"
"BD\Olds\DEPLOY_CONSOLIDADO_FULL_PG95-v3-20251017-180148-safe.sql","163879","CASCADE","ALTO","ADD CONSTRAINT precorte_otros_precorte_id_fkey FOREIGN KEY (precorte_id) REFERENCES precorte(id) ...",".sql"
"BD\Olds\DEPLOY_CONSOLIDADO_FULL_PG95-v3-20251017-180148-safe.sql","163889","CASCADE","ALTO","ADD CONSTRAINT precorte_sesion_id_fkey FOREIGN KEY (sesion_id) REFERENCES sesion_cajon(id) ON DEL...",".sql"
"BD\Olds\DEPLOY_CONSOLIDADO_FULL_PG95-v3-20251017-180148-safe.sql","163991","CASCADE","ALTO","compra_id              BIGINT   NOT NULL REFERENCES selemti.compra(id) ON DELETE CASCADE,",".sql"
"BD\Olds\DEPLOY_CONSOLIDADO_FULL_PG95-v3-20251017-180148-safe.sql","164026","CASCADE","ALTO","recepcion_id              BIGINT NOT NULL REFERENCES selemti.recepcion(id) ON DELETE CASCADE,",".sql"
"BD\Olds\DEPLOY_CONSOLIDADO_FULL_PG95-v3-20251017-180148-safe.sql","164055","CASCADE","ALTO","traspaso_id  BIGINT NOT NULL REFERENCES selemti.traspaso(id) ON DELETE CASCADE,",".sql"
"BD\Olds\DEPLOY_CONSOLIDADO_FULL_PG95-v3-20251017-180148-safe.sql","164071","CASCADE","ALTO","produccion_id  BIGINT NOT NULL REFERENCES selemti.produccion(id) ON DELETE CASCADE,",".sql"
"BD\Olds\DEPLOY_CONSOLIDADO_FULL_PG95-v3-20251017-180148-safe.sql","164079","CASCADE","ALTO","produccion_id       BIGINT NOT NULL REFERENCES selemti.produccion(id) ON DELETE CASCADE,",".sql"
"BD\Olds\DEPLOY_CONSOLIDADO_FULL_PG95-v3-20251017-180148-safe.sql","164979","CASCADE","ALTO","session_id BIGINT NOT NULL REFERENCES selempos.selempos_drawer_session(id) ON DELETE CASCADE,",".sql"
"BD\Olds\DEPLOY_CONSOLIDADO_FULL_PG95-v3-20251017-180148-safe.sql","164990","CASCADE","ALTO","precorte_id BIGINT NOT NULL REFERENCES selempos.selempos_precorte(id) ON DELETE CASCADE,",".sql"
"BD\Olds\DEPLOY_CONSOLIDADO_FULL_PG95-v3-20251017-180148-safe.sql","164998","CASCADE","ALTO","session_id BIGINT NOT NULL REFERENCES selempos.selempos_drawer_session(id) ON DELETE CASCADE,",".sql"
"BD\Olds\DEPLOY_CONSOLIDADO_PG95-20251017-0949.sql","81","CASCADE","ALTO","user_id INTEGER REFERENCES selemti.users(id) ON DELETE CASCADE,",".sql"
"BD\Olds\DEPLOY_CONSOLIDADO_PG95-20251017-0949.sql","233","CASCADE","ALTO","recepcion_id INTEGER NOT NULL REFERENCES selemti.recepcion_cab(id) ON DELETE CASCADE,",".sql"
"BD\Olds\DEPLOY_CONSOLIDADO_PG95-20251017-0949.sql","289","CASCADE","ALTO","traspaso_id INTEGER NOT NULL REFERENCES selemti.traspaso_cab(id) ON DELETE CASCADE,",".sql"
"BD\Olds\DEPLOY_CONSOLIDADO_PG95-20251017-0949.sql","327","CASCADE","ALTO","ajuste_id INTEGER NOT NULL REFERENCES selemti.ajuste_inv_cab(id) ON DELETE CASCADE,",".sql"
"BD\Olds\DEPLOY_CONSOLIDADO_PG95-20251017-0949.sql","368","CASCADE","ALTO","conteo_id INTEGER NOT NULL REFERENCES selemti.conteo_fisico_cab(id) ON DELETE CASCADE,",".sql"
"BD\Olds\DEPLOY_CONSOLIDADO_PG95-20251017-0949.sql","422","CASCADE","ALTO","receta_id VARCHAR(20) NOT NULL REFERENCES selemti.receta_cab(id) ON DELETE CASCADE,",".sql"
"BD\Olds\DEPLOY_CONSOLIDADO_PG95-20251017-0949.sql","477","CASCADE","ALTO","op_id INTEGER NOT NULL REFERENCES selemti.op_produccion_cab(id) ON DELETE CASCADE,",".sql"
"BD\Olds\DEPLOY_CONSOLIDADO_PG95-20251017-0949.sql","574","CASCADE","ALTO","ticket_id INTEGER NOT NULL REFERENCES selemti.ticket_venta_cab(id) ON DELETE CASCADE,",".sql"
"BD\Olds\DEPLOY_CONSOLIDADO_PG95-20251017-0949.sql","596","CASCADE","ALTO","ticket_det_id INTEGER NOT NULL REFERENCES selemti.ticket_venta_det(id) ON DELETE CASCADE,",".sql"
"BD\Olds\DEPLOY_CONSOLIDADO_PG95-20251017-0949.sql","719","CASCADE","ALTO","cierre_id INTEGER NOT NULL REFERENCES selemti.caja_cierres(id) ON DELETE CASCADE,",".sql"
"BD\Olds\DEPLOY_CONSOLIDADO_PG95-20251017-0949.sql","815","CASCADE","ALTO","alerta_id INTEGER NOT NULL REFERENCES selemti.appcc_alertas(id) ON DELETE CASCADE,",".sql"
"BD\Olds\DEPLOY_CONSOLIDADO_PG95-20251017-0949.sql","1585","CASCADE","ALTO","precorte_id bigint NOT NULL REFERENCES pc_precorte(id) ON DELETE CASCADE,",".sql"
"BD\Olds\DEPLOY_CONSOLIDADO_PG95-20251017-0949.sql","1595","CASCADE","ALTO","precorte_id  bigint NOT NULL REFERENCES pc_precorte(id) ON DELETE CASCADE,",".sql"
"BD\Olds\DEPLOY_CONSOLIDADO_PG95-20251017-0949.sql","1604","CASCADE","ALTO","precorte_id  bigint NOT NULL REFERENCES pc_precorte(id) ON DELETE CASCADE,",".sql"
"BD\Olds\DEPLOY_CONSOLIDADO_PG95-20251017-0949.sql","1612","CASCADE","ALTO","precorte_id  bigint NOT NULL REFERENCES pc_precorte(id) ON DELETE CASCADE,",".sql"
"BD\Olds\DEPLOY_CONSOLIDADO_PG95-20251017-0949.sql","1839","CASCADE","ALTO","session_id BIGINT NOT NULL REFERENCES selempos.selempos_drawer_session(id) ON DELETE CASCADE,",".sql"
"BD\Olds\DEPLOY_CONSOLIDADO_PG95-20251017-0949.sql","1851","CASCADE","ALTO","precorte_id BIGINT NOT NULL REFERENCES selempos.selempos_precorte(id) ON DELETE CASCADE,",".sql"
"BD\Olds\DEPLOY_CONSOLIDADO_PG95-20251017-0949.sql","1860","CASCADE","ALTO","session_id BIGINT NOT NULL REFERENCES selempos.selempos_drawer_session(id) ON DELETE CASCADE,",".sql"
"BD\Olds\fix_views.sql","2","CASCADE","ALTO","DROP VIEW IF EXISTS selemti.vw_conciliacion_sesion CASCADE;",".sql"
"BD\Olds\fix_views.sql","3","CASCADE","ALTO","DROP VIEW IF EXISTS selemti.vw_sesion_ventas CASCADE;",".sql"
"BD\Olds\Full_Recetas_V2.sql","82","CASCADE","ALTO","user_id INTEGER REFERENCES selemti.users(id) ON DELETE CASCADE,",".sql"
"BD\Olds\Full_Recetas.sql","73","CASCADE","ALTO","user_id INTEGER REFERENCES selemti.users(id) ON DELETE CASCADE,",".sql"
"BD\Olds\Full_Recetas.sql","224","CASCADE","ALTO","recepcion_id INTEGER NOT NULL REFERENCES selemti.recepcion_cab(id) ON DELETE CASCADE,",".sql"
"BD\Olds\Full_Recetas.sql","280","CASCADE","ALTO","traspaso_id INTEGER NOT NULL REFERENCES selemti.traspaso_cab(id) ON DELETE CASCADE,",".sql"
"BD\Olds\Full_Recetas.sql","318","CASCADE","ALTO","ajuste_id INTEGER NOT NULL REFERENCES selemti.ajuste_inv_cab(id) ON DELETE CASCADE,",".sql"
"BD\Olds\Full_Recetas.sql","359","CASCADE","ALTO","conteo_id INTEGER NOT NULL REFERENCES selemti.conteo_fisico_cab(id) ON DELETE CASCADE,",".sql"
"BD\Olds\Full_Recetas.sql","412","CASCADE","ALTO","receta_id VARCHAR(20) NOT NULL REFERENCES selemti.receta_cab(id) ON DELETE CASCADE,",".sql"
"BD\Olds\Full_Recetas.sql","467","CASCADE","ALTO","op_id INTEGER NOT NULL REFERENCES selemti.op_produccion_cab(id) ON DELETE CASCADE,",".sql"
"BD\Olds\Full_Recetas.sql","564","CASCADE","ALTO","ticket_id INTEGER NOT NULL REFERENCES selemti.ticket_venta_cab(id) ON DELETE CASCADE,",".sql"
"BD\Olds\Full_Recetas.sql","586","CASCADE","ALTO","ticket_det_id INTEGER NOT NULL REFERENCES selemti.ticket_venta_det(id) ON DELETE CASCADE,",".sql"
"BD\Olds\Full_Recetas.sql","709","CASCADE","ALTO","cierre_id INTEGER NOT NULL REFERENCES selemti.caja_cierres(id) ON DELETE CASCADE,",".sql"
"BD\Olds\Full_Recetas.sql","805","CASCADE","ALTO","alerta_id INTEGER NOT NULL REFERENCES selemti.appcc_alertas(id) ON DELETE CASCADE,",".sql"
"BD\Olds\Local_Recetas_25_09_2025.sql","18","DROP DATABASE","EXTREMO","DROP DATABASE pos;",".sql"
"BD\Olds\Local_Recetas_25_09_2025.sql","11342","CASCADE","ALTO","ADD CONSTRAINT postcorte_sesion_id_fkey FOREIGN KEY (sesion_id) REFERENCES sesion_cajon(id) ON DE...",".sql"
"BD\Olds\Local_Recetas_25_09_2025.sql","11351","CASCADE","ALTO","ADD CONSTRAINT precorte_efectivo_precorte_id_fkey FOREIGN KEY (precorte_id) REFERENCES precorte(i...",".sql"
"BD\Olds\Local_Recetas_25_09_2025.sql","11360","CASCADE","ALTO","ADD CONSTRAINT precorte_otros_precorte_id_fkey FOREIGN KEY (precorte_id) REFERENCES precorte(id) ...",".sql"
"BD\Olds\Local_Recetas_25_09_2025.sql","11369","CASCADE","ALTO","ADD CONSTRAINT precorte_sesion_id_fkey FOREIGN KEY (sesion_id) REFERENCES sesion_cajon(id) ON DEL...",".sql"
"BD\Olds\Local_Recetas_28_09_2025.sql","18","DROP DATABASE","EXTREMO","DROP DATABASE pos;",".sql"
"BD\Olds\Local_Recetas_28_09_2025.sql","11586","CASCADE","ALTO","ADD CONSTRAINT fk_ticket_det_cab FOREIGN KEY (ticket_id) REFERENCES ticket_venta_cab(id) ON DELET...",".sql"
"BD\Olds\Local_Recetas_28_09_2025.sql","11667","CASCADE","ALTO","ADD CONSTRAINT model_has_permissions_permission_id_foreign FOREIGN KEY (permission_id) REFERENCES...",".sql"
"BD\Olds\Local_Recetas_28_09_2025.sql","11676","CASCADE","ALTO","ADD CONSTRAINT model_has_roles_role_id_foreign FOREIGN KEY (role_id) REFERENCES roles(id) ON DELE...",".sql"
"BD\Olds\Local_Recetas_28_09_2025.sql","11748","CASCADE","ALTO","ADD CONSTRAINT postcorte_sesion_id_fkey FOREIGN KEY (sesion_id) REFERENCES sesion_cajon(id) ON DE...",".sql"
"BD\Olds\Local_Recetas_28_09_2025.sql","11757","CASCADE","ALTO","ADD CONSTRAINT precorte_efectivo_precorte_id_fkey FOREIGN KEY (precorte_id) REFERENCES precorte(i...",".sql"
"BD\Olds\Local_Recetas_28_09_2025.sql","11766","CASCADE","ALTO","ADD CONSTRAINT precorte_otros_precorte_id_fkey FOREIGN KEY (precorte_id) REFERENCES precorte(id) ...",".sql"
"BD\Olds\Local_Recetas_28_09_2025.sql","11775","CASCADE","ALTO","ADD CONSTRAINT precorte_sesion_id_fkey FOREIGN KEY (sesion_id) REFERENCES sesion_cajon(id) ON DEL...",".sql"
"BD\Olds\Local_Recetas_28_09_2025.sql","11820","CASCADE","ALTO","ADD CONSTRAINT role_has_permissions_permission_id_foreign FOREIGN KEY (permission_id) REFERENCES ...",".sql"
"BD\Olds\Local_Recetas_28_09_2025.sql","11829","CASCADE","ALTO","ADD CONSTRAINT role_has_permissions_role_id_foreign FOREIGN KEY (role_id) REFERENCES roles(id) ON...",".sql"
"BD\Olds\precorte.sql","39","CASCADE","ALTO","precorte_id bigint NOT NULL REFERENCES pc_precorte(id) ON DELETE CASCADE,",".sql"
"BD\Olds\precorte.sql","49","CASCADE","ALTO","precorte_id  bigint NOT NULL REFERENCES pc_precorte(id) ON DELETE CASCADE,",".sql"
"BD\Olds\precorte.sql","58","CASCADE","ALTO","precorte_id  bigint NOT NULL REFERENCES pc_precorte(id) ON DELETE CASCADE,",".sql"
"BD\Olds\precorte.sql","66","CASCADE","ALTO","precorte_id  bigint NOT NULL REFERENCES pc_precorte(id) ON DELETE CASCADE,",".sql"
"BD\Olds\Productivo_24_09_2025.sql","18","DROP DATABASE","EXTREMO","DROP DATABASE pos;",".sql"
"BD\Olds\Productivo_24_09_2025.sql","8102","CASCADE","ALTO","ADD CONSTRAINT postcorte_sesion_id_fkey FOREIGN KEY (sesion_id) REFERENCES sesion_cajon(id) ON DE...",".sql"
"BD\Olds\Productivo_24_09_2025.sql","8111","CASCADE","ALTO","ADD CONSTRAINT precorte_efectivo_precorte_id_fkey FOREIGN KEY (precorte_id) REFERENCES precorte(i...",".sql"
"BD\Olds\Productivo_24_09_2025.sql","8120","CASCADE","ALTO","ADD CONSTRAINT precorte_otros_precorte_id_fkey FOREIGN KEY (precorte_id) REFERENCES precorte(id) ...",".sql"
"BD\Olds\Productivo_24_09_2025.sql","8129","CASCADE","ALTO","ADD CONSTRAINT precorte_sesion_id_fkey FOREIGN KEY (sesion_id) REFERENCES sesion_cajon(id) ON DEL...",".sql"
"BD\Olds\selemti_deploy_inventarios_PG95_CONSOLIDADO_FINAL.sql","105","CASCADE","ALTO","compra_id              BIGINT   NOT NULL REFERENCES selemti.compra(id) ON DELETE CASCADE,",".sql"
"BD\Olds\selemti_deploy_inventarios_PG95_CONSOLIDADO_FINAL.sql","143","CASCADE","ALTO","recepcion_id              BIGINT NOT NULL REFERENCES selemti.recepcion(id) ON DELETE CASCADE,",".sql"
"BD\Olds\selemti_deploy_inventarios_PG95_CONSOLIDADO_FINAL.sql","174","CASCADE","ALTO","traspaso_id  BIGINT NOT NULL REFERENCES selemti.traspaso(id) ON DELETE CASCADE,",".sql"
"BD\Olds\selemti_deploy_inventarios_PG95_CONSOLIDADO_FINAL.sql","192","CASCADE","ALTO","produccion_id  BIGINT NOT NULL REFERENCES selemti.produccion(id) ON DELETE CASCADE,",".sql"
"BD\Olds\selemti_deploy_inventarios_PG95_CONSOLIDADO_FINAL.sql","201","CASCADE","ALTO","produccion_id       BIGINT NOT NULL REFERENCES selemti.produccion(id) ON DELETE CASCADE,",".sql"
"BD\Olds\Triger_corte_final.sql","150","CASCADE","ALTO","session_id BIGINT NOT NULL REFERENCES selempos.selempos_drawer_session(id) ON DELETE CASCADE,",".sql"
"BD\Olds\Triger_corte_final.sql","162","CASCADE","ALTO","precorte_id BIGINT NOT NULL REFERENCES selempos.selempos_precorte(id) ON DELETE CASCADE,",".sql"
"BD\Olds\Triger_corte_final.sql","171","CASCADE","ALTO","session_id BIGINT NOT NULL REFERENCES selempos.selempos_drawer_session(id) ON DELETE CASCADE,",".sql"
"BD\patches\public\20_consultas.sql","4","CASCADE","ALTO","DROP VIEW IF EXISTS kds_orders_enhanced CASCADE;",".sql"
"BD\patches\public\20_consultas.sql","28","CASCADE","ALTO","DROP VIEW IF EXISTS ticket_folio_complete CASCADE;",".sql"
"BD\patches\public\20_consultas.sql","54","CASCADE","ALTO","DROP VIEW IF EXISTS vw_reconciliation_status CASCADE;",".sql"
"BD\patches\selemti\20_constraints.sql","399","CASCADE","ALTO","ADD CONSTRAINT conciliacion_postcorte_id_fkey FOREIGN KEY (postcorte_id) REFERENCES postcorte(id)...",".sql"
"BD\patches\selemti\20_constraints.sql","419","CASCADE","ALTO","ADD CONSTRAINT fk_ticket_det_cab FOREIGN KEY (ticket_id) REFERENCES ticket_venta_cab(id) ON DELET...",".sql"
"BD\patches\selemti\20_constraints.sql","495","CASCADE","ALTO","ADD CONSTRAINT model_has_permissions_permission_id_foreign FOREIGN KEY (permission_id) REFERENCES...",".sql"
"BD\patches\selemti\20_constraints.sql","499","CASCADE","ALTO","ADD CONSTRAINT model_has_roles_role_id_foreign FOREIGN KEY (role_id) REFERENCES roles(id) ON DELE...",".sql"
"BD\patches\selemti\20_constraints.sql","539","CASCADE","ALTO","ADD CONSTRAINT op_insumo_op_id_fkey FOREIGN KEY (op_id) REFERENCES op_cab(id) ON DELETE CASCADE;",".sql"
"BD\patches\selemti\20_constraints.sql","551","CASCADE","ALTO","ADD CONSTRAINT op_yield_op_id_fkey FOREIGN KEY (op_id) REFERENCES op_cab(id) ON DELETE CASCADE;",".sql"
"BD\patches\selemti\20_constraints.sql","567","CASCADE","ALTO","ADD CONSTRAINT postcorte_sesion_id_fkey FOREIGN KEY (sesion_id) REFERENCES sesion_cajon(id) ON DE...",".sql"
"BD\patches\selemti\20_constraints.sql","571","CASCADE","ALTO","ADD CONSTRAINT precorte_efectivo_precorte_id_fkey FOREIGN KEY (precorte_id) REFERENCES precorte(i...",".sql"
"BD\patches\selemti\20_constraints.sql","575","CASCADE","ALTO","ADD CONSTRAINT precorte_otros_precorte_id_fkey FOREIGN KEY (precorte_id) REFERENCES precorte(id) ...",".sql"
"BD\patches\selemti\20_constraints.sql","579","CASCADE","ALTO","ADD CONSTRAINT precorte_sesion_id_fkey FOREIGN KEY (sesion_id) REFERENCES sesion_cajon(id) ON DEL...",".sql"
"BD\patches\selemti\20_constraints.sql","607","CASCADE","ALTO","ADD CONSTRAINT recepcion_det_recepcion_id_fkey FOREIGN KEY (recepcion_id) REFERENCES recepcion_ca...",".sql"
"BD\patches\selemti\20_constraints.sql","635","CASCADE","ALTO","ADD CONSTRAINT role_has_permissions_permission_id_foreign FOREIGN KEY (permission_id) REFERENCES ...",".sql"
"BD\patches\selemti\20_constraints.sql","639","CASCADE","ALTO","ADD CONSTRAINT role_has_permissions_role_id_foreign FOREIGN KEY (role_id) REFERENCES roles(id) ON...",".sql"
"BD\patches\selemti\20_constraints.sql","687","CASCADE","ALTO","ADD CONSTRAINT traspaso_det_traspaso_id_fkey FOREIGN KEY (traspaso_id) REFERENCES traspaso_cab(id...",".sql"
"BD\patches\selemti\40_views.sql","4","CASCADE","ALTO","DROP VIEW IF EXISTS v_ingenieria_menu_completa CASCADE;",".sql"
"BD\patches\selemti\40_views.sql","25","CASCADE","ALTO","DROP VIEW IF EXISTS v_items_con_uom CASCADE;",".sql"
"BD\patches\selemti\40_views.sql","53","CASCADE","ALTO","DROP VIEW IF EXISTS v_merma_por_item CASCADE;",".sql"
"BD\patches\selemti\40_views.sql","81","CASCADE","ALTO","DROP VIEW IF EXISTS v_stock_actual CASCADE;",".sql"
"BD\patches\selemti\40_views.sql","97","CASCADE","ALTO","DROP VIEW IF EXISTS v_stock_brechas CASCADE;",".sql"
"BD\patches\selemti\40_views.sql","119","CASCADE","ALTO","DROP VIEW IF EXISTS vw_anulaciones_por_terminal_dia CASCADE;",".sql"
"BD\patches\selemti\40_views.sql","134","CASCADE","ALTO","DROP VIEW IF EXISTS vw_bom_menu_item CASCADE;",".sql"
"BD\patches\selemti\40_views.sql","149","CASCADE","ALTO","DROP VIEW IF EXISTS vw_sesion_anulaciones CASCADE;",".sql"
"BD\patches\selemti\40_views.sql","163","CASCADE","ALTO","DROP VIEW IF EXISTS vw_sesion_descuentos CASCADE;",".sql"
"BD\patches\selemti\40_views.sql","171","CASCADE","ALTO","DROP VIEW IF EXISTS vw_sesion_reembolsos_efectivo CASCADE;",".sql"
"BD\patches\selemti\40_views.sql","185","CASCADE","ALTO","DROP VIEW IF EXISTS vw_sesion_retiros CASCADE;",".sql"
"BD\patches\selemti\40_views.sql","199","CASCADE","ALTO","DROP VIEW IF EXISTS selemti.vw_sesion_ventas CASCADE;",".sql"
"BD\patches\selemti\40_views.sql","240","CASCADE","ALTO","DROP VIEW IF EXISTS vw_conciliacion_sesion CASCADE;",".sql"
"BD\patches\selemti\40_views.sql","297","CASCADE","ALTO","DROP VIEW IF EXISTS vw_ventas_por_item CASCADE;",".sql"
"BD\patches\selemti\40_views.sql","311","CASCADE","ALTO","DROP VIEW IF EXISTS vw_consumo_teorico CASCADE;",".sql"
"BD\patches\selemti\40_views.sql","323","CASCADE","ALTO","DROP VIEW IF EXISTS vw_kardex CASCADE;",".sql"
"BD\patches\selemti\40_views.sql","341","CASCADE","ALTO","DROP VIEW IF EXISTS vw_consumo_vs_movimientos CASCADE;",".sql"
"BD\patches\selemti\40_views.sql","366","CASCADE","ALTO","DROP VIEW IF EXISTS vw_costos_insumo_actual CASCADE;",".sql"
"BD\patches\selemti\40_views.sql","377","CASCADE","ALTO","DROP VIEW IF EXISTS vw_descuentos_por_terminal_dia CASCADE;",".sql"
"BD\patches\selemti\40_views.sql","403","CASCADE","ALTO","DROP VIEW IF EXISTS vw_fast_tickets CASCADE;",".sql"
"BD\patches\selemti\40_views.sql","417","CASCADE","ALTO","DROP VIEW IF EXISTS vw_fast_tx CASCADE;",".sql"
"BD\patches\selemti\40_views.sql","433","CASCADE","ALTO","DROP VIEW IF EXISTS vw_terminal_sucursal_dia CASCADE;",".sql"
"BD\patches\selemti\40_views.sql","443","CASCADE","ALTO","DROP VIEW IF EXISTS vw_kpis_sucursal_dia CASCADE;",".sql"
"BD\patches\selemti\40_views.sql","485","CASCADE","ALTO","DROP VIEW IF EXISTS vw_kpis_terminal_dia CASCADE;",".sql"
"BD\patches\selemti\40_views.sql","507","CASCADE","ALTO","DROP VIEW IF EXISTS vw_movimientos_anomalos CASCADE;",".sql"
"BD\patches\selemti\40_views.sql","535","CASCADE","ALTO","DROP VIEW IF EXISTS vw_pagos_por_terminal_dia CASCADE;",".sql"
"BD\patches\selemti\40_views.sql","584","CASCADE","ALTO","DROP VIEW IF EXISTS vw_pos_map_resuelto CASCADE;",".sql"
"BD\patches\selemti\40_views.sql","599","CASCADE","ALTO","DROP VIEW IF EXISTS vw_receta_completa CASCADE;",".sql"
"BD\patches\selemti\40_views.sql","611","CASCADE","ALTO","DROP VIEW IF EXISTS vw_resumen_conciliacion_terminal_dia CASCADE;",".sql"
"BD\patches\selemti\40_views.sql","670","CASCADE","ALTO","DROP VIEW IF EXISTS vw_sesion_dpr CASCADE;",".sql"
"BD\patches\selemti\40_views.sql","733","CASCADE","ALTO","DROP VIEW IF EXISTS vw_stock_actual CASCADE;",".sql"
"BD\patches\selemti\40_views.sql","748","CASCADE","ALTO","DROP VIEW IF EXISTS vw_stock_brechas CASCADE;",".sql"
"BD\patches\selemti\40_views.sql","766","CASCADE","ALTO","DROP VIEW IF EXISTS vw_stock_por_lote_fefo CASCADE;",".sql"
"BD\patches\selemti\40_views.sql","779","CASCADE","ALTO","DROP VIEW IF EXISTS vw_stock_valorizado CASCADE;",".sql"
"BD\patches\selemti\40_views.sql","791","CASCADE","ALTO","DROP VIEW IF EXISTS vw_ticket_promedio_sucursal_dia CASCADE;",".sql"
"BD\patches\selemti\40_views.sql","813","CASCADE","ALTO","DROP VIEW IF EXISTS vw_ventas_por_familia CASCADE;",".sql"
"BD\patches\selemti\40_views.sql","826","CASCADE","ALTO","DROP VIEW IF EXISTS vw_ventas_por_hora CASCADE;",".sql"
"database\BD_SCHEMA_PUBLIC.sql","7","DROP SCHEMA","EXTREMO","    DROP SCHEMA public;",".sql"
"database\BD_SCHEMA_PUBLIC.sql","648","DROP TABLE","ALTO"," ""   DROP TABLE public.action_history;",".sql"
"database\BD_SCHEMA_PUBLIC.sql","668","DROP TABLE","ALTO"," &   DROP TABLE public.attendence_history;",".sql"
"database\BD_SCHEMA_PUBLIC.sql","681","DROP TABLE","ALTO","    DROP TABLE public.cash_drawer;",".sql"
"database\BD_SCHEMA_PUBLIC.sql","695","DROP TABLE","ALTO"," -   DROP TABLE public.cash_drawer_reset_history;",".sql"
"database\BD_SCHEMA_PUBLIC.sql","708","DROP TABLE","ALTO"," '   DROP TABLE public.cooking_instruction;",".sql"
"database\BD_SCHEMA_PUBLIC.sql","734","DROP TABLE","ALTO"," '   DROP TABLE public.coupon_and_discount;",".sql"
"database\BD_SCHEMA_PUBLIC.sql","755","DROP TABLE","ALTO","    DROP TABLE public.currency;",".sql"
"database\BD_SCHEMA_PUBLIC.sql","763","DROP TABLE","ALTO"," $   DROP TABLE public.currency_balance;",".sql"
"database\BD_SCHEMA_PUBLIC.sql","786","DROP TABLE","ALTO"," ""   DROP TABLE public.custom_payment;",".sql"
"database\BD_SCHEMA_PUBLIC.sql","822","DROP TABLE","ALTO","    DROP TABLE public.customer;",".sql"
"database\BD_SCHEMA_PUBLIC.sql","836","DROP TABLE","ALTO"," '   DROP TABLE public.customer_properties;",".sql"
"database\BD_SCHEMA_PUBLIC.sql","842","DROP TABLE","ALTO"," '   DROP TABLE public.daily_folio_counter;",".sql"
"database\BD_SCHEMA_PUBLIC.sql","847","DROP TABLE","ALTO"," $   DROP TABLE public.data_update_info;",".sql"
"database\BD_SCHEMA_PUBLIC.sql","864","DROP TABLE","ALTO"," $   DROP TABLE public.delivery_address;",".sql"
"database\BD_SCHEMA_PUBLIC.sql","881","DROP TABLE","ALTO"," #   DROP TABLE public.delivery_charge;",".sql"
"database\BD_SCHEMA_PUBLIC.sql","896","DROP TABLE","ALTO"," *   DROP TABLE public.delivery_configuration;",".sql"
"database\BD_SCHEMA_PUBLIC.sql","910","DROP TABLE","ALTO"," (   DROP TABLE public.delivery_instruction;",".sql"
"database\BD_SCHEMA_PUBLIC.sql","925","DROP TABLE","ALTO"," +   DROP TABLE public.drawer_assigned_history;",".sql"
"database\BD_SCHEMA_PUBLIC.sql","983","DROP TABLE","ALTO"," &   DROP TABLE public.drawer_pull_report;",".sql"
"database\BD_SCHEMA_PUBLIC.sql","1000","DROP TABLE","ALTO"," 2   DROP TABLE public.drawer_pull_report_voidtickets;",".sql"
"database\BD_SCHEMA_PUBLIC.sql","1012","DROP TABLE","ALTO"," +   DROP TABLE public.employee_in_out_history;",".sql"
"database\BD_SCHEMA_PUBLIC.sql","1028","DROP TABLE","ALTO"," !   DROP TABLE public.global_config;",".sql"
"database\BD_SCHEMA_PUBLIC.sql","1047","DROP TABLE","ALTO","    DROP TABLE public.gratuity;",".sql"
"database\BD_SCHEMA_PUBLIC.sql","1060","DROP TABLE","ALTO","    DROP TABLE public.group_taxes;",".sql"
"database\BD_SCHEMA_PUBLIC.sql","1069","DROP TABLE","ALTO"," %   DROP TABLE public.guest_check_print;",".sql"
"database\BD_SCHEMA_PUBLIC.sql","1083","DROP TABLE","ALTO"," #   DROP TABLE public.inventory_group;",".sql"
"database\BD_SCHEMA_PUBLIC.sql","1117","DROP TABLE","ALTO"," ""   DROP TABLE public.inventory_item;",".sql"
"database\BD_SCHEMA_PUBLIC.sql","1133","DROP TABLE","ALTO"," &   DROP TABLE public.inventory_location;",".sql"
"database\BD_SCHEMA_PUBLIC.sql","1149","DROP TABLE","ALTO"," '   DROP TABLE public.inventory_meta_code;",".sql"
"database\BD_SCHEMA_PUBLIC.sql","1172","DROP TABLE","ALTO"," )   DROP TABLE public.inventory_transaction;",".sql"
"database\BD_SCHEMA_PUBLIC.sql","1190","DROP TABLE","ALTO"," ""   DROP TABLE public.inventory_unit;",".sql"
"database\BD_SCHEMA_PUBLIC.sql","1212","DROP TABLE","ALTO"," $   DROP TABLE public.inventory_vendor;",".sql"
"database\BD_SCHEMA_PUBLIC.sql","1226","DROP TABLE","ALTO"," '   DROP TABLE public.inventory_warehouse;",".sql"
"database\BD_SCHEMA_PUBLIC.sql","1239","DROP TABLE","ALTO"," #   DROP TABLE public.item_order_type;",".sql"
"database\BD_SCHEMA_PUBLIC.sql","1252","DROP TABLE","ALTO"," ""   DROP TABLE public.kitchen_ticket;",".sql"
"database\BD_SCHEMA_PUBLIC.sql","1266","DROP TABLE","ALTO","    DROP TABLE public.terminal;",".sql"
"database\BD_SCHEMA_PUBLIC.sql","1313","DROP TABLE","ALTO","    DROP TABLE public.ticket;",".sql"
"database\BD_SCHEMA_PUBLIC.sql","1340","DROP TABLE","ALTO"," !   DROP TABLE public.kds_ready_log;",".sql"
"database\BD_SCHEMA_PUBLIC.sql","1345","DROP TABLE","ALTO"," (   DROP TABLE public.kit_ticket_table_num;",".sql"
"database\BD_SCHEMA_PUBLIC.sql","1373","DROP TABLE","ALTO"," '   DROP TABLE public.kitchen_ticket_item;",".sql"
"database\BD_SCHEMA_PUBLIC.sql","1393","DROP TABLE","ALTO"," !   DROP TABLE public.menu_category;",".sql"
"database\BD_SCHEMA_PUBLIC.sql","1413","DROP TABLE","ALTO","    DROP TABLE public.menu_group;",".sql"
"database\BD_SCHEMA_PUBLIC.sql","1449","DROP TABLE","ALTO","    DROP TABLE public.menu_item;",".sql"
"database\BD_SCHEMA_PUBLIC.sql","1463","DROP TABLE","ALTO"," (   DROP TABLE public.menu_item_properties;",".sql"
"database\BD_SCHEMA_PUBLIC.sql","1473","DROP TABLE","ALTO"," ""   DROP TABLE public.menu_item_size;",".sql"
"database\BD_SCHEMA_PUBLIC.sql","1486","DROP TABLE","ALTO"," *   DROP TABLE public.menu_item_terminal_ref;",".sql"
"database\BD_SCHEMA_PUBLIC.sql","1505","DROP TABLE","ALTO"," !   DROP TABLE public.menu_modifier;",".sql"
"database\BD_SCHEMA_PUBLIC.sql","1514","DROP TABLE","ALTO"," '   DROP TABLE public.menu_modifier_group;",".sql"
"database\BD_SCHEMA_PUBLIC.sql","1536","DROP TABLE","ALTO"," ,   DROP TABLE public.menu_modifier_properties;",".sql"
"database\BD_SCHEMA_PUBLIC.sql","1541","DROP TABLE","ALTO"," )   DROP TABLE public.menucategory_discount;",".sql"
"database\BD_SCHEMA_PUBLIC.sql","1546","DROP TABLE","ALTO"," &   DROP TABLE public.menugroup_discount;",".sql"
"database\BD_SCHEMA_PUBLIC.sql","1551","DROP TABLE","ALTO"," %   DROP TABLE public.menuitem_discount;",".sql"
"database\BD_SCHEMA_PUBLIC.sql","1560","DROP TABLE","ALTO"," *   DROP TABLE public.menuitem_modifiergroup;",".sql"
"database\BD_SCHEMA_PUBLIC.sql","1573","DROP TABLE","ALTO"," '   DROP TABLE public.menuitem_pizzapirce;",".sql"
"database\BD_SCHEMA_PUBLIC.sql","1580","DROP TABLE","ALTO"," ""   DROP TABLE public.menuitem_shift;",".sql"
"database\BD_SCHEMA_PUBLIC.sql","1593","DROP TABLE","ALTO"," 3   DROP TABLE public.menumodifier_pizzamodifierprice;",".sql"
"database\BD_SCHEMA_PUBLIC.sql","1601","DROP TABLE","ALTO"," -   DROP TABLE public.modifier_multiplier_price;",".sql"
"database\BD_SCHEMA_PUBLIC.sql","1621","DROP TABLE","ALTO","    DROP TABLE public.multiplier;",".sql"
"database\BD_SCHEMA_PUBLIC.sql","1643","DROP TABLE","ALTO","     DROP TABLE public.online_order;",".sql"
"database\BD_SCHEMA_PUBLIC.sql","1670","DROP TABLE","ALTO","    DROP TABLE public.order_type;",".sql"
"database\BD_SCHEMA_PUBLIC.sql","1687","DROP TABLE","ALTO"," ""   DROP TABLE public.packaging_unit;",".sql"
"database\BD_SCHEMA_PUBLIC.sql","1700","DROP TABLE","ALTO"," ""   DROP TABLE public.payout_reasons;",".sql"
"database\BD_SCHEMA_PUBLIC.sql","1713","DROP TABLE","ALTO"," %   DROP TABLE public.payout_recepients;",".sql"
"database\BD_SCHEMA_PUBLIC.sql","1730","DROP TABLE","ALTO","    DROP TABLE public.pizza_crust;",".sql"
"database\BD_SCHEMA_PUBLIC.sql","1743","DROP TABLE","ALTO"," (   DROP TABLE public.pizza_modifier_price;",".sql"
"database\BD_SCHEMA_PUBLIC.sql","1759","DROP TABLE","ALTO","    DROP TABLE public.pizza_price;",".sql"
"database\BD_SCHEMA_PUBLIC.sql","1780","DROP TABLE","ALTO"," )   DROP TABLE public.printer_configuration;",".sql"
"database\BD_SCHEMA_PUBLIC.sql","1787","DROP TABLE","ALTO"," !   DROP TABLE public.printer_group;",".sql"
"database\BD_SCHEMA_PUBLIC.sql","1800","DROP TABLE","ALTO"," *   DROP TABLE public.printer_group_printers;",".sql"
"database\BD_SCHEMA_PUBLIC.sql","1806","DROP TABLE","ALTO"," ""   DROP TABLE public.purchase_order;",".sql"
"database\BD_SCHEMA_PUBLIC.sql","1819","DROP TABLE","ALTO","    DROP TABLE public.recepie;",".sql"
"database\BD_SCHEMA_PUBLIC.sql","1835","DROP TABLE","ALTO","     DROP TABLE public.recepie_item;",".sql"
"database\BD_SCHEMA_PUBLIC.sql","1865","DROP TABLE","ALTO","    DROP TABLE public.restaurant;",".sql"
"database\BD_SCHEMA_PUBLIC.sql","1871","DROP TABLE","ALTO"," )   DROP TABLE public.restaurant_properties;",".sql"
"database\BD_SCHEMA_PUBLIC.sql","1879","DROP TABLE","ALTO","    DROP TABLE public.shift;",".sql"
"database\BD_SCHEMA_PUBLIC.sql","1895","DROP TABLE","ALTO","    DROP TABLE public.shop_floor;",".sql"
"database\BD_SCHEMA_PUBLIC.sql","1911","DROP TABLE","ALTO"," '   DROP TABLE public.shop_floor_template;",".sql"
"database\BD_SCHEMA_PUBLIC.sql","1925","DROP TABLE","ALTO"," 2   DROP TABLE public.shop_floor_template_properties;",".sql"
"database\BD_SCHEMA_PUBLIC.sql","1941","DROP TABLE","ALTO","    DROP TABLE public.shop_table;",".sql"
"database\BD_SCHEMA_PUBLIC.sql","1946","DROP TABLE","ALTO"," %   DROP TABLE public.shop_table_status;",".sql"
"database\BD_SCHEMA_PUBLIC.sql","1952","DROP TABLE","ALTO"," #   DROP TABLE public.shop_table_type;",".sql"
"database\BD_SCHEMA_PUBLIC.sql","1977","DROP TABLE","ALTO"," &   DROP TABLE public.table_booking_info;",".sql"
"database\BD_SCHEMA_PUBLIC.sql","1990","DROP TABLE","ALTO"," )   DROP TABLE public.table_booking_mapping;",".sql"
"database\BD_SCHEMA_PUBLIC.sql","1997","DROP TABLE","ALTO"," $   DROP TABLE public.table_ticket_num;",".sql"
"database\BD_SCHEMA_PUBLIC.sql","2002","DROP TABLE","ALTO"," '   DROP TABLE public.table_type_relation;",".sql"
"database\BD_SCHEMA_PUBLIC.sql","2008","DROP TABLE","ALTO","    DROP TABLE public.tax;",".sql"
"database\BD_SCHEMA_PUBLIC.sql","2013","DROP TABLE","ALTO","    DROP TABLE public.tax_group;",".sql"
"database\BD_SCHEMA_PUBLIC.sql","2030","DROP TABLE","ALTO"," %   DROP TABLE public.terminal_printers;",".sql"
"database\BD_SCHEMA_PUBLIC.sql","2044","DROP TABLE","ALTO"," '   DROP TABLE public.terminal_properties;",".sql"
"database\BD_SCHEMA_PUBLIC.sql","2055","DROP TABLE","ALTO"," #   DROP TABLE public.ticket_discount;",".sql"
"database\BD_SCHEMA_PUBLIC.sql","2131","DROP TABLE","ALTO","    DROP TABLE public.ticket_item;",".sql"
"database\BD_SCHEMA_PUBLIC.sql","2137","DROP TABLE","ALTO"," .   DROP TABLE public.ticket_item_addon_relation;",".sql"
"database\BD_SCHEMA_PUBLIC.sql","2144","DROP TABLE","ALTO"," 3   DROP TABLE public.ticket_item_cooking_instruction;",".sql"
"database\BD_SCHEMA_PUBLIC.sql","2156","DROP TABLE","ALTO"," (   DROP TABLE public.ticket_item_discount;",".sql"
"database\BD_SCHEMA_PUBLIC.sql","2194","DROP TABLE","ALTO"," (   DROP TABLE public.ticket_item_modifier;",".sql"
"database\BD_SCHEMA_PUBLIC.sql","2208","DROP TABLE","ALTO"," 1   DROP TABLE public.ticket_item_modifier_relation;",".sql"
"database\BD_SCHEMA_PUBLIC.sql","2214","DROP TABLE","ALTO"," %   DROP TABLE public.ticket_properties;",".sql"
"database\BD_SCHEMA_PUBLIC.sql","2219","DROP TABLE","ALTO"," $   DROP TABLE public.ticket_table_num;",".sql"
"database\BD_SCHEMA_PUBLIC.sql","2225","DROP TABLE","ALTO"," *   DROP TABLE public.transaction_properties;",".sql"
"database\BD_SCHEMA_PUBLIC.sql","2265","DROP TABLE","ALTO","     DROP TABLE public.transactions;",".sql"
"database\BD_SCHEMA_PUBLIC.sql","2277","DROP TABLE","ALTO"," #   DROP TABLE public.user_permission;",".sql"
"database\BD_SCHEMA_PUBLIC.sql","2282","DROP TABLE","ALTO","    DROP TABLE public.user_type;",".sql"
"database\BD_SCHEMA_PUBLIC.sql","2295","DROP TABLE","ALTO"," (   DROP TABLE public.user_user_permission;",".sql"
"database\BD_SCHEMA_PUBLIC.sql","2315","DROP TABLE","ALTO","    DROP TABLE public.users;",".sql"
"database\BD_SCHEMA_PUBLIC.sql","2331","DROP TABLE","ALTO"," #   DROP TABLE public.virtual_printer;",".sql"
"database\BD_SCHEMA_PUBLIC.sql","2344","DROP TABLE","ALTO"," -   DROP TABLE public.virtualprinter_order_type;",".sql"
"database\BD_SCHEMA_PUBLIC.sql","2349","DROP TABLE","ALTO","     DROP TABLE public.void_reasons;",".sql"
"database\BD_SCHEMA_PUBLIC.sql","2906","DROP TABLE","ALTO"," /   DROP TABLE public.zip_code_vs_delivery_charge;",".sql"
"database\BD_SCHEMA_SELEMTI.sql","14343","CASCADE","ALTO","ADD CONSTRAINT alertas_cortes_postcorte_id_fkey FOREIGN KEY (postcorte_id) REFERENCES postcorte(i...",".sql"
"database\BD_SCHEMA_SELEMTI.sql","14352","CASCADE","ALTO","ADD CONSTRAINT alertas_cortes_sesion_id_fkey FOREIGN KEY (sesion_id) REFERENCES sesion_cajon(id) ...",".sql"
"database\BD_SCHEMA_SELEMTI.sql","14388","CASCADE","ALTO","ADD CONSTRAINT caja_fondo_adj_mov_id_fkey FOREIGN KEY (mov_id) REFERENCES caja_fondo_mov(id) ON D...",".sql"
"database\BD_SCHEMA_SELEMTI.sql","14397","CASCADE","ALTO","ADD CONSTRAINT caja_fondo_arqueo_fondo_id_fkey FOREIGN KEY (fondo_id) REFERENCES caja_fondo(id) O...",".sql"
"database\BD_SCHEMA_SELEMTI.sql","14406","CASCADE","ALTO","ADD CONSTRAINT caja_fondo_mov_fondo_id_fkey FOREIGN KEY (fondo_id) REFERENCES caja_fondo(id) ON D...",".sql"
"database\BD_SCHEMA_SELEMTI.sql","14415","CASCADE","ALTO","ADD CONSTRAINT caja_fondo_usuario_fondo_id_fkey FOREIGN KEY (fondo_id) REFERENCES caja_fondo(id) ...",".sql"
"database\BD_SCHEMA_SELEMTI.sql","14424","CASCADE","ALTO","ADD CONSTRAINT cash_fund_arqueos_cash_fund_id_foreign FOREIGN KEY (cash_fund_id) REFERENCES cash_...",".sql"
"database\BD_SCHEMA_SELEMTI.sql","14451","CASCADE","ALTO","ADD CONSTRAINT cash_fund_movements_cash_fund_id_foreign FOREIGN KEY (cash_fund_id) REFERENCES cas...",".sql"
"database\BD_SCHEMA_SELEMTI.sql","14496","CASCADE","ALTO","ADD CONSTRAINT cat_uom_conversion_destino_id_foreign FOREIGN KEY (destino_id) REFERENCES cat_unid...",".sql"
"database\BD_SCHEMA_SELEMTI.sql","14505","CASCADE","ALTO","ADD CONSTRAINT cat_uom_conversion_origen_id_foreign FOREIGN KEY (origen_id) REFERENCES cat_unidad...",".sql"
"database\BD_SCHEMA_SELEMTI.sql","14514","CASCADE","ALTO","ADD CONSTRAINT conciliacion_postcorte_id_fkey FOREIGN KEY (postcorte_id) REFERENCES postcorte(id)...",".sql"
"database\BD_SCHEMA_SELEMTI.sql","14559","CASCADE","ALTO","ADD CONSTRAINT fk_inventory_snapshot_item FOREIGN KEY (item_id) REFERENCES items(id) ON UPDATE CA...",".sql"
"database\BD_SCHEMA_SELEMTI.sql","14568","CASCADE","ALTO","ADD CONSTRAINT fk_pos_map_receta FOREIGN KEY (receta_id) REFERENCES receta_cab(id) ON UPDATE CASC...",".sql"
"database\BD_SCHEMA_SELEMTI.sql","14658","CASCADE","ALTO","ADD CONSTRAINT fk_psuggline_suggestion FOREIGN KEY (suggestion_id) REFERENCES purchase_suggestion...",".sql"
"database\BD_SCHEMA_SELEMTI.sql","14667","CASCADE","ALTO","ADD CONSTRAINT fk_purchase_orders_vendor FOREIGN KEY (vendor_id) REFERENCES cat_proveedores(id) O...",".sql"
"database\BD_SCHEMA_SELEMTI.sql","14676","CASCADE","ALTO","ADD CONSTRAINT fk_recipe_cost_snap_recipe FOREIGN KEY (recipe_id) REFERENCES receta_cab(id) ON DE...",".sql"
"database\BD_SCHEMA_SELEMTI.sql","14694","CASCADE","ALTO","ADD CONSTRAINT fk_ticket_det_cab FOREIGN KEY (ticket_id) REFERENCES ticket_venta_cab(id) ON DELET...",".sql"
"database\BD_SCHEMA_SELEMTI.sql","14775","CASCADE","ALTO","ADD CONSTRAINT inv_consumo_pos_det_consumo_id_fkey FOREIGN KEY (consumo_id) REFERENCES inv_consum...",".sql"
"database\BD_SCHEMA_SELEMTI.sql","14784","CASCADE","ALTO","ADD CONSTRAINT inv_stock_policy_item_id_foreign FOREIGN KEY (item_id) REFERENCES items(id) ON DEL...",".sql"
"database\BD_SCHEMA_SELEMTI.sql","14793","CASCADE","ALTO","ADD CONSTRAINT inv_stock_policy_sucursal_id_foreign FOREIGN KEY (sucursal_id) REFERENCES cat_sucu...",".sql"
"database\BD_SCHEMA_SELEMTI.sql","14856","CASCADE","ALTO","ADD CONSTRAINT items_category_fk FOREIGN KEY (category_id) REFERENCES item_categories(id) ON UPDA...",".sql"
"database\BD_SCHEMA_SELEMTI.sql","14865","CASCADE","ALTO","ADD CONSTRAINT items_unidad_compra_id_fkey FOREIGN KEY (unidad_compra_id) REFERENCES cat_unidades...",".sql"
"database\BD_SCHEMA_SELEMTI.sql","14874","CASCADE","ALTO","ADD CONSTRAINT items_unidad_medida_id_fkey FOREIGN KEY (unidad_medida_id) REFERENCES cat_unidades...",".sql"
"database\BD_SCHEMA_SELEMTI.sql","14883","CASCADE","ALTO","ADD CONSTRAINT items_unidad_salida_id_fkey FOREIGN KEY (unidad_salida_id) REFERENCES cat_unidades...",".sql"
"database\BD_SCHEMA_SELEMTI.sql","14937","CASCADE","ALTO","ADD CONSTRAINT model_has_permissions_permission_id_foreign FOREIGN KEY (permission_id) REFERENCES...",".sql"
"database\BD_SCHEMA_SELEMTI.sql","14946","CASCADE","ALTO","ADD CONSTRAINT model_has_roles_role_id_foreign FOREIGN KEY (role_id) REFERENCES roles(id) ON DELE...",".sql"
"database\BD_SCHEMA_SELEMTI.sql","15045","CASCADE","ALTO","ADD CONSTRAINT op_insumo_op_id_fkey FOREIGN KEY (op_id) REFERENCES op_cab(id) ON DELETE CASCADE;",".sql"
"database\BD_SCHEMA_SELEMTI.sql","15072","CASCADE","ALTO","ADD CONSTRAINT op_yield_op_id_fkey FOREIGN KEY (op_id) REFERENCES op_cab(id) ON DELETE CASCADE;",".sql"
"database\BD_SCHEMA_SELEMTI.sql","15126","CASCADE","ALTO","ADD CONSTRAINT postcorte_sesion_id_fkey FOREIGN KEY (sesion_id) REFERENCES sesion_cajon(id) ON DE...",".sql"
"database\BD_SCHEMA_SELEMTI.sql","15135","CASCADE","ALTO","ADD CONSTRAINT precorte_efectivo_precorte_id_fkey FOREIGN KEY (precorte_id) REFERENCES precorte(i...",".sql"
"database\BD_SCHEMA_SELEMTI.sql","15144","CASCADE","ALTO","ADD CONSTRAINT precorte_otros_precorte_id_fkey FOREIGN KEY (precorte_id) REFERENCES precorte(id) ...",".sql"
"database\BD_SCHEMA_SELEMTI.sql","15153","CASCADE","ALTO","ADD CONSTRAINT precorte_sesion_id_fkey FOREIGN KEY (sesion_id) REFERENCES sesion_cajon(id) ON DEL...",".sql"
"database\BD_SCHEMA_SELEMTI.sql","15171","CASCADE","ALTO","ADD CONSTRAINT prod_det_prod_id_fkey FOREIGN KEY (prod_id) REFERENCES prod_cab(id) ON DELETE CASC...",".sql"
"database\BD_SCHEMA_SELEMTI.sql","15234","CASCADE","ALTO","ADD CONSTRAINT recepcion_det_recepcion_id_fkey FOREIGN KEY (recepcion_id) REFERENCES recepcion_ca...",".sql"
"database\BD_SCHEMA_SELEMTI.sql","15297","CASCADE","ALTO","ADD CONSTRAINT role_has_permissions_permission_id_foreign FOREIGN KEY (permission_id) REFERENCES ...",".sql"
"database\BD_SCHEMA_SELEMTI.sql","15306","CASCADE","ALTO","ADD CONSTRAINT role_has_permissions_role_id_foreign FOREIGN KEY (role_id) REFERENCES roles(id) ON...",".sql"
"database\BD_SCHEMA_SELEMTI.sql","15333","CASCADE","ALTO","ADD CONSTRAINT selemti_cash_fund_movement_audit_log_movement_id_foreign FOREIGN KEY (movement_id)...",".sql"
"database\BD_SCHEMA_SELEMTI.sql","15342","CASCADE","ALTO","ADD CONSTRAINT selemti_menu_engineering_snapshots_menu_item_id_foreign FOREIGN KEY (menu_item_id)...",".sql"
"database\BD_SCHEMA_SELEMTI.sql","15351","CASCADE","ALTO","ADD CONSTRAINT selemti_menu_item_sync_map_menu_item_id_foreign FOREIGN KEY (menu_item_id) REFEREN...",".sql"
"database\BD_SCHEMA_SELEMTI.sql","15360","CASCADE","ALTO","ADD CONSTRAINT selemti_pos_sync_logs_batch_id_foreign FOREIGN KEY (batch_id) REFERENCES pos_sync_...",".sql"
"database\BD_SCHEMA_SELEMTI.sql","15369","CASCADE","ALTO","ADD CONSTRAINT selemti_report_runs_report_id_foreign FOREIGN KEY (report_id) REFERENCES report_de...",".sql"
"database\BD_SCHEMA_SELEMTI.sql","15378","CASCADE","ALTO","ADD CONSTRAINT sol_prod_det_sol_id_fkey FOREIGN KEY (sol_id) REFERENCES sol_prod_cab(id) ON DELET...",".sql"
"database\BD_SCHEMA_SELEMTI.sql","15441","CASCADE","ALTO","ADD CONSTRAINT transfer_det_transfer_id_fkey FOREIGN KEY (transfer_id) REFERENCES transfer_cab(id...",".sql"
"database\BD_SCHEMA_SELEMTI.sql","15495","CASCADE","ALTO","ADD CONSTRAINT traspaso_det_traspaso_id_fkey FOREIGN KEY (traspaso_id) REFERENCES traspaso_cab(id...",".sql"
"database\BD_Schema_UX_FULLsql.sql","20326","CASCADE","ALTO","ADD CONSTRAINT alertas_cortes_postcorte_id_fkey FOREIGN KEY (postcorte_id) REFERENCES selemti.pos...",".sql"
"database\BD_Schema_UX_FULLsql.sql","20334","CASCADE","ALTO","ADD CONSTRAINT alertas_cortes_sesion_id_fkey FOREIGN KEY (sesion_id) REFERENCES selemti.sesion_ca...",".sql"
"database\BD_Schema_UX_FULLsql.sql","20366","CASCADE","ALTO","ADD CONSTRAINT caja_fondo_adj_mov_id_fkey FOREIGN KEY (mov_id) REFERENCES selemti.caja_fondo_mov(...",".sql"
"database\BD_Schema_UX_FULLsql.sql","20374","CASCADE","ALTO","ADD CONSTRAINT caja_fondo_arqueo_fondo_id_fkey FOREIGN KEY (fondo_id) REFERENCES selemti.caja_fon...",".sql"
"database\BD_Schema_UX_FULLsql.sql","20382","CASCADE","ALTO","ADD CONSTRAINT caja_fondo_mov_fondo_id_fkey FOREIGN KEY (fondo_id) REFERENCES selemti.caja_fondo(...",".sql"
"database\BD_Schema_UX_FULLsql.sql","20390","CASCADE","ALTO","ADD CONSTRAINT caja_fondo_usuario_fondo_id_fkey FOREIGN KEY (fondo_id) REFERENCES selemti.caja_fo...",".sql"
"database\BD_Schema_UX_FULLsql.sql","20398","CASCADE","ALTO","ADD CONSTRAINT cash_fund_arqueos_cash_fund_id_foreign FOREIGN KEY (cash_fund_id) REFERENCES selem...",".sql"
"database\BD_Schema_UX_FULLsql.sql","20422","CASCADE","ALTO","ADD CONSTRAINT cash_fund_movements_cash_fund_id_foreign FOREIGN KEY (cash_fund_id) REFERENCES sel...",".sql"
"database\BD_Schema_UX_FULLsql.sql","20462","CASCADE","ALTO","ADD CONSTRAINT cat_uom_conversion_destino_id_foreign FOREIGN KEY (destino_id) REFERENCES selemti....",".sql"
"database\BD_Schema_UX_FULLsql.sql","20470","CASCADE","ALTO","ADD CONSTRAINT cat_uom_conversion_origen_id_foreign FOREIGN KEY (origen_id) REFERENCES selemti.ca...",".sql"
"database\BD_Schema_UX_FULLsql.sql","20478","CASCADE","ALTO","ADD CONSTRAINT conciliacion_postcorte_id_fkey FOREIGN KEY (postcorte_id) REFERENCES selemti.postc...",".sql"
"database\BD_Schema_UX_FULLsql.sql","20518","CASCADE","ALTO","ADD CONSTRAINT fk_inventory_snapshot_item FOREIGN KEY (item_id) REFERENCES selemti.items(id) ON U...",".sql"
"database\BD_Schema_UX_FULLsql.sql","20526","CASCADE","ALTO","ADD CONSTRAINT fk_pos_map_receta FOREIGN KEY (receta_id) REFERENCES selemti.receta_cab(id) ON UPD...",".sql"
"database\BD_Schema_UX_FULLsql.sql","20606","CASCADE","ALTO","ADD CONSTRAINT fk_psuggline_suggestion FOREIGN KEY (suggestion_id) REFERENCES selemti.purchase_su...",".sql"
"database\BD_Schema_UX_FULLsql.sql","20614","CASCADE","ALTO","ADD CONSTRAINT fk_purchase_orders_vendor FOREIGN KEY (vendor_id) REFERENCES selemti.cat_proveedor...",".sql"
"database\BD_Schema_UX_FULLsql.sql","20622","CASCADE","ALTO","ADD CONSTRAINT fk_recipe_cost_snap_recipe FOREIGN KEY (recipe_id) REFERENCES selemti.receta_cab(i...",".sql"
"database\BD_Schema_UX_FULLsql.sql","20638","CASCADE","ALTO","ADD CONSTRAINT fk_ticket_det_cab FOREIGN KEY (ticket_id) REFERENCES selemti.ticket_venta_cab(id) ...",".sql"
"database\BD_Schema_UX_FULLsql.sql","20710","CASCADE","ALTO","ADD CONSTRAINT inv_consumo_pos_det_consumo_id_fkey FOREIGN KEY (consumo_id) REFERENCES selemti.in...",".sql"
"database\BD_Schema_UX_FULLsql.sql","20718","CASCADE","ALTO","ADD CONSTRAINT inv_stock_policy_item_id_foreign FOREIGN KEY (item_id) REFERENCES selemti.items(id...",".sql"
"database\BD_Schema_UX_FULLsql.sql","20726","CASCADE","ALTO","ADD CONSTRAINT inv_stock_policy_sucursal_id_foreign FOREIGN KEY (sucursal_id) REFERENCES selemti....",".sql"
"database\BD_Schema_UX_FULLsql.sql","20782","CASCADE","ALTO","ADD CONSTRAINT items_category_fk FOREIGN KEY (category_id) REFERENCES selemti.item_categories(id)...",".sql"
"database\BD_Schema_UX_FULLsql.sql","20790","CASCADE","ALTO","ADD CONSTRAINT items_unidad_compra_id_fkey FOREIGN KEY (unidad_compra_id) REFERENCES selemti.cat_...",".sql"
"database\BD_Schema_UX_FULLsql.sql","20798","CASCADE","ALTO","ADD CONSTRAINT items_unidad_medida_id_fkey FOREIGN KEY (unidad_medida_id) REFERENCES selemti.cat_...",".sql"
"database\BD_Schema_UX_FULLsql.sql","20806","CASCADE","ALTO","ADD CONSTRAINT items_unidad_salida_id_fkey FOREIGN KEY (unidad_salida_id) REFERENCES selemti.cat_...",".sql"
"database\BD_Schema_UX_FULLsql.sql","20854","CASCADE","ALTO","ADD CONSTRAINT model_has_permissions_permission_id_foreign FOREIGN KEY (permission_id) REFERENCES...",".sql"
"database\BD_Schema_UX_FULLsql.sql","20862","CASCADE","ALTO","ADD CONSTRAINT model_has_roles_role_id_foreign FOREIGN KEY (role_id) REFERENCES selemti.roles(id)...",".sql"
"database\BD_Schema_UX_FULLsql.sql","20950","CASCADE","ALTO","ADD CONSTRAINT op_insumo_op_id_fkey FOREIGN KEY (op_id) REFERENCES selemti.op_cab(id) ON DELETE C...",".sql"
"database\BD_Schema_UX_FULLsql.sql","20974","CASCADE","ALTO","ADD CONSTRAINT op_yield_op_id_fkey FOREIGN KEY (op_id) REFERENCES selemti.op_cab(id) ON DELETE CA...",".sql"
"database\BD_Schema_UX_FULLsql.sql","21014","CASCADE","ALTO","ADD CONSTRAINT postcorte_sesion_id_fkey FOREIGN KEY (sesion_id) REFERENCES selemti.sesion_cajon(i...",".sql"
"database\BD_Schema_UX_FULLsql.sql","21022","CASCADE","ALTO","ADD CONSTRAINT precorte_efectivo_precorte_id_fkey FOREIGN KEY (precorte_id) REFERENCES selemti.pr...",".sql"
"database\BD_Schema_UX_FULLsql.sql","21030","CASCADE","ALTO","ADD CONSTRAINT precorte_otros_precorte_id_fkey FOREIGN KEY (precorte_id) REFERENCES selemti.preco...",".sql"
"database\BD_Schema_UX_FULLsql.sql","21038","CASCADE","ALTO","ADD CONSTRAINT precorte_sesion_id_fkey FOREIGN KEY (sesion_id) REFERENCES selemti.sesion_cajon(id...",".sql"
"database\BD_Schema_UX_FULLsql.sql","21054","CASCADE","ALTO","ADD CONSTRAINT prod_det_prod_id_fkey FOREIGN KEY (prod_id) REFERENCES selemti.prod_cab(id) ON DEL...",".sql"
"database\BD_Schema_UX_FULLsql.sql","21110","CASCADE","ALTO","ADD CONSTRAINT recepcion_det_recepcion_id_fkey FOREIGN KEY (recepcion_id) REFERENCES selemti.rece...",".sql"
"database\BD_Schema_UX_FULLsql.sql","21166","CASCADE","ALTO","ADD CONSTRAINT role_has_permissions_permission_id_foreign FOREIGN KEY (permission_id) REFERENCES ...",".sql"
"database\BD_Schema_UX_FULLsql.sql","21174","CASCADE","ALTO","ADD CONSTRAINT role_has_permissions_role_id_foreign FOREIGN KEY (role_id) REFERENCES selemti.role...",".sql"
"database\BD_Schema_UX_FULLsql.sql","21198","CASCADE","ALTO","ADD CONSTRAINT selemti_cash_fund_movement_audit_log_movement_id_foreign FOREIGN KEY (movement_id)...",".sql"
"database\BD_Schema_UX_FULLsql.sql","21206","CASCADE","ALTO","ADD CONSTRAINT selemti_menu_engineering_snapshots_menu_item_id_foreign FOREIGN KEY (menu_item_id)...",".sql"
"database\BD_Schema_UX_FULLsql.sql","21214","CASCADE","ALTO","ADD CONSTRAINT selemti_menu_item_sync_map_menu_item_id_foreign FOREIGN KEY (menu_item_id) REFEREN...",".sql"
"database\BD_Schema_UX_FULLsql.sql","21222","CASCADE","ALTO","ADD CONSTRAINT selemti_pos_sync_logs_batch_id_foreign FOREIGN KEY (batch_id) REFERENCES selemti.p...",".sql"
"database\BD_Schema_UX_FULLsql.sql","21230","CASCADE","ALTO","ADD CONSTRAINT selemti_report_runs_report_id_foreign FOREIGN KEY (report_id) REFERENCES selemti.r...",".sql"
"database\BD_Schema_UX_FULLsql.sql","21238","CASCADE","ALTO","ADD CONSTRAINT sol_prod_det_sol_id_fkey FOREIGN KEY (sol_id) REFERENCES selemti.sol_prod_cab(id) ...",".sql"
"database\BD_Schema_UX_FULLsql.sql","21294","CASCADE","ALTO","ADD CONSTRAINT transfer_det_transfer_id_fkey FOREIGN KEY (transfer_id) REFERENCES selemti.transfe...",".sql"
"database\BD_Schema_UX_FULLsql.sql","21342","CASCADE","ALTO","ADD CONSTRAINT traspaso_det_traspaso_id_fkey FOREIGN KEY (traspaso_id) REFERENCES selemti.traspas...",".sql"
"database\migrations\2025_10_17_000001_fix_caja_gaps.sql","13","CASCADE","ALTO","postcorte_id BIGINT NOT NULL UNIQUE REFERENCES selemti.postcorte(id) ON DELETE CASCADE,",".sql"
"database\sql\reportes\script_sql_reportes_adicionales.sql","12","CASCADE","ALTO","DROP VIEW IF EXISTS vw_ticket_base CASCADE;",".sql"
"database\sql\reportes\script_sql_reportes_adicionales.sql","50","CASCADE","ALTO","DROP VIEW IF EXISTS vw_report_sales_detail CASCADE;",".sql"
"database\sql\reportes\script_sql_reportes_adicionales.sql","77","CASCADE","ALTO","DROP VIEW IF EXISTS vw_report_sales_summary CASCADE;",".sql"
"database\sql\reportes\script_sql_reportes_adicionales.sql","190","CASCADE","ALTO","DROP VIEW IF EXISTS vw_report_balance_detail CASCADE;",".sql"
"database\sql\reportes\script_sql_reportes_adicionales.sql","215","CASCADE","ALTO","DROP VIEW IF EXISTS vw_report_sales_exceptions CASCADE;",".sql"
"database\sql\reportes\script_sql_reportes_adicionales.sql","283","CASCADE","ALTO","DROP VIEW IF EXISTS vw_report_menu_usage CASCADE;",".sql"
"database\sql\reportes\script_sql_reportes_adicionales.sql","296","CASCADE","ALTO","DROP VIEW IF EXISTS vw_report_journal_lines CASCADE;",".sql"
"database\sql\reportes\script_sql_reportes_adicionales.sql","313","CASCADE","ALTO","DROP VIEW IF EXISTS vw_report_journal_payments CASCADE;",".sql"
"docs\00.history\BD\Normalizacion\Phase1_Initial\01_consolidar_unidades_selemti.sql","119","CASCADE","ALTO","DROP VIEW IF EXISTS selemti.v_cat_unidades_compat CASCADE;",".sql"
"docs\00.history\BD\Normalizacion\Phase1_Initial\01_consolidar_unidades_selemti.sql","135","CASCADE","ALTO","DROP VIEW IF EXISTS selemti.v_unidad_medida_singular_compat CASCADE;",".sql"
"docs\00.history\BD\Normalizacion\Phase1_Initial\02_fix_inventory_snapshot_type.sql","65","CASCADE","ALTO","ON UPDATE CASCADE;",".sql"
"docs\00.history\BD\Normalizacion\Phase1_Initial\03_add_missing_fks_selemti.sql","60","CASCADE","ALTO","ON DELETE CASCADE",".sql"
"docs\00.history\BD\Normalizacion\Phase1_Initial\03_add_missing_fks_selemti.sql","61","CASCADE","ALTO","ON UPDATE CASCADE;",".sql"
"docs\00.history\BD\Normalizacion\Phase1_Initial\03_add_missing_fks_selemti.sql","87","CASCADE","ALTO","ON UPDATE CASCADE;",".sql"
"docs\00.history\BD\Normalizacion\Phase1_Initial\03_add_missing_fks_selemti.sql","113","CASCADE","ALTO","ON UPDATE CASCADE;",".sql"
"docs\00.history\BD\Normalizacion\Phase1_Initial\03_add_missing_fks_selemti.sql","141","CASCADE","ALTO","ON UPDATE CASCADE;",".sql"
"docs\00.history\BD\Normalizacion\Phase1_Initial\03_add_missing_fks_selemti.sql","169","CASCADE","ALTO","ON UPDATE CASCADE;",".sql"
"docs\00.history\BD\Normalizacion\Phase1_Initial\03_add_missing_fks_selemti.sql","197","CASCADE","ALTO","ON UPDATE CASCADE;",".sql"
"docs\00.history\BD\Normalizacion\Phase3_Improvements\05_consolidar_usuarios.sql","317","DROP TABLE","ALTO","RAISE NOTICE '  DROP TABLE IF EXISTS selemti.usuario CASCADE;';",".sql"
"docs\00.history\BD\Normalizacion\Phase3_Improvements\05_consolidar_usuarios.sql","318","DROP TABLE","ALTO","RAISE NOTICE '  DROP TABLE IF EXISTS selemti.rol CASCADE;';",".sql"
"docs\00.history\BD\Normalizacion\Phase3_Improvements\05_consolidar_usuarios.sql","322","DROP TABLE","ALTO","-- DROP TABLE IF EXISTS selemti.usuario CASCADE;",".sql"
"docs\00.history\BD\Normalizacion\Phase3_Improvements\05_consolidar_usuarios.sql","323","DROP TABLE","ALTO","-- DROP TABLE IF EXISTS selemti.rol CASCADE;",".sql"
"docs\00.history\BD\Normalizacion\Phase3_Improvements\06_consolidar_sucursales_almacenes.sql","91","CASCADE","ALTO","ALTER TABLE selemti.almacen DROP CONSTRAINT IF EXISTS almacen_sucursal_id_fkey CASCADE;",".sql"
"docs\00.history\BD\Normalizacion\Phase3_Improvements\06_consolidar_sucursales_almacenes.sql","100","CASCADE","ALTO","ALTER TABLE selemti.bodega DROP CONSTRAINT IF EXISTS bodega_sucursal_id_fkey CASCADE;",".sql"
"docs\00.history\BD\Normalizacion\Phase3_Improvements\06_consolidar_sucursales_almacenes.sql","109","CASCADE","ALTO","ALTER TABLE selemti.op_cab DROP CONSTRAINT IF EXISTS op_cab_sucursal_id_fkey CASCADE;",".sql"
"docs\00.history\BD\Normalizacion\Phase3_Improvements\06_consolidar_sucursales_almacenes.sql","118","CASCADE","ALTO","ALTER TABLE selemti.recepcion_cab DROP CONSTRAINT IF EXISTS recepcion_cab_sucursal_id_fkey CASCADE;",".sql"
"docs\00.history\BD\Normalizacion\Phase3_Improvements\06_consolidar_sucursales_almacenes.sql","129","CASCADE","ALTO","DROP VIEW IF EXISTS selemti.v_sucursal CASCADE;",".sql"
"docs\00.history\BD\Normalizacion\Phase3_Improvements\06_consolidar_sucursales_almacenes.sql","186","CASCADE","ALTO","ALTER TABLE selemti.recepcion_det DROP CONSTRAINT IF EXISTS recepcion_det_bodega_id_fkey CASCADE;",".sql"
"docs\00.history\BD\Normalizacion\Phase3_Improvements\06_consolidar_sucursales_almacenes.sql","195","CASCADE","ALTO","ALTER TABLE selemti.traspaso_cab DROP CONSTRAINT IF EXISTS traspaso_cab_from_bodega_id_fkey CASCADE;",".sql"
"docs\00.history\BD\Normalizacion\Phase3_Improvements\06_consolidar_sucursales_almacenes.sql","204","CASCADE","ALTO","ALTER TABLE selemti.traspaso_cab DROP CONSTRAINT IF EXISTS traspaso_cab_to_bodega_id_fkey CASCADE;",".sql"
"docs\00.history\BD\Normalizacion\Phase3_Improvements\06_consolidar_sucursales_almacenes.sql","217","CASCADE","ALTO","DROP VIEW IF EXISTS selemti.v_bodega CASCADE;",".sql"
"docs\00.history\BD\Normalizacion\Phase3_Improvements\06_consolidar_sucursales_almacenes.sql","228","CASCADE","ALTO","DROP VIEW IF EXISTS selemti.v_almacen CASCADE;",".sql"
"docs\00.history\BD\Normalizacion\Phase3_Improvements\07_consolidar_items_v2.sql","19","CASCADE","ALTO","DROP VIEW IF EXISTS selemti.vw_stock_valorizado CASCADE;",".sql"
"docs\00.history\BD\Normalizacion\Phase3_Improvements\07_consolidar_items_v2.sql","20","CASCADE","ALTO","DROP VIEW IF EXISTS selemti.vw_costos_insumo_actual CASCADE;",".sql"
"docs\00.history\BD\Normalizacion\Phase3_Improvements\07_consolidar_items_v2.sql","21","CASCADE","ALTO","DROP VIEW IF EXISTS selemti.vw_bom_menu_item CASCADE;",".sql"
"docs\00.history\BD\Normalizacion\Phase3_Improvements\07_consolidar_items_v2.sql","22","CASCADE","ALTO","DROP VIEW IF EXISTS selemti.vw_consumo_teorico CASCADE;",".sql"
"docs\00.history\BD\Normalizacion\Phase3_Improvements\07_consolidar_items_v2.sql","23","CASCADE","ALTO","DROP VIEW IF EXISTS selemti.vw_stock_actual CASCADE;",".sql"
"docs\00.history\BD\Normalizacion\Phase3_Improvements\07_consolidar_items_v2.sql","24","CASCADE","ALTO","DROP VIEW IF EXISTS selemti.vw_consumo_vs_movimientos CASCADE;",".sql"
"docs\00.history\BD\Normalizacion\Phase3_Improvements\07_consolidar_items_v2.sql","25","CASCADE","ALTO","DROP VIEW IF EXISTS selemti.vw_stock_brechas CASCADE;",".sql"
"docs\00.history\BD\Normalizacion\Phase3_Improvements\07_consolidar_items_v2.sql","26","CASCADE","ALTO","DROP VIEW IF EXISTS selemti.vw_receta_completa CASCADE;",".sql"
"docs\00.history\BD\Normalizacion\Phase3_Improvements\07_consolidar_items_v2.sql","37","CASCADE","ALTO","ALTER TABLE selemti.hist_cost_insumo DROP CONSTRAINT IF EXISTS hist_cost_insumo_insumo_id_fkey CA...",".sql"
"docs\00.history\BD\Normalizacion\Phase3_Improvements\07_consolidar_items_v2.sql","46","CASCADE","ALTO","ALTER TABLE selemti.insumo_presentacion DROP CONSTRAINT IF EXISTS insumo_presentacion_insumo_id_f...",".sql"
"docs\00.history\BD\Normalizacion\Phase3_Improvements\07_consolidar_items_v2.sql","55","CASCADE","ALTO","ALTER TABLE selemti.insumo_proveedor_presentacion DROP CONSTRAINT IF EXISTS insumo_proveedor_pres...",".sql"
"docs\00.history\BD\Normalizacion\Phase3_Improvements\07_consolidar_items_v2.sql","56","CASCADE","ALTO","ALTER TABLE selemti.insumo_proveedor_presentacion DROP CONSTRAINT IF EXISTS ipp_insumo_fk CASCADE;",".sql"
"docs\00.history\BD\Normalizacion\Phase3_Improvements\07_consolidar_items_v2.sql","65","CASCADE","ALTO","ALTER TABLE selemti.merma DROP CONSTRAINT IF EXISTS merma_insumo_id_fkey CASCADE;",".sql"
"docs\00.history\BD\Normalizacion\Phase3_Improvements\07_consolidar_items_v2.sql","74","CASCADE","ALTO","ALTER TABLE selemti.op_insumo DROP CONSTRAINT IF EXISTS op_insumo_insumo_id_fkey CASCADE;",".sql"
"docs\00.history\BD\Normalizacion\Phase3_Improvements\07_consolidar_items_v2.sql","83","CASCADE","ALTO","ALTER TABLE selemti.recepcion_det DROP CONSTRAINT IF EXISTS recepcion_det_insumo_id_fkey CASCADE;",".sql"
"docs\00.history\BD\Normalizacion\Phase3_Improvements\07_consolidar_items_v2.sql","92","CASCADE","ALTO","ALTER TABLE selemti.receta_insumo DROP CONSTRAINT IF EXISTS receta_insumo_insumo_id_fkey CASCADE;",".sql"
"docs\00.history\BD\Normalizacion\Phase3_Improvements\07_consolidar_items_v2.sql","101","CASCADE","ALTO","ALTER TABLE selemti.traspaso_det DROP CONSTRAINT IF EXISTS traspaso_det_insumo_id_fkey CASCADE;",".sql"
"docs\00.history\BD\Normalizacion\Phase3_Improvements\07_consolidar_items_v2.sql","110","CASCADE","ALTO","ALTER TABLE selemti.lote DROP CONSTRAINT IF EXISTS lote_insumo_id_fkey CASCADE;",".sql"
"docs\00.history\BD\Normalizacion\Phase3_Improvements\07_consolidar_items_v2.sql","119","CASCADE","ALTO","ALTER TABLE selemti.merma DROP CONSTRAINT IF EXISTS merma_lote_id_fkey CASCADE;",".sql"
"docs\00.history\BD\Normalizacion\Phase3_Improvements\07_consolidar_items_v2.sql","128","CASCADE","ALTO","ALTER TABLE selemti.recepcion_det DROP CONSTRAINT IF EXISTS recepcion_det_lote_id_fkey CASCADE;",".sql"
"docs\00.history\BD\Normalizacion\Phase3_Improvements\07_consolidar_items_v2.sql","137","CASCADE","ALTO","ALTER TABLE selemti.traspaso_det DROP CONSTRAINT IF EXISTS traspaso_det_lote_id_fkey CASCADE;",".sql"
"docs\00.history\BD\Normalizacion\Phase3_Improvements\07_consolidar_items_v2.sql","146","CASCADE","ALTO","ALTER TABLE selemti.op_insumo DROP CONSTRAINT IF EXISTS op_insumo_lote_id_fkey CASCADE;",".sql"
"docs\00.history\BD\Normalizacion\Phase3_Improvements\07_consolidar_items_v2.sql","156","CASCADE","ALTO","DROP VIEW IF EXISTS selemti.v_insumo CASCADE;",".sql"
"docs\00.history\BD\Normalizacion\Phase3_Improvements\07_consolidar_items_v2.sql","173","CASCADE","ALTO","DROP VIEW IF EXISTS selemti.v_lote CASCADE;",".sql"
"docs\00.history\BD\Normalizacion\Phase3_Improvements\07_consolidar_items.sql","68","CASCADE","ALTO","DROP VIEW IF EXISTS selemti.vw_costos_insumo_actual CASCADE;",".sql"
"docs\00.history\BD\Normalizacion\Phase3_Improvements\07_consolidar_items.sql","69","CASCADE","ALTO","DROP VIEW IF EXISTS selemti.vw_bom_menu_item CASCADE;",".sql"
"docs\00.history\BD\Normalizacion\Phase3_Improvements\07_consolidar_items.sql","70","CASCADE","ALTO","DROP VIEW IF EXISTS selemti.vw_consumo_teorico CASCADE;",".sql"
"docs\00.history\BD\Normalizacion\Phase3_Improvements\07_consolidar_items.sql","71","CASCADE","ALTO","DROP VIEW IF EXISTS selemti.vw_stock_actual CASCADE;",".sql"
"docs\00.history\BD\Normalizacion\Phase3_Improvements\07_consolidar_items.sql","131","CASCADE","ALTO","ALTER TABLE selemti.hist_cost_insumo DROP CONSTRAINT IF EXISTS hist_cost_insumo_insumo_id_fkey CA...",".sql"
"docs\00.history\BD\Normalizacion\Phase3_Improvements\07_consolidar_items.sql","141","CASCADE","ALTO","ALTER TABLE selemti.insumo_presentacion DROP CONSTRAINT IF EXISTS insumo_presentacion_insumo_id_f...",".sql"
"docs\00.history\BD\Normalizacion\Phase3_Improvements\07_consolidar_items.sql","151","CASCADE","ALTO","ALTER TABLE selemti.insumo_proveedor_presentacion DROP CONSTRAINT IF EXISTS insumo_proveedor_pres...",".sql"
"docs\00.history\BD\Normalizacion\Phase3_Improvements\07_consolidar_items.sql","152","CASCADE","ALTO","ALTER TABLE selemti.insumo_proveedor_presentacion DROP CONSTRAINT IF EXISTS ipp_insumo_fk CASCADE;",".sql"
"docs\00.history\BD\Normalizacion\Phase3_Improvements\07_consolidar_items.sql","164","CASCADE","ALTO","ALTER TABLE selemti.merma DROP CONSTRAINT IF EXISTS merma_insumo_id_fkey CASCADE;",".sql"
"docs\00.history\BD\Normalizacion\Phase3_Improvements\07_consolidar_items.sql","174","CASCADE","ALTO","ALTER TABLE selemti.op_insumo DROP CONSTRAINT IF EXISTS op_insumo_insumo_id_fkey CASCADE;",".sql"
"docs\00.history\BD\Normalizacion\Phase3_Improvements\07_consolidar_items.sql","184","CASCADE","ALTO","ALTER TABLE selemti.recepcion_det DROP CONSTRAINT IF EXISTS recepcion_det_insumo_id_fkey CASCADE;",".sql"
"docs\00.history\BD\Normalizacion\Phase3_Improvements\07_consolidar_items.sql","194","CASCADE","ALTO","ALTER TABLE selemti.receta_insumo DROP CONSTRAINT IF EXISTS receta_insumo_insumo_id_fkey CASCADE;",".sql"
"docs\00.history\BD\Normalizacion\Phase3_Improvements\07_consolidar_items.sql","204","CASCADE","ALTO","ALTER TABLE selemti.traspaso_det DROP CONSTRAINT IF EXISTS traspaso_det_insumo_id_fkey CASCADE;",".sql"
"docs\00.history\BD\Normalizacion\Phase3_Improvements\07_consolidar_items.sql","216","CASCADE","ALTO","DROP VIEW IF EXISTS selemti.v_insumo CASCADE;",".sql"
"docs\00.history\BD\Normalizacion\Phase3_Improvements\07_consolidar_items.sql","277","CASCADE","ALTO","ALTER TABLE selemti.merma DROP CONSTRAINT IF EXISTS merma_lote_id_fkey CASCADE;",".sql"
"docs\00.history\BD\Normalizacion\Phase3_Improvements\07_consolidar_items.sql","287","CASCADE","ALTO","ALTER TABLE selemti.recepcion_det DROP CONSTRAINT IF EXISTS recepcion_det_lote_id_fkey CASCADE;",".sql"
"docs\00.history\BD\Normalizacion\Phase3_Improvements\07_consolidar_items.sql","297","CASCADE","ALTO","ALTER TABLE selemti.traspaso_det DROP CONSTRAINT IF EXISTS traspaso_det_lote_id_fkey CASCADE;",".sql"
"docs\00.history\BD\Normalizacion\Phase3_Improvements\07_consolidar_items.sql","309","CASCADE","ALTO","DROP VIEW IF EXISTS selemti.v_lote CASCADE;",".sql"
"docs\00.history\BD\Normalizacion\Phase3_Improvements\08_consolidar_recetas.sql","35","CASCADE","ALTO","DROP VIEW IF EXISTS selemti.v_receta CASCADE;",".sql"
"docs\00.history\BD\Normalizacion\Phase3_Improvements\08_consolidar_recetas.sql","47","CASCADE","ALTO","DROP VIEW IF EXISTS selemti.v_receta_insumo CASCADE;",".sql"
"docs\00.history\BD\Normalizacion\Phase3_Improvements\11_fase5_enterprise.sql","82","CASCADE","ALTO","DROP MATERIALIZED VIEW IF EXISTS selemti.mv_inventario_actual CASCADE;",".sql"
"docs\00.history\BD\Normalizacion\Phase3_Improvements\11_fase5_enterprise.sql","103","CASCADE","ALTO","DROP MATERIALIZED VIEW IF EXISTS selemti.mv_recetas_costos CASCADE;",".sql"
"docs\00.history\BD\Normalizacion\Scripts\rollback_phase2.sql","33","CASCADE","ALTO","DROP VIEW IF EXISTS selemti.v_usuario CASCADE;",".sql"
"docs\00.history\BD\Normalizacion\Scripts\rollback_phase2.sql","36","CASCADE","ALTO","DROP VIEW IF EXISTS selemti.v_rol CASCADE;",".sql"
"docs\00.history\CajaChica\Corte de Caja\ADD_APROBACION_POSTCORTE.sql","52","CASCADE","ALTO","postcorte_id BIGINT REFERENCES selemti.postcorte(id) ON DELETE CASCADE,",".sql"
"docs\00.history\CajaChica\Corte de Caja\ADD_APROBACION_POSTCORTE.sql","53","CASCADE","ALTO","sesion_id BIGINT REFERENCES selemti.sesion_cajon(id) ON DELETE CASCADE,",".sql"
"docs\00.history\CajaChica\Corte de Caja\CREATE_VW_SESION_DPR.sql","8","CASCADE","ALTO","DROP VIEW IF EXISTS selemti.vw_sesion_dpr CASCADE;",".sql"
"docs\00.history\V3\sql\2025_10_22_000001_caja_fondo.sql","19","CASCADE","ALTO","fondo_id bigint REFERENCES selemti.caja_fondo(id) ON DELETE CASCADE,",".sql"
"docs\00.history\V3\sql\2025_10_22_000001_caja_fondo.sql","28","CASCADE","ALTO","fondo_id bigint REFERENCES selemti.caja_fondo(id) ON DELETE CASCADE,",".sql"
"docs\00.history\V3\sql\2025_10_22_000001_caja_fondo.sql","46","CASCADE","ALTO","mov_id bigint REFERENCES selemti.caja_fondo_mov(id) ON DELETE CASCADE,",".sql"
"docs\00.history\V3\sql\2025_10_22_000001_caja_fondo.sql","56","CASCADE","ALTO","fondo_id bigint REFERENCES selemti.caja_fondo(id) ON DELETE CASCADE,",".sql"
"docs\00.history\V3\sql\2025_10_22_000002_consumo_pos.sql","15","CASCADE","ALTO","consumo_id bigint REFERENCES selemti.inv_consumo_pos(id) ON DELETE CASCADE,",".sql"
"docs\00.history\V3\Terrena_POS_v1_4_Tecnico\sql\2025_10_23_000001_caja_fondo.sql","14","CASCADE","ALTO","fondo_id bigint REFERENCES selemti.caja_fondo(id) ON DELETE CASCADE,",".sql"
"docs\00.history\V3\Terrena_POS_v1_4_Tecnico\sql\2025_10_23_000001_caja_fondo.sql","21","CASCADE","ALTO","fondo_id bigint REFERENCES selemti.caja_fondo(id) ON DELETE CASCADE,",".sql"
"docs\00.history\V3\Terrena_POS_v1_4_Tecnico\sql\2025_10_23_000001_caja_fondo.sql","37","CASCADE","ALTO","mov_id bigint REFERENCES selemti.caja_fondo_mov(id) ON DELETE CASCADE,",".sql"
"docs\00.history\V3\Terrena_POS_v1_4_Tecnico\sql\2025_10_23_000001_caja_fondo.sql","45","CASCADE","ALTO","fondo_id bigint REFERENCES selemti.caja_fondo(id) ON DELETE CASCADE,",".sql"
"docs\00.history\V3\Terrena_POS_v1_4_Tecnico\sql\2025_10_23_000002_consumo_pos_staging.sql","14","CASCADE","ALTO","consumo_id bigint REFERENCES selemti.inv_consumo_pos(id) ON DELETE CASCADE,",".sql"
"docs\00.history\V3\Terrena_POS_v1_4_Tecnico\sql\2025_10_23_000003_produccion.sql","13","CASCADE","ALTO","sol_id bigint REFERENCES selemti.sol_prod_cab(id) ON DELETE CASCADE,",".sql"
"docs\00.history\V3\Terrena_POS_v1_4_Tecnico\sql\2025_10_23_000003_produccion.sql","30","CASCADE","ALTO","prod_id bigint REFERENCES selemti.prod_cab(id) ON DELETE CASCADE,",".sql"
"docs\00.history\V3\Terrena_POS_v1_4_Tecnico\sql\2025_10_23_000004_transferencias.sql","14","CASCADE","ALTO","transfer_id bigint REFERENCES selemti.transfer_cab(id) ON DELETE CASCADE,",".sql"
"docs\V4.0\BaseDatos\REPLENISHMENT_DATASET_MIGRACION.sql","237","DROP TABLE","ALTO","DROP TABLE IF EXISTS temp_items_replenishment;",".sql"
"docs\V4.0\Code\fix_transfer_tables.sql","114","DROP TABLE","ALTO","DROP TABLE IF EXISTS selemti.transfer_cab;",".sql"
"docs\V4.0\Code\fix_transfer_tables.sql","115","DROP TABLE","ALTO","DROP TABLE IF EXISTS selemti.transfer_det;",".sql"
"docs\V4.0\Code\fix_transfer_tables.sql","143","DROP TABLE","ALTO","DROP TABLE selemti.transfer_cab_backup_20251117;",".sql"
"docs\V4.0\Code\fix_transfer_tables.sql","144","DROP TABLE","ALTO","DROP TABLE selemti.transfer_det_backup_20251117;",".sql"
"scripts\analisis_discrepancias_ventas.sql","13","DROP TABLE","ALTO","DROP TABLE IF EXISTS temp_drawer_analysis;",".sql"
"proteger_bd.bat","14","migrate:fresh","EXTREMO","echo   - php artisan migrate:fresh",".bat"
"proteger_bd.bat","15","migrate:reset","MEDIO","echo   - php artisan migrate:reset",".bat"
"proteger_bd.bat","17","db:wipe","EXTREMO","echo   - php artisan db:wipe",".bat"
"CLAUDE.md","85","migrate:fresh","EXTREMO","php artisan migrate:fresh      # Fresh migration (drops all tables)",".md"
"INFORME_FORENSE_COMPLETO.md","26","migrate:fresh","EXTREMO","- `php artisan migrate:fresh`",".md"
"INFORME_FORENSE_COMPLETO.md","27","migrate:reset","MEDIO","- `php artisan migrate:reset`",".md"
"INFORME_FORENSE_COMPLETO.md","28","db:wipe","EXTREMO","- `php artisan db:wipe`",".md"
"INFORME_FORENSE_COMPLETO.md","41","migrate:fresh","EXTREMO","| EXTREMO  | proteger_bd.bat   | 14    | migrate:fresh       | Referencia a comando que borra TOD...",".md"
"INFORME_FORENSE_COMPLETO.md","42","migrate:reset","MEDIO","| EXTREMO  | proteger_bd.bat   | 15    | migrate:reset       | Comando que revierte TODAS las mig...",".md"
"INFORME_FORENSE_COMPLETO.md","43","db:wipe","EXTREMO","| EXTREMO  | proteger_bd.bat   | 17    | db:wipe             | Comando que BORRA TODAS LAS TABLAS...",".md"
"INFORME_FORENSE_COMPLETO.md","47","Schema::drop","MEDIO","### 🟡 RIESGO ALTO - Migraciones con Schema::drop",".md"
"INFORME_FORENSE_COMPLETO.md","49","Schema::drop","MEDIO","Las siguientes migraciones de Laravel contienen métodos `down()` que ejecutan `Schema::drop` o `S...",".md"
"INFORME_FORENSE_COMPLETO.md","52","migrate:fresh","EXTREMO","- `php artisan migrate:fresh`",".md"
"INFORME_FORENSE_COMPLETO.md","53","migrate:reset","MEDIO","- `php artisan migrate:reset`",".md"
"INFORME_FORENSE_COMPLETO.md","57","Schema::drop","MEDIO","| ALTO   | database\migrations\0001_01_01_000000_create_users_table.php | 51-53 | Schema::dropIfE...",".md"
"INFORME_FORENSE_COMPLETO.md","58","Schema::drop","MEDIO","| ALTO   | database\migrations\0001_01_01_000002_create_jobs_table.php | 59-61 | Schema::dropIfEx...",".md"
"INFORME_FORENSE_COMPLETO.md","59","Schema::drop","MEDIO","| ALTO   | database\migrations\2025_09_26_205955_create_permission_tables.php | 140-144 | Schema:...",".md"
"INFORME_FORENSE_COMPLETO.md","60","DROP TABLE","ALTO","| ALTO   | database\migrations\2025_10_21_180000_create_item_categories.php | 99 | DROP TABLE | M...",".md"
"INFORME_FORENSE_COMPLETO.md","61","DROP TABLE","ALTO","| ALTO   | database\migrations\2025_10_21_200200_recipe_versioning_and_history.php | 72-76 | DROP...",".md"
"INFORME_FORENSE_COMPLETO.md","62","DROP TABLE","ALTO","| ALTO   | database\migrations\2025_10_27_100239_create_pos_reverse_log_table.php | 56 | DROP TAB...",".md"
"INFORME_FORENSE_COMPLETO.md","63","DROP TABLE","ALTO","| ALTO   | database\migrations\2025_10_27_100252_create_pos_reprocess_log_table.php | 56 | DROP T...",".md"
"INFORME_FORENSE_COMPLETO.md","67","DROP TABLE","ALTO","### 🟠 RIESGO MEDIO - Archivos SQL con DROP TABLE",".md"
"INFORME_FORENSE_COMPLETO.md","73","DROP TABLE","ALTO","| MEDIO  | scripts\analisis_discrepancias_ventas.sql | 13 | DROP TABLE | Borra tabla temporal `tm...",".md"
"INFORME_FORENSE_COMPLETO.md","74","DROP TABLE","ALTO","| MEDIO  | docs\V4.0\BaseDatos\REPLENISHMENT_DATASET_MIGRACION.sql | 237 | DROP TABLE | Borra tab...",".md"
"INFORME_FORENSE_COMPLETO.md","75","DROP TABLE","ALTO","| MEDIO  | docs\V4.0\Code\fix_transfer_tables.sql | 114-144 | DROP TABLE | Borra 4 tablas tempora...",".md"
"INFORME_FORENSE_COMPLETO.md","76","DROP TABLE","ALTO","| BAJO   | docs\00.history\BD\Normalizacion\Phase3_Improvements\05_consolidar_usuarios.sql | 317-...",".md"
"INFORME_FORENSE_COMPLETO.md","90","migrate:fresh","EXTREMO","echo   - php artisan migrate:fresh",".md"
"INFORME_FORENSE_COMPLETO.md","91","migrate:reset","MEDIO","echo   - php artisan migrate:reset",".md"
"INFORME_FORENSE_COMPLETO.md","93","db:wipe","EXTREMO","echo   - php artisan db:wipe",".md"
"INFORME_FORENSE_COMPLETO.md","153","DROP TABLE","ALTO","DB::statement('DROP TABLE IF EXISTS selemti.receta_version CASCADE');",".md"
"INFORME_FORENSE_COMPLETO.md","154","DROP TABLE","ALTO","DB::statement('DROP TABLE IF EXISTS selemti.receta_cambios_log CASCADE');",".md"
"INFORME_FORENSE_COMPLETO.md","155","DROP TABLE","ALTO","DB::statement('DROP TABLE IF EXISTS selemti.receta_ingrediente_history CASCADE');",".md"
"INFORME_FORENSE_COMPLETO.md","165","migrate:fresh","EXTREMO","- **PERO**: Si alguien ejecuta `php artisan migrate:fresh`, esta migración borrará las tablas.",".md"
"INFORME_FORENSE_COMPLETO.md","168","Schema::drop","MEDIO","**Recomendación**: Convertir los `DROP` a `Schema::dropIfExists()` en método `down()`.",".md"
"INFORME_FORENSE_COMPLETO.md","176","DROP TABLE","ALTO","DB::statement('DROP TABLE IF EXISTS selemti.pos_reverse_log CASCADE');",".md"
"INFORME_FORENSE_COMPLETO.md","188","DROP TABLE","ALTO","Los siguientes archivos contienen DROP TABLE pero están en carpetas de documentación/histórico:",".md"
"INFORME_FORENSE_COMPLETO.md","216","migrate:fresh","EXTREMO","php artisan migrate:fresh",".md"
"INFORME_FORENSE_COMPLETO.md","217","migrate --fresh","MEDIO","php artisan migrate --fresh",".md"
"INFORME_FORENSE_COMPLETO.md","218","migrate:reset","MEDIO","php artisan migrate:reset",".md"
"INFORME_FORENSE_COMPLETO.md","219","db:wipe","EXTREMO","php artisan db:wipe",".md"
"INFORME_FORENSE_COMPLETO.md","224","Schema::drop","MEDIO","- Borrado de 49 tablas (según Schema::drop encontrados)",".md"
"INFORME_FORENSE_COMPLETO.md","234","DROP SCHEMA","EXTREMO","**Ejecución manual de scripts SQL con DROP SCHEMA**:",".md"
"INFORME_FORENSE_COMPLETO.md","236","DROP SCHEMA","EXTREMO","DROP SCHEMA public CASCADE;",".md"
"INFORME_FORENSE_COMPLETO.md","241","DROP SCHEMA","EXTREMO","- No hay scripts con `psql -c ""DROP SCHEMA public""`",".md"
"INFORME_FORENSE_COMPLETO.md","242","DROP SCHEMA","EXTREMO","- Todos los DROP SCHEMA encontrados están en comentarios o documentación",".md"
"INFORME_FORENSE_COMPLETO.md","270","migrate:fresh","EXTREMO","// Protección contra migrate:fresh en producción",".md"
"INFORME_FORENSE_COMPLETO.md","273","DROP SCHEMA","EXTREMO","if (str_contains($query->sql, 'DROP SCHEMA') ||",".md"
"INFORME_FORENSE_COMPLETO.md","274","DROP TABLE","ALTO","str_contains($query->sql, 'DROP TABLE')) {",".md"
"INFORME_FORENSE_COMPLETO.md","340","migrate:fresh","EXTREMO","'migrate:fresh',",".md"
"INFORME_FORENSE_COMPLETO.md","341","migrate:reset","MEDIO","'migrate:reset',",".md"
"INFORME_FORENSE_COMPLETO.md","342","db:wipe","EXTREMO","'db:wipe',",".md"
"INFORME_FORENSE_COMPLETO.md","390","migrate:fresh","EXTREMO","- php artisan migrate:fresh        (BORRA TODO)",".md"
"INFORME_FORENSE_COMPLETO.md","391","migrate:reset","MEDIO","- php artisan migrate:reset        (BORRA TODO)",".md"
"INFORME_FORENSE_COMPLETO.md","392","migrate --fresh","MEDIO","- php artisan migrate --fresh      (BORRA TODO)",".md"
"INFORME_FORENSE_COMPLETO.md","393","db:wipe","EXTREMO","- php artisan db:wipe              (BORRA TODO)",".md"
"INFORME_FORENSE_COMPLETO.md","443","DROP TABLE","ALTO","Scripts SQL con DROP TABLE:         7  (todos manuales, seguros)",".md"
"INFORME_FORENSE_COMPLETO.md","446","migrate:fresh","EXTREMO","Causa más probable:                 migrate:fresh ejecutado manualmente",".md"
"QWEN.md","137","TRUNCATE","ALTO","- **Destructive Operations:** Always seek confirmation before running `DROP`, `TRUNCATE`, or dele...",".md"
".gemini\GEMINI - copia.md","69","DROP TABLE","ALTO","- `DROP TABLE`, `DROP COLUMN`",".md"
".gemini\GEMINI - copia.md","70","TRUNCATE","ALTO","- `TRUNCATE`",".md"
".gemini\GEMINI - copia.md","82","DROP TABLE","ALTO","- `ALTER TABLE`, `DROP TABLE`",".md"
".gemini\GEMINI - copia.md","83","TRUNCATE","ALTO","- `TRUNCATE`",".md"
".gemini\GEMINI.md","69","DROP TABLE","ALTO","- `DROP TABLE`, `DROP COLUMN`",".md"
".gemini\GEMINI.md","70","TRUNCATE","ALTO","- `TRUNCATE`",".md"
".gemini\GEMINI.md","82","DROP TABLE","ALTO","- `ALTER TABLE`, `DROP TABLE`",".md"
".gemini\GEMINI.md","83","TRUNCATE","ALTO","- `TRUNCATE`",".md"
".gemini\QUICKSTART.md","31","TRUNCATE","ALTO","- ⚠️ DROP/TRUNCATE en `selemti`",".md"
".gemini\QUICKSTART.md","157","TRUNCATE","ALTO","3. **SIEMPRE** explicar riesgo antes de DROP/TRUNCATE",".md"
".gemini\QUICKSTART.md","198","TRUNCATE","ALTO","→ Si es DROP/TRUNCATE: ⚠️ explica riesgo primero",".md"
".gemini\README.md","50","TRUNCATE","ALTO","- Operaciones destructivas en `selemti` (DROP, TRUNCATE)",".md"
".gemini\README.md","58","DROP DATABASE","EXTREMO","- DROP DATABASE",".md"
".gemini\README.md","59","DROP SCHEMA","EXTREMO","- DROP SCHEMA public",".md"
".gemini\README.md","203","TRUNCATE","ALTO","2. DROP/TRUNCATE de tablas con datos históricos",".md"
"docs\00.history\BD\PLAN_CONSOLIDACION_TABLAS.md","73","DROP TABLE","ALTO","DROP TABLE IF EXISTS selemti.usuario CASCADE;",".md"
"docs\00.history\BD\PLAN_CONSOLIDACION_TABLAS.md","119","DROP TABLE","ALTO","DROP TABLE IF EXISTS selemti.rol CASCADE;",".md"
"docs\00.history\BD\PLAN_CONSOLIDACION_TABLAS.md","221","DROP TABLE","ALTO","DROP TABLE IF EXISTS selemti.conversiones_unidad_legacy CASCADE;",".md"
"docs\00.history\BD\PLAN_CONSOLIDACION_TABLAS.md","222","DROP TABLE","ALTO","DROP TABLE IF EXISTS selemti.uom_conversion_legacy CASCADE;",".md"
"docs\00.history\BD\PLAN_CONSOLIDACION_TABLAS.md","223","DROP TABLE","ALTO","DROP TABLE IF EXISTS selemti.unidad_medida_legacy CASCADE;",".md"
"docs\00.history\BD\PLAN_CONSOLIDACION_TABLAS.md","224","DROP TABLE","ALTO","DROP TABLE IF EXISTS selemti.unidades_medida_legacy CASCADE;",".md"
"docs\00.history\BD\PLAN_CONSOLIDACION_TABLAS.md","248","DROP TABLE","ALTO","DROP TABLE IF EXISTS selemti.sucursal CASCADE;",".md"
"docs\00.history\BD\PLAN_CONSOLIDACION_TABLAS.md","249","DROP TABLE","ALTO","DROP TABLE IF EXISTS selemti.almacen CASCADE;",".md"
"docs\00.history\BD\PLAN_CONSOLIDACION_TABLAS.md","250","DROP TABLE","ALTO","DROP TABLE IF EXISTS selemti.proveedor CASCADE;",".md"
"docs\00.history\BD\PLAN_CONSOLIDACION_TABLAS.md","251","DROP TABLE","ALTO","DROP TABLE IF EXISTS selemti.receta CASCADE;",".md"
"docs\00.history\BD\PLAN_CONSOLIDACION_TABLAS.md","252","DROP TABLE","ALTO","DROP TABLE IF EXISTS selemti.receta_cab CASCADE;",".md"
"docs\00.history\BD\PLAN_CONSOLIDACION_TABLAS.md","278","DROP TABLE","ALTO","DROP TABLE IF EXISTS selemti.caja_fondo CASCADE;",".md"
"docs\00.history\BD\PLAN_CONSOLIDACION_TABLAS.md","279","DROP TABLE","ALTO","DROP TABLE IF EXISTS selemti.cash_funds CASCADE;",".md"
"docs\00.history\BD\PLAN_CONSOLIDACION_TABLAS.md","305","DROP TABLE","ALTO","DROP TABLE IF EXISTS selemti.usuario CASCADE;",".md"
"docs\00.history\BD\PLAN_CONSOLIDACION_TABLAS.md","308","DROP TABLE","ALTO","DROP TABLE IF EXISTS selemti.rol CASCADE;",".md"
"docs\00.history\BD\PLAN_CONSOLIDACION_TABLAS.md","452","CASCADE","ALTO","| CASCADE drops eliminan datos relacionados | Baja | Alto | Todas las tablas a eliminar están vac...",".md"
"docs\00.history\BD\REPORTE_AUDITORIA_DUPLICADOS.md","454","DROP TABLE","ALTO","DROP TABLE IF EXISTS selemti.""conversiones_unidad_legacy"" CASCADE;",".md"
"docs\00.history\BD\REPORTE_AUDITORIA_DUPLICADOS.md","455","DROP TABLE","ALTO","DROP TABLE IF EXISTS selemti.""unidad_medida_legacy"" CASCADE;",".md"
"docs\00.history\BD\REPORTE_AUDITORIA_DUPLICADOS.md","456","DROP TABLE","ALTO","DROP TABLE IF EXISTS selemti.""unidades_medida_legacy"" CASCADE;",".md"
"docs\00.history\BD\REPORTE_AUDITORIA_DUPLICADOS.md","457","DROP TABLE","ALTO","DROP TABLE IF EXISTS selemti.""uom_conversion_legacy"" CASCADE;",".md"
"docs\00.history\BD\REPORTE_AUDITORIA_DUPLICADOS.md","458","DROP TABLE","ALTO","DROP TABLE IF EXISTS selemti.""usuario"" CASCADE;",".md"
"docs\00.history\BD\REPORTE_AUDITORIA_DUPLICADOS.md","459","DROP TABLE","ALTO","DROP TABLE IF EXISTS selemti.""rol"" CASCADE;",".md"
"docs\00.history\BD\REPORTE_AUDITORIA_DUPLICADOS.md","460","DROP TABLE","ALTO","DROP TABLE IF EXISTS selemti.""sucursal"" CASCADE;",".md"
"docs\00.history\BD\REPORTE_AUDITORIA_DUPLICADOS.md","461","DROP TABLE","ALTO","DROP TABLE IF EXISTS selemti.""almacen"" CASCADE;",".md"
"docs\00.history\BD\REPORTE_AUDITORIA_DUPLICADOS.md","462","DROP TABLE","ALTO","DROP TABLE IF EXISTS selemti.""proveedor"" CASCADE;",".md"
"docs\00.history\BD\REPORTE_AUDITORIA_DUPLICADOS.md","463","DROP TABLE","ALTO","DROP TABLE IF EXISTS selemti.""unidad_medida_legacy"" CASCADE;",".md"
"docs\00.history\BD\REPORTE_AUDITORIA_DUPLICADOS.md","464","DROP TABLE","ALTO","DROP TABLE IF EXISTS selemti.""unidades_medida_legacy"" CASCADE;",".md"
"docs\00.history\BD\REPORTE_AUDITORIA_DUPLICADOS.md","465","DROP TABLE","ALTO","DROP TABLE IF EXISTS selemti.""conversiones_unidad_legacy"" CASCADE;",".md"
"docs\00.history\BD\REPORTE_AUDITORIA_DUPLICADOS.md","466","DROP TABLE","ALTO","DROP TABLE IF EXISTS selemti.""uom_conversion_legacy"" CASCADE;",".md"
"docs\00.history\BD\REPORTE_AUDITORIA_DUPLICADOS.md","467","DROP TABLE","ALTO","DROP TABLE IF EXISTS selemti.""receta"" CASCADE;",".md"
"docs\00.history\BD\REPORTE_AUDITORIA_DUPLICADOS.md","468","DROP TABLE","ALTO","DROP TABLE IF EXISTS selemti.""receta_cab"" CASCADE;",".md"
"docs\00.history\BD\REPORTE_AUDITORIA_DUPLICADOS.md","469","DROP TABLE","ALTO","DROP TABLE IF EXISTS selemti.""caja_fondo"" CASCADE;",".md"
"docs\00.history\BD\REPORTE_AUDITORIA_DUPLICADOS.md","470","DROP TABLE","ALTO","DROP TABLE IF EXISTS selemti.""cash_funds"" CASCADE;",".md"
"docs\00.history\BD\REPORTE_AUDITORIA_DUPLICADOS.md","481","DROP TABLE","ALTO","-- DROP TABLE selemti.sucursal CASCADE;",".md"
"docs\00.history\BD\REPORTE_AUDITORIA_DUPLICADOS.md","505","CASCADE","ALTO","2. **Foreign Keys**: CASCADE drops pueden eliminar datos relacionados.",".md"
"docs\00.history\BD\REPORTE_VALIDACION_MIGRACIONES.md","920","CASCADE","ALTO","$table->foreign('production_order_id')->references('id')->on('production_orders')->onDelete('casc...",".md"
"docs\00.history\BD\REPORTE_VALIDACION_MIGRACIONES.md","927","CASCADE","ALTO","$table->foreign('production_order_id')->references('id')->on('production_orders')->onDelete('casc...",".md"
"docs\00.history\BD\REPORTE_VALIDACION_MIGRACIONES.md","940","CASCADE","ALTO","$table->foreign('inventory_count_id')->references('id')->on('inventory_counts')->onDelete('cascad...",".md"
"docs\00.history\BD\Auditoria\REPORTE_COMPARACION_BD.md","89","DROP SCHEMA","EXTREMO","**Verificación**: Ninguna tiene `DROP TABLE`, `DROP SCHEMA`, `TRUNCATE` o comandos destructivos e...",".md"
"docs\00.history\BD\Auditoria\REPORTE_COMPARACION_BD.md","95","migrate:fresh","EXTREMO","### 1. `php artisan migrate:fresh` ⚠️ PELIGRO EXTREMO",".md"
"docs\00.history\BD\Auditoria\REPORTE_COMPARACION_BD.md","99","migrate:fresh","EXTREMO","php artisan migrate:fresh",".md"
"docs\00.history\BD\Auditoria\REPORTE_COMPARACION_BD.md","120","Schema::drop","MEDIO","- ⚠️ Puede borrar tablas si la migración tiene `Schema::dropIfExists()` en `down()`",".md"
"docs\00.history\BD\Auditoria\REPORTE_COMPARACION_BD.md","172","migrate:fresh","EXTREMO","2. ✅ **NO ejecutar `migrate:fresh`** - Nunca en producción",".md"
"docs\00.history\BD\Auditoria\REPORTE_RESTAURACION_EXITOSA.md","88","psql -f","MEDIO","Comando: psql -f dump.sql",".md"
"docs\00.history\BD\Auditoria\REPORTE_RESTAURACION_EXITOSA.md","225","migrate:fresh","EXTREMO","php artisan migrate:fresh",".md"
"docs\00.history\BD\Auditoria\REPORTE_RESTAURACION_EXITOSA.md","231","migrate:reset","MEDIO","php artisan migrate:reset",".md"
"docs\00.history\BD\HistorialDeploys\DEPLOY_CHECKLIST-20251017-1013.md","28","psql -f","MEDIO","- psql -f post_deploy_verify.sql y validar que todas las pruebas pasen",".md"
"docs\00.history\BD\HistorialDeploys\DEPLOY_v4_INSTRUCTIONS.md","208","DROP SCHEMA","EXTREMO","psql -h localhost -p 5432 -U postgres -d floreant -c ""DROP SCHEMA IF EXISTS selemti CASCADE;""",".md"
"docs\00.history\BD\HistorialDeploys\DEPLOY_v4_INSTRUCTIONS.md","217","DROP SCHEMA","EXTREMO","DROP SCHEMA IF EXISTS selemti CASCADE;",".md"
"docs\00.history\BD\Normalizacion\README_UOM_NORMALIZATION.md","295","CASCADE","ALTO","- [x] Foreign Keys creados con CASCADE",".md"
"docs\00.history\BD\Normalizacion\REPORTE_FINAL_FASE2_COMPLETA.md","378","CASCADE","ALTO","DROP VIEW IF EXISTS selemti.v_usuario CASCADE;",".md"
"docs\00.history\BD\Normalizacion\REPORTE_FINAL_FASE2_COMPLETA.md","379","CASCADE","ALTO","DROP VIEW IF EXISTS selemti.v_rol CASCADE;",".md"
"docs\00.history\BD\Normalizacion\REPORTE_FINAL_FASE2_COMPLETA.md","380","CASCADE","ALTO","DROP VIEW IF EXISTS selemti.v_sucursal CASCADE;",".md"
"docs\00.history\BD\Normalizacion\REPORTE_FINAL_FASE2_COMPLETA.md","381","CASCADE","ALTO","DROP VIEW IF EXISTS selemti.v_bodega CASCADE;",".md"
"docs\00.history\BD\Normalizacion\REPORTE_FINAL_FASE2_COMPLETA.md","382","CASCADE","ALTO","DROP VIEW IF EXISTS selemti.v_almacen CASCADE;",".md"
"docs\00.history\BD\Normalizacion\REPORTE_FINAL_FASE2_COMPLETA.md","383","CASCADE","ALTO","DROP VIEW IF EXISTS selemti.v_insumo CASCADE;",".md"
"docs\00.history\BD\Normalizacion\REPORTE_FINAL_FASE2_COMPLETA.md","384","CASCADE","ALTO","DROP VIEW IF EXISTS selemti.v_lote CASCADE;",".md"
"docs\00.history\BD\Normalizacion\REPORTE_FINAL_FASE2_COMPLETA.md","385","CASCADE","ALTO","DROP VIEW IF EXISTS selemti.v_receta CASCADE;",".md"
"docs\00.history\BD\Normalizacion\REPORTE_FINAL_FASE2_COMPLETA.md","386","CASCADE","ALTO","DROP VIEW IF EXISTS selemti.v_receta_insumo CASCADE;",".md"
"docs\00.history\BD\Normalizacion\REPORTE_FINAL_FASE2_COMPLETA.md","389","DROP TABLE","ALTO","DROP TABLE IF EXISTS selemti.usuario CASCADE;",".md"
"docs\00.history\BD\Normalizacion\REPORTE_FINAL_FASE2_COMPLETA.md","390","DROP TABLE","ALTO","DROP TABLE IF EXISTS selemti.rol CASCADE;",".md"
"docs\00.history\BD\Normalizacion\REPORTE_FINAL_FASE2_COMPLETA.md","391","DROP TABLE","ALTO","DROP TABLE IF EXISTS selemti.sucursal CASCADE;",".md"
"docs\00.history\BD\Normalizacion\REPORTE_FINAL_FASE2_COMPLETA.md","392","DROP TABLE","ALTO","DROP TABLE IF EXISTS selemti.bodega CASCADE;",".md"
"docs\00.history\BD\Normalizacion\REPORTE_FINAL_FASE2_COMPLETA.md","393","DROP TABLE","ALTO","DROP TABLE IF EXISTS selemti.almacen CASCADE;",".md"
"docs\00.history\BD\Normalizacion\REPORTE_FINAL_FASE2_COMPLETA.md","394","DROP TABLE","ALTO","DROP TABLE IF EXISTS selemti.insumo CASCADE;",".md"
"docs\00.history\BD\Normalizacion\REPORTE_FINAL_FASE2_COMPLETA.md","395","DROP TABLE","ALTO","DROP TABLE IF EXISTS selemti.lote CASCADE;",".md"
"docs\00.history\BD\Normalizacion\REPORTE_FINAL_FASE2_COMPLETA.md","396","DROP TABLE","ALTO","DROP TABLE IF EXISTS selemti.receta CASCADE;",".md"
"docs\00.history\BD\Normalizacion\REPORTE_FINAL_FASE2_COMPLETA.md","397","DROP TABLE","ALTO","DROP TABLE IF EXISTS selemti.receta_insumo CASCADE;",".md"
"docs\00.history\BD\Normalizacion\UOM_NORMALIZATION_SUMMARY.md","30","CASCADE","ALTO","- Foreign Keys con CASCADE",".md"
"docs\00.history\BD\Normalizacion\UOM_NORMALIZATION_SUMMARY.md","147","CASCADE","ALTO","| **Foreign Keys** | 2 (con CASCADE) |",".md"
"docs\00.history\BD\Normalizacion\Phase2_Analysis\ANALISIS_EXHAUSTIVO_BD_SELEMTI.md","91","CASCADE","ALTO","- Imposibilidad de CASCADE deletes seguros",".md"
"docs\00.history\BD\Normalizacion\Phase2_Analysis\ANALISIS_EXHAUSTIVO_BD_SELEMTI.md","231","CASCADE","ALTO","- CASCADE deletes donde aplique",".md"
"docs\00.history\BD\Normalizacion\Phase2_Analysis\ANALISIS_EXHAUSTIVO_BD_SELEMTI.md","397","CASCADE","ALTO","-- Crear FKs con CASCADE/RESTRICT apropiado",".md"
"docs\00.history\BD\NoviembreDocs\PLAN_LIMPIEZA_SAFE.md","94","DROP TABLE","ALTO","DROP TABLE IF EXISTS selemti.unidad_medida_legacy CASCADE;",".md"
"docs\00.history\BD\NoviembreDocs\PLAN_LIMPIEZA_SAFE.md","97","DROP TABLE","ALTO","DROP TABLE IF EXISTS selemti.conversiones_unidad_legacy CASCADE;",".md"
"docs\00.history\BD\NoviembreDocs\PLAN_LIMPIEZA_SAFE.md","98","DROP TABLE","ALTO","DROP TABLE IF EXISTS selemti.uom_conversion_legacy CASCADE;",".md"
"docs\00.history\BD\NoviembreDocs\PLAN_LIMPIEZA_SAFE.md","107","DROP TABLE","ALTO","DROP TABLE IF EXISTS selemti.usuario CASCADE; -- tiene FK a rol",".md"
"docs\00.history\BD\NoviembreDocs\PLAN_LIMPIEZA_SAFE.md","108","DROP TABLE","ALTO","DROP TABLE IF EXISTS selemti.rol CASCADE;",".md"
"docs\00.history\BD\NoviembreDocs\PLAN_LIMPIEZA_SAFE.md","111","DROP TABLE","ALTO","DROP TABLE IF EXISTS selemti.sucursal CASCADE;",".md"
"docs\00.history\BD\NoviembreDocs\PLAN_LIMPIEZA_SAFE.md","112","DROP TABLE","ALTO","DROP TABLE IF EXISTS selemti.proveedor CASCADE;",".md"
"docs\00.history\BD\NoviembreDocs\PLAN_LIMPIEZA_SAFE.md","115","DROP TABLE","ALTO","DROP TABLE IF EXISTS selemti.almacen CASCADE; -- verifica FK a cat_sucursales primero",".md"
"docs\00.history\BD\NoviembreDocs\PLAN_LIMPIEZA_SAFE.md","116","DROP TABLE","ALTO","DROP TABLE IF EXISTS selemti.bodega CASCADE;",".md"
"docs\00.history\BD\NoviembreDocs\PLAN_LIMPIEZA_SAFE.md","125","DROP TABLE","ALTO","DROP TABLE IF EXISTS selemti.receta_insumo CASCADE;",".md"
"docs\00.history\BD\NoviembreDocs\PLAN_LIMPIEZA_SAFE.md","126","DROP TABLE","ALTO","DROP TABLE IF EXISTS selemti.receta_det CASCADE;",".md"
"docs\00.history\BD\NoviembreDocs\PLAN_LIMPIEZA_SAFE.md","127","DROP TABLE","ALTO","DROP TABLE IF EXISTS selemti.receta_version CASCADE;",".md"
"docs\00.history\BD\NoviembreDocs\PLAN_LIMPIEZA_SAFE.md","128","DROP TABLE","ALTO","DROP TABLE IF EXISTS selemti.receta_shadow CASCADE;",".md"
"docs\00.history\BD\NoviembreDocs\PLAN_LIMPIEZA_SAFE.md","129","DROP TABLE","ALTO","DROP TABLE IF EXISTS selemti.receta_cab CASCADE;",".md"
"docs\00.history\BD\NoviembreDocs\PLAN_LIMPIEZA_SAFE.md","130","DROP TABLE","ALTO","DROP TABLE IF EXISTS selemti.receta CASCADE;",".md"
"docs\00.history\BD\NoviembreDocs\PLAN_LIMPIEZA_SAFE.md","133","DROP TABLE","ALTO","DROP TABLE IF EXISTS selemti.sol_prod_det CASCADE;",".md"
"docs\00.history\BD\NoviembreDocs\PLAN_LIMPIEZA_SAFE.md","134","DROP TABLE","ALTO","DROP TABLE IF EXISTS selemti.op_insumo CASCADE;",".md"
"docs\00.history\BD\NoviembreDocs\PLAN_LIMPIEZA_SAFE.md","135","DROP TABLE","ALTO","DROP TABLE IF EXISTS selemti.prod_det CASCADE;",".md"
"docs\00.history\BD\NoviembreDocs\PLAN_LIMPIEZA_SAFE.md","136","DROP TABLE","ALTO","DROP TABLE IF EXISTS selemti.sol_prod_cab CASCADE;",".md"
"docs\00.history\BD\NoviembreDocs\PLAN_LIMPIEZA_SAFE.md","137","DROP TABLE","ALTO","DROP TABLE IF EXISTS selemti.op_produccion_cab CASCADE;",".md"
"docs\00.history\BD\NoviembreDocs\PLAN_LIMPIEZA_SAFE.md","138","DROP TABLE","ALTO","DROP TABLE IF EXISTS selemti.op_cab CASCADE;",".md"
"docs\00.history\BD\NoviembreDocs\PLAN_LIMPIEZA_SAFE.md","139","DROP TABLE","ALTO","DROP TABLE IF EXISTS selemti.prod_cab CASCADE;",".md"
"docs\00.history\BD\NoviembreDocs\PLAN_LIMPIEZA_SAFE.md","140","DROP TABLE","ALTO","DROP TABLE IF EXISTS selemti.op_yield CASCADE;",".md"
"docs\00.history\BD\NoviembreDocs\PLAN_LIMPIEZA_SAFE.md","143","DROP TABLE","ALTO","DROP TABLE IF EXISTS selemti.traspaso_det CASCADE;",".md"
"docs\00.history\BD\NoviembreDocs\PLAN_LIMPIEZA_SAFE.md","144","DROP TABLE","ALTO","DROP TABLE IF EXISTS selemti.traspaso_cab CASCADE;",".md"
"docs\00.history\BD\NoviembreDocs\PLAN_LIMPIEZA_SAFE.md","147","DROP TABLE","ALTO","DROP TABLE IF EXISTS selemti.insumo CASCADE;",".md"
"docs\00.history\BD\NoviembreDocs\PLAN_LIMPIEZA_SAFE.md","148","DROP TABLE","ALTO","DROP TABLE IF EXISTS selemti.lote CASCADE;",".md"
"docs\00.history\BD\NoviembreDocs\PLAN_LIMPIEZA_SAFE.md","149","DROP TABLE","ALTO","DROP TABLE IF EXISTS selemti.merma CASCADE;",".md"
"docs\00.history\BD\NoviembreDocs\PLAN_LIMPIEZA_SAFE.md","150","DROP TABLE","ALTO","DROP TABLE IF EXISTS selemti.stock_policy CASCADE;",".md"
"docs\00.history\BD\NoviembreDocs\PLAN_LIMPIEZA_SAFE.md","153","DROP TABLE","ALTO","DROP TABLE IF EXISTS selemti.caja_fondo_mov CASCADE;",".md"
"docs\00.history\BD\NoviembreDocs\PLAN_LIMPIEZA_SAFE.md","154","DROP TABLE","ALTO","DROP TABLE IF EXISTS selemti.caja_fondo_arqueo CASCADE;",".md"
"docs\00.history\BD\NoviembreDocs\PLAN_LIMPIEZA_SAFE.md","155","DROP TABLE","ALTO","DROP TABLE IF EXISTS selemti.caja_fondo_adj CASCADE;",".md"
"docs\00.history\BD\NoviembreDocs\PLAN_LIMPIEZA_SAFE.md","156","DROP TABLE","ALTO","DROP TABLE IF EXISTS selemti.caja_fondo CASCADE;",".md"
"docs\00.history\BD\NoviembreDocs\PLAN_LIMPIEZA_SAFE.md","159","DROP TABLE","ALTO","DROP TABLE IF EXISTS selemti.audit_log CASCADE;",".md"
"docs\00.history\BD\NoviembreDocs\PLAN_LIMPIEZA_SAFE.md","187","DROP TABLE","ALTO","DROP TABLE IF EXISTS selemti.conversiones_unidad_legacy CASCADE;",".md"
"docs\00.history\BD\NoviembreDocs\PLAN_LIMPIEZA_SAFE.md","188","DROP TABLE","ALTO","DROP TABLE IF EXISTS selemti.uom_conversion_legacy CASCADE;",".md"
"docs\00.history\BD\NoviembreDocs\PLAN_LIMPIEZA_SAFE.md","189","DROP TABLE","ALTO","DROP TABLE IF EXISTS selemti.unidad_medida_legacy CASCADE;",".md"
"docs\00.history\BD\NoviembreDocs\PLAN_LIMPIEZA_SAFE.md","190","DROP TABLE","ALTO","DROP TABLE IF EXISTS selemti.unidades_medida_legacy CASCADE;",".md"
"docs\00.history\BD\NoviembreDocs\PLAN_LIMPIEZA_SAFE.md","213","DROP TABLE","ALTO","DROP TABLE IF EXISTS selemti.usuario CASCADE;",".md"
"docs\00.history\BD\NoviembreDocs\PLAN_LIMPIEZA_SAFE.md","214","DROP TABLE","ALTO","DROP TABLE IF EXISTS selemti.rol CASCADE;",".md"
"docs\00.history\BD\NoviembreDocs\PLAN_LIMPIEZA_SAFE.md","215","DROP TABLE","ALTO","DROP TABLE IF EXISTS selemti.user_roles CASCADE;",".md"
"docs\00.history\BD\NoviembreDocs\PLAN_LIMPIEZA_SAFE.md","238","CASCADE","ALTO","-- Continuar con CASCADE",".md"
"docs\00.history\BD\NoviembreDocs\PLAN_LIMPIEZA_SAFE.md","242","DROP TABLE","ALTO","DROP TABLE IF EXISTS selemti.sucursal CASCADE;",".md"
"docs\00.history\BD\NoviembreDocs\PLAN_LIMPIEZA_SAFE.md","243","DROP TABLE","ALTO","DROP TABLE IF EXISTS selemti.proveedor CASCADE;",".md"
"docs\00.history\BD\NoviembreDocs\PLAN_LIMPIEZA_SAFE.md","244","DROP TABLE","ALTO","DROP TABLE IF EXISTS selemti.almacen CASCADE;",".md"
"docs\00.history\BD\NoviembreDocs\PLAN_LIMPIEZA_SAFE.md","245","DROP TABLE","ALTO","DROP TABLE IF EXISTS selemti.bodega CASCADE;",".md"
"docs\00.history\BD\NoviembreDocs\PLAN_LIMPIEZA_SAFE.md","253","DROP TABLE","ALTO","DROP TABLE IF EXISTS selemti.insumo CASCADE;",".md"
"docs\00.history\BD\NoviembreDocs\PLAN_LIMPIEZA_SAFE.md","254","DROP TABLE","ALTO","DROP TABLE IF EXISTS selemti.lote CASCADE;",".md"
"docs\00.history\BD\NoviembreDocs\PLAN_LIMPIEZA_SAFE.md","255","DROP TABLE","ALTO","DROP TABLE IF EXISTS selemti.merma CASCADE;",".md"
"docs\00.history\BD\NoviembreDocs\PLAN_LIMPIEZA_SAFE.md","256","DROP TABLE","ALTO","DROP TABLE IF EXISTS selemti.stock_policy CASCADE;",".md"
"docs\00.history\BD\NoviembreDocs\PLAN_LIMPIEZA_SAFE.md","264","DROP TABLE","ALTO","DROP TABLE IF EXISTS selemti.traspaso_det CASCADE;",".md"
"docs\00.history\BD\NoviembreDocs\PLAN_LIMPIEZA_SAFE.md","265","DROP TABLE","ALTO","DROP TABLE IF EXISTS selemti.traspaso_cab CASCADE;",".md"
"docs\00.history\BD\NoviembreDocs\PLAN_LIMPIEZA_SAFE.md","273","DROP TABLE","ALTO","DROP TABLE IF EXISTS selemti.sol_prod_det CASCADE;",".md"
"docs\00.history\BD\NoviembreDocs\PLAN_LIMPIEZA_SAFE.md","274","DROP TABLE","ALTO","DROP TABLE IF EXISTS selemti.op_insumo CASCADE;",".md"
"docs\00.history\BD\NoviembreDocs\PLAN_LIMPIEZA_SAFE.md","275","DROP TABLE","ALTO","DROP TABLE IF EXISTS selemti.prod_det CASCADE;",".md"
"docs\00.history\BD\NoviembreDocs\PLAN_LIMPIEZA_SAFE.md","277","DROP TABLE","ALTO","DROP TABLE IF EXISTS selemti.sol_prod_cab CASCADE;",".md"
"docs\00.history\BD\NoviembreDocs\PLAN_LIMPIEZA_SAFE.md","278","DROP TABLE","ALTO","DROP TABLE IF EXISTS selemti.op_produccion_cab CASCADE;",".md"
"docs\00.history\BD\NoviembreDocs\PLAN_LIMPIEZA_SAFE.md","279","DROP TABLE","ALTO","DROP TABLE IF EXISTS selemti.op_cab CASCADE;",".md"
"docs\00.history\BD\NoviembreDocs\PLAN_LIMPIEZA_SAFE.md","280","DROP TABLE","ALTO","DROP TABLE IF EXISTS selemti.prod_cab CASCADE;",".md"
"docs\00.history\BD\NoviembreDocs\PLAN_LIMPIEZA_SAFE.md","281","DROP TABLE","ALTO","DROP TABLE IF EXISTS selemti.op_yield CASCADE;",".md"
"docs\00.history\BD\NoviembreDocs\PLAN_LIMPIEZA_SAFE.md","289","DROP TABLE","ALTO","DROP TABLE IF EXISTS selemti.receta_insumo CASCADE;",".md"
"docs\00.history\BD\NoviembreDocs\PLAN_LIMPIEZA_SAFE.md","290","DROP TABLE","ALTO","DROP TABLE IF EXISTS selemti.receta_det CASCADE;",".md"
"docs\00.history\BD\NoviembreDocs\PLAN_LIMPIEZA_SAFE.md","291","DROP TABLE","ALTO","DROP TABLE IF EXISTS selemti.receta_version CASCADE;",".md"
"docs\00.history\BD\NoviembreDocs\PLAN_LIMPIEZA_SAFE.md","292","DROP TABLE","ALTO","DROP TABLE IF EXISTS selemti.receta_shadow CASCADE;",".md"
"docs\00.history\BD\NoviembreDocs\PLAN_LIMPIEZA_SAFE.md","294","DROP TABLE","ALTO","DROP TABLE IF EXISTS selemti.receta_cab CASCADE;",".md"
"docs\00.history\BD\NoviembreDocs\PLAN_LIMPIEZA_SAFE.md","295","DROP TABLE","ALTO","DROP TABLE IF EXISTS selemti.receta CASCADE;",".md"
"docs\00.history\BD\NoviembreDocs\PLAN_LIMPIEZA_SAFE.md","303","DROP TABLE","ALTO","DROP TABLE IF EXISTS selemti.caja_fondo_mov CASCADE;",".md"
"docs\00.history\BD\NoviembreDocs\PLAN_LIMPIEZA_SAFE.md","304","DROP TABLE","ALTO","DROP TABLE IF EXISTS selemti.caja_fondo_arqueo CASCADE;",".md"
"docs\00.history\BD\NoviembreDocs\PLAN_LIMPIEZA_SAFE.md","305","DROP TABLE","ALTO","DROP TABLE IF EXISTS selemti.caja_fondo_adj CASCADE;",".md"
"docs\00.history\BD\NoviembreDocs\PLAN_LIMPIEZA_SAFE.md","306","DROP TABLE","ALTO","DROP TABLE IF EXISTS selemti.caja_fondo CASCADE;",".md"
"docs\00.history\BD\NoviembreDocs\PLAN_LIMPIEZA_SAFE.md","317","DROP TABLE","ALTO","DROP TABLE IF EXISTS selemti.audit_log CASCADE;",".md"
"docs\00.history\BD\NoviembreDocs\PLAN_LIMPIEZA_SAFE.md","433","CASCADE","ALTO","| FKs CASCADE eliminan datos en tablas actuales | BAJA | Backup + dry-run primero |",".md"
"docs\00.history\BD\NoviembreDocs\README_AUDITORIA.md","229","CASCADE","ALTO","| FKs CASCADE eliminan datos | BAJA | CRÍTICO | Backup + dry-run + validación |",".md"
"docs\00.history\BD\NoviembreDocs\REPORTE_AUDITORIA_DUPLICADOS_COMPLETO.md","412","CASCADE","ALTO","| 1 | **conversiones_unidad_legacy** | 0 | → unidades_medida_legacy | ❌ DROP CASCADE |",".md"
"docs\00.history\BD\NoviembreDocs\REPORTE_AUDITORIA_DUPLICADOS_COMPLETO.md","415","CASCADE","ALTO","| 4 | **uom_conversion_legacy** | 0 | → unidad_medida_legacy | ❌ DROP CASCADE |",".md"
"docs\00.history\BD\NoviembreDocs\REPORTE_AUDITORIA_DUPLICADOS_COMPLETO.md","471","DROP TABLE","ALTO","DROP TABLE IF EXISTS selemti.conversiones_unidad_legacy CASCADE;",".md"
"docs\00.history\BD\NoviembreDocs\REPORTE_AUDITORIA_DUPLICADOS_COMPLETO.md","472","DROP TABLE","ALTO","DROP TABLE IF EXISTS selemti.uom_conversion_legacy CASCADE;",".md"
"docs\00.history\BD\NoviembreDocs\REPORTE_AUDITORIA_DUPLICADOS_COMPLETO.md","473","DROP TABLE","ALTO","DROP TABLE IF EXISTS selemti.unidad_medida_legacy CASCADE;",".md"
"docs\00.history\BD\NoviembreDocs\REPORTE_AUDITORIA_DUPLICADOS_COMPLETO.md","474","DROP TABLE","ALTO","DROP TABLE IF EXISTS selemti.unidades_medida_legacy CASCADE;",".md"
"docs\00.history\BD\NoviembreDocs\REPORTE_AUDITORIA_DUPLICADOS_COMPLETO.md","477","DROP TABLE","ALTO","DROP TABLE IF EXISTS selemti.usuario CASCADE;",".md"
"docs\00.history\BD\NoviembreDocs\REPORTE_AUDITORIA_DUPLICADOS_COMPLETO.md","478","DROP TABLE","ALTO","DROP TABLE IF EXISTS selemti.rol CASCADE;",".md"
"docs\00.history\BD\NoviembreDocs\REPORTE_AUDITORIA_DUPLICADOS_COMPLETO.md","479","DROP TABLE","ALTO","DROP TABLE IF EXISTS selemti.user_roles CASCADE;",".md"
"docs\00.history\BD\NoviembreDocs\REPORTE_AUDITORIA_DUPLICADOS_COMPLETO.md","482","DROP TABLE","ALTO","DROP TABLE IF EXISTS selemti.sucursal CASCADE;",".md"
"docs\00.history\BD\NoviembreDocs\REPORTE_AUDITORIA_DUPLICADOS_COMPLETO.md","483","DROP TABLE","ALTO","DROP TABLE IF EXISTS selemti.proveedor CASCADE;",".md"
"docs\00.history\BD\NoviembreDocs\REPORTE_AUDITORIA_DUPLICADOS_COMPLETO.md","486","DROP TABLE","ALTO","DROP TABLE IF EXISTS selemti.almacen CASCADE;",".md"
"docs\00.history\BD\NoviembreDocs\REPORTE_AUDITORIA_DUPLICADOS_COMPLETO.md","487","DROP TABLE","ALTO","DROP TABLE IF EXISTS selemti.bodega CASCADE;",".md"
"docs\00.history\BD\NoviembreDocs\REPORTE_AUDITORIA_DUPLICADOS_COMPLETO.md","493","DROP TABLE","ALTO","DROP TABLE IF EXISTS selemti.insumo CASCADE;",".md"
"docs\00.history\BD\NoviembreDocs\REPORTE_AUDITORIA_DUPLICADOS_COMPLETO.md","494","DROP TABLE","ALTO","DROP TABLE IF EXISTS selemti.lote CASCADE;",".md"
"docs\00.history\BD\NoviembreDocs\REPORTE_AUDITORIA_DUPLICADOS_COMPLETO.md","495","DROP TABLE","ALTO","DROP TABLE IF EXISTS selemti.merma CASCADE;",".md"
"docs\00.history\BD\NoviembreDocs\REPORTE_AUDITORIA_DUPLICADOS_COMPLETO.md","496","DROP TABLE","ALTO","DROP TABLE IF EXISTS selemti.stock_policy CASCADE;",".md"
"docs\00.history\BD\NoviembreDocs\REPORTE_AUDITORIA_DUPLICADOS_COMPLETO.md","502","DROP TABLE","ALTO","DROP TABLE IF EXISTS selemti.traspaso_det CASCADE;",".md"
"docs\00.history\BD\NoviembreDocs\REPORTE_AUDITORIA_DUPLICADOS_COMPLETO.md","503","DROP TABLE","ALTO","DROP TABLE IF EXISTS selemti.traspaso_cab CASCADE;",".md"
"docs\00.history\BD\NoviembreDocs\REPORTE_AUDITORIA_DUPLICADOS_COMPLETO.md","507","DROP TABLE","ALTO","-- DROP TABLE IF EXISTS selemti.transfer_det CASCADE;",".md"
"docs\00.history\BD\NoviembreDocs\REPORTE_AUDITORIA_DUPLICADOS_COMPLETO.md","508","DROP TABLE","ALTO","-- DROP TABLE IF EXISTS selemti.transfer_cab CASCADE;",".md"
"docs\00.history\BD\NoviembreDocs\REPORTE_AUDITORIA_DUPLICADOS_COMPLETO.md","515","DROP TABLE","ALTO","DROP TABLE IF EXISTS selemti.sol_prod_det CASCADE;",".md"
"docs\00.history\BD\NoviembreDocs\REPORTE_AUDITORIA_DUPLICADOS_COMPLETO.md","516","DROP TABLE","ALTO","DROP TABLE IF EXISTS selemti.op_insumo CASCADE;",".md"
"docs\00.history\BD\NoviembreDocs\REPORTE_AUDITORIA_DUPLICADOS_COMPLETO.md","517","DROP TABLE","ALTO","DROP TABLE IF EXISTS selemti.prod_det CASCADE;",".md"
"docs\00.history\BD\NoviembreDocs\REPORTE_AUDITORIA_DUPLICADOS_COMPLETO.md","520","DROP TABLE","ALTO","DROP TABLE IF EXISTS selemti.sol_prod_cab CASCADE;",".md"
"docs\00.history\BD\NoviembreDocs\REPORTE_AUDITORIA_DUPLICADOS_COMPLETO.md","521","DROP TABLE","ALTO","DROP TABLE IF EXISTS selemti.op_produccion_cab CASCADE;",".md"
"docs\00.history\BD\NoviembreDocs\REPORTE_AUDITORIA_DUPLICADOS_COMPLETO.md","522","DROP TABLE","ALTO","DROP TABLE IF EXISTS selemti.op_cab CASCADE;",".md"
"docs\00.history\BD\NoviembreDocs\REPORTE_AUDITORIA_DUPLICADOS_COMPLETO.md","523","DROP TABLE","ALTO","DROP TABLE IF EXISTS selemti.prod_cab CASCADE;",".md"
"docs\00.history\BD\NoviembreDocs\REPORTE_AUDITORIA_DUPLICADOS_COMPLETO.md","526","DROP TABLE","ALTO","DROP TABLE IF EXISTS selemti.op_yield CASCADE;",".md"
"docs\00.history\BD\NoviembreDocs\REPORTE_AUDITORIA_DUPLICADOS_COMPLETO.md","533","DROP TABLE","ALTO","DROP TABLE IF EXISTS selemti.receta_insumo CASCADE;",".md"
"docs\00.history\BD\NoviembreDocs\REPORTE_AUDITORIA_DUPLICADOS_COMPLETO.md","534","DROP TABLE","ALTO","DROP TABLE IF EXISTS selemti.receta_det CASCADE;",".md"
"docs\00.history\BD\NoviembreDocs\REPORTE_AUDITORIA_DUPLICADOS_COMPLETO.md","535","DROP TABLE","ALTO","DROP TABLE IF EXISTS selemti.receta_version CASCADE;",".md"
"docs\00.history\BD\NoviembreDocs\REPORTE_AUDITORIA_DUPLICADOS_COMPLETO.md","536","DROP TABLE","ALTO","DROP TABLE IF EXISTS selemti.receta_shadow CASCADE;",".md"
"docs\00.history\BD\NoviembreDocs\REPORTE_AUDITORIA_DUPLICADOS_COMPLETO.md","539","DROP TABLE","ALTO","DROP TABLE IF EXISTS selemti.receta_cab CASCADE;",".md"
"docs\00.history\BD\NoviembreDocs\REPORTE_AUDITORIA_DUPLICADOS_COMPLETO.md","540","DROP TABLE","ALTO","DROP TABLE IF EXISTS selemti.receta CASCADE;",".md"
"docs\00.history\BD\NoviembreDocs\REPORTE_AUDITORIA_DUPLICADOS_COMPLETO.md","547","DROP TABLE","ALTO","DROP TABLE IF EXISTS selemti.caja_fondo_mov CASCADE;",".md"
"docs\00.history\BD\NoviembreDocs\REPORTE_AUDITORIA_DUPLICADOS_COMPLETO.md","548","DROP TABLE","ALTO","DROP TABLE IF EXISTS selemti.caja_fondo_arqueo CASCADE;",".md"
"docs\00.history\BD\NoviembreDocs\REPORTE_AUDITORIA_DUPLICADOS_COMPLETO.md","549","DROP TABLE","ALTO","DROP TABLE IF EXISTS selemti.caja_fondo_adj CASCADE;",".md"
"docs\00.history\BD\NoviembreDocs\REPORTE_AUDITORIA_DUPLICADOS_COMPLETO.md","552","DROP TABLE","ALTO","DROP TABLE IF EXISTS selemti.caja_fondo CASCADE;",".md"
"docs\00.history\BD\NoviembreDocs\REPORTE_AUDITORIA_DUPLICADOS_COMPLETO.md","562","DROP TABLE","ALTO","DROP TABLE IF EXISTS selemti.audit_log CASCADE;",".md"
"docs\00.history\BD\NoviembreDocs\REPORTE_AUDITORIA_DUPLICADOS_COMPLETO.md","588","DROP TABLE","ALTO","-- DROP TABLE selemti.auditoria CASCADE;",".md"
"docs\00.history\BD\NoviembreDocs\REPORTE_AUDITORIA_DUPLICADOS_COMPLETO.md","604","DROP TABLE","ALTO","-- DROP TABLE selemti.users CASCADE;",".md"
"docs\00.history\BD\NoviembreDocs\REPORTE_AUDITORIA_DUPLICADOS_COMPLETO.md","863","CASCADE","ALTO","| **Tablas legacy vacías a eliminar** | ~50 | DROP CASCADE |",".md"
"docs\00.history\BD\NoviembreDocs\REPORTE_AUDITORIA_DUPLICADOS_COMPLETO.md","885","CASCADE","ALTO","| 2 | FKs CASCADE eliminan datos | BAJA | CRÍTICO | Revisar CASCADE, backup |",".md"
"docs\00.history\BD\NoviembreDocs\REPORTE_AUDITORIA_DUPLICADOS.md","454","DROP TABLE","ALTO","DROP TABLE IF EXISTS selemti.""conversiones_unidad_legacy"" CASCADE;",".md"
"docs\00.history\BD\NoviembreDocs\REPORTE_AUDITORIA_DUPLICADOS.md","455","DROP TABLE","ALTO","DROP TABLE IF EXISTS selemti.""unidad_medida_legacy"" CASCADE;",".md"
"docs\00.history\BD\NoviembreDocs\REPORTE_AUDITORIA_DUPLICADOS.md","456","DROP TABLE","ALTO","DROP TABLE IF EXISTS selemti.""unidades_medida_legacy"" CASCADE;",".md"
"docs\00.history\BD\NoviembreDocs\REPORTE_AUDITORIA_DUPLICADOS.md","457","DROP TABLE","ALTO","DROP TABLE IF EXISTS selemti.""uom_conversion_legacy"" CASCADE;",".md"
"docs\00.history\BD\NoviembreDocs\REPORTE_AUDITORIA_DUPLICADOS.md","458","DROP TABLE","ALTO","DROP TABLE IF EXISTS selemti.""usuario"" CASCADE;",".md"
"docs\00.history\BD\NoviembreDocs\REPORTE_AUDITORIA_DUPLICADOS.md","459","DROP TABLE","ALTO","DROP TABLE IF EXISTS selemti.""rol"" CASCADE;",".md"
"docs\00.history\BD\NoviembreDocs\REPORTE_AUDITORIA_DUPLICADOS.md","460","DROP TABLE","ALTO","DROP TABLE IF EXISTS selemti.""sucursal"" CASCADE;",".md"
"docs\00.history\BD\NoviembreDocs\REPORTE_AUDITORIA_DUPLICADOS.md","461","DROP TABLE","ALTO","DROP TABLE IF EXISTS selemti.""almacen"" CASCADE;",".md"
"docs\00.history\BD\NoviembreDocs\REPORTE_AUDITORIA_DUPLICADOS.md","462","DROP TABLE","ALTO","DROP TABLE IF EXISTS selemti.""proveedor"" CASCADE;",".md"
"docs\00.history\BD\NoviembreDocs\REPORTE_AUDITORIA_DUPLICADOS.md","463","DROP TABLE","ALTO","DROP TABLE IF EXISTS selemti.""unidad_medida_legacy"" CASCADE;",".md"
"docs\00.history\BD\NoviembreDocs\REPORTE_AUDITORIA_DUPLICADOS.md","464","DROP TABLE","ALTO","DROP TABLE IF EXISTS selemti.""unidades_medida_legacy"" CASCADE;",".md"
"docs\00.history\BD\NoviembreDocs\REPORTE_AUDITORIA_DUPLICADOS.md","465","DROP TABLE","ALTO","DROP TABLE IF EXISTS selemti.""conversiones_unidad_legacy"" CASCADE;",".md"
"docs\00.history\BD\NoviembreDocs\REPORTE_AUDITORIA_DUPLICADOS.md","466","DROP TABLE","ALTO","DROP TABLE IF EXISTS selemti.""uom_conversion_legacy"" CASCADE;",".md"
"docs\00.history\BD\NoviembreDocs\REPORTE_AUDITORIA_DUPLICADOS.md","467","DROP TABLE","ALTO","DROP TABLE IF EXISTS selemti.""receta"" CASCADE;",".md"
"docs\00.history\BD\NoviembreDocs\REPORTE_AUDITORIA_DUPLICADOS.md","468","DROP TABLE","ALTO","DROP TABLE IF EXISTS selemti.""receta_cab"" CASCADE;",".md"
"docs\00.history\BD\NoviembreDocs\REPORTE_AUDITORIA_DUPLICADOS.md","469","DROP TABLE","ALTO","DROP TABLE IF EXISTS selemti.""caja_fondo"" CASCADE;",".md"
"docs\00.history\BD\NoviembreDocs\REPORTE_AUDITORIA_DUPLICADOS.md","470","DROP TABLE","ALTO","DROP TABLE IF EXISTS selemti.""cash_funds"" CASCADE;",".md"
"docs\00.history\BD\NoviembreDocs\REPORTE_AUDITORIA_DUPLICADOS.md","481","DROP TABLE","ALTO","-- DROP TABLE selemti.sucursal CASCADE;",".md"
"docs\00.history\BD\NoviembreDocs\REPORTE_AUDITORIA_DUPLICADOS.md","505","CASCADE","ALTO","2. **Foreign Keys**: CASCADE drops pueden eliminar datos relacionados.",".md"
"docs\00.history\BD\NoviembreDocs\10_11_2025\RESUMEN_SESION_10_NOV_2025.md","215","CASCADE","ALTO","postcorte_id BIGINT REFERENCES selemti.postcorte(id) ON DELETE CASCADE,",".md"
"docs\00.history\BD\NoviembreDocs\10_11_2025\RESUMEN_SESION_10_NOV_2025.md","216","CASCADE","ALTO","sesion_id BIGINT REFERENCES selemti.sesion_cajon(id) ON DELETE CASCADE,",".md"
"docs\00.history\BD\NoviembreDocs\10_11_2025\SOLUCION_ERROR_412_POS_CUT_MISSING.md","95","CASCADE","ALTO","DROP VIEW IF EXISTS selemti.vw_sesion_dpr CASCADE;",".md"
"docs\00.history\BD\patches_docs\README.md","24","psql -f","MEDIO","Todos los scripts incluyen `BEGIN; ... COMMIT;` para que puedas aplicarlos con `psql -f`. Ejecuta...",".md"
"docs\00.history\CajaChica\Corte de Caja\GAP_ANALYSIS_COMPLETE-20251017.md","24","CASCADE","ALTO","postcorte_id BIGINT NOT NULL UNIQUE REFERENCES selemti.postcorte(id) ON DELETE CASCADE,",".md"
"docs\00.history\CajaChica\Corte de Caja\GAP_ANALYSIS_COMPLETED-20251017.md","26","CASCADE","ALTO","postcorte_id BIGINT NOT NULL UNIQUE REFERENCES selemti.postcorte(id) ON DELETE CASCADE,",".md"
"docs\00.history\CajaChica\Corte de Caja\RESUMEN_SESION_10_NOV_2025.md","215","CASCADE","ALTO","postcorte_id BIGINT REFERENCES selemti.postcorte(id) ON DELETE CASCADE,",".md"
"docs\00.history\CajaChica\Corte de Caja\RESUMEN_SESION_10_NOV_2025.md","216","CASCADE","ALTO","sesion_id BIGINT REFERENCES selemti.sesion_cajon(id) ON DELETE CASCADE,",".md"
"docs\00.history\CajaChica\Corte de Caja\VERIFICACION_IMPLEMENTACION.md","35","CASCADE","ALTO","- ✅ movement_id → cash_fund_movements (CASCADE)",".md"
"docs\00.history\CajaChica\FondoCaja\03-MIGRACIONES.md","66","CASCADE","ALTO","FOREIGN KEY (cash_fund_id) REFERENCES selemti.cash_funds(id) ON DELETE CASCADE,",".md"
"docs\00.history\CajaChica\FondoCaja\03-MIGRACIONES.md","92","CASCADE","ALTO","FOREIGN KEY (cash_fund_id) REFERENCES selemti.cash_funds(id) ON DELETE CASCADE,",".md"
"docs\00.history\CajaChica\FondoCaja\03-MIGRACIONES.md","117","CASCADE","ALTO","FOREIGN KEY (movement_id) REFERENCES selemti.cash_fund_movements(id) ON DELETE CASCADE,",".md"
"docs\00.history\CajaChica\FondoCaja\03-MIGRACIONES.md","138","migrate:reset","MEDIO","php artisan migrate:reset",".md"
"docs\00.history\CajaChica\FondoCaja\03-MIGRACIONES.md","208","CASCADE","ALTO","-- CASCADE eliminará movimientos, arqueos y auditoría automáticamente",".md"
"docs\00.history\CajaChica\FondoCaja\09-INSTALACION.md","121","migrate:fresh","EXTREMO","php artisan migrate:fresh",".md"
"docs\00.history\Inventario\UOM_STRATEGY_TERRENA.md","76","CASCADE","ALTO","- `FOREIGN KEY (origen_id) REFERENCES cat_unidades(id) ON DELETE CASCADE`",".md"
"docs\00.history\Inventario\UOM_STRATEGY_TERRENA.md","77","CASCADE","ALTO","- `FOREIGN KEY (destino_id) REFERENCES cat_unidades(id) ON DELETE CASCADE`",".md"
"docs\00.history\Onboarding\DEV_ONBOARDING.md","81","TRUNCATE","ALTO","- **Destructive Operations:** Always seek confirmation before running `DROP`, `TRUNCATE`, or dele...",".md"
"docs\00.history\Replenishment\MIGRATIONS_SPRINT_1.1_BORRADOR.md","216","CASCADE","ALTO","->onDelete('cascade');",".md"
"docs\00.history\Replenishment\REDISENO_TRES_FLUJOS.md","271","CASCADE","ALTO","suggestion_id BIGINT NOT NULL REFERENCES selemti.purchase_suggestions(id) ON DELETE CASCADE,",".md"
"docs\00.history\Replenishment\REDISENO_TRES_FLUJOS.md","793","CASCADE","ALTO","return_id BIGINT NOT NULL REFERENCES selemti.purchase_returns(id) ON DELETE CASCADE,",".md"
"docs\00.history\Replenishment\REDISENO_TRES_FLUJOS.md","897","CASCADE","ALTO","suggestion_id BIGINT NOT NULL REFERENCES selemti.production_suggestions(id) ON DELETE CASCADE,",".md"
"docs\00.history\Replenishment\REDISENO_TRES_FLUJOS.md","913","CASCADE","ALTO","suggestion_id BIGINT NOT NULL REFERENCES selemti.production_suggestions(id) ON DELETE CASCADE,",".md"
"docs\00.history\Replenishment\REDISENO_TRES_FLUJOS.md","1169","CASCADE","ALTO","suggestion_id BIGINT NOT NULL REFERENCES selemti.transfer_suggestions(id) ON DELETE CASCADE,",".md"
"docs\00.history\Replenishment\REDISENO_TRES_FLUJOS.md","1368","CASCADE","ALTO","return_id BIGINT NOT NULL REFERENCES selemti.transfer_returns(id) ON DELETE CASCADE,",".md"
"docs\00.history\UI-UX\definición\PROMPT_MAESTRO.md","354","migrate:fresh","EXTREMO","- [ ] **Migraciones OK**: `php artisan migrate:fresh --seed` sin errores",".md"
"docs\00.history\UI-UX\definición\Transferencias.md","290","CASCADE","ALTO","transfer_header_id BIGINT NOT NULL REFERENCES selemti.transfer_header(id) ON DELETE CASCADE,",".md"
"docs\00.history\UI-UX\definición\Transferencias.md","306","CASCADE","ALTO","transfer_header_id BIGINT NOT NULL REFERENCES selemti.transfer_header(id) ON DELETE CASCADE,",".md"
"docs\00.history\UI-UX\definición\Transferencias.md","398","migrate:fresh","EXTREMO","- [ ] **Migraciones OK**: `php artisan migrate:fresh --seed` sin errores",".md"
"docs\00.history\UI-UX\definición\Prompts\Inventario\Items\PROMPT_ITEMS_ALTAS.md","338","migrate:fresh","EXTREMO","- [ ] Migraciones OK: `php artisan migrate:fresh --seed` sin errores",".md"
"docs\00.history\UI-UX\MASTER\CHECKLIST_SATURDAY_MORNING.md","613","TRUNCATE","ALTO","2. Truncate table: `DB::table('xxx')->truncate();` (⚠️ only local)",".md"
"docs\00.history\UI-UX\MASTER\DEPLOYMENT_GUIDE_WEEKEND.md","660","DROP TABLE","ALTO","DROP TABLE IF EXISTS selemti.recipe_cost_snapshots;",".md"
"docs\00.history\UI-UX\MASTER\07_DELEGACION_AI\CHECKLIST_VALIDACION.md","208","migrate:fresh","EXTREMO","php artisan migrate:fresh --seed",".md"
"docs\00.history\UI-UX\MASTER\07_DELEGACION_AI\PROMPT_MAESTRO_V2.md","357","CASCADE","ALTO","transfer_header_id BIGINT NOT NULL REFERENCES selemti.transfer_header(id) ON DELETE CASCADE,",".md"
"docs\00.history\UI-UX\MASTER\07_DELEGACION_AI\PROMPT_MAESTRO_V2.md","744","CASCADE","ALTO","->onDelete('cascade');",".md"
"docs\00.history\UI-UX\MASTER\07_DELEGACION_AI\PROMPT_MAESTRO_V2.md","757","Schema::drop","MEDIO","Schema::dropIfExists('selemti.transfer_detail');",".md"
"docs\00.history\UI-UX\MASTER\07_DELEGACION_AI\PROMPT_MAESTRO_V2.md","758","Schema::drop","MEDIO","Schema::dropIfExists('selemti.transfer_header');",".md"
"docs\00.history\UI-UX\MASTER\07_DELEGACION_AI\PROMPT_MAESTRO_V2.md","971","migrate:fresh","EXTREMO","- [ ] Migraciones OK: `php artisan migrate:fresh --seed` sin errores",".md"
"docs\00.history\UI-UX\MASTER\07_DELEGACION_AI\PROMPT_MAESTRO.md","354","migrate:fresh","EXTREMO","- [ ] **Migraciones OK**: `php artisan migrate:fresh --seed` sin errores",".md"
"docs\00.history\UI-UX\MASTER\PROMPTS_SABADO\PROMPT_CODEX_BACKEND_SABADO.md","67","CASCADE","ALTO","ON DELETE CASCADE,",".md"
"docs\00.history\UI-UX\MASTER\PROMPTS_SEMANA_1-2\CHECKLIST_VALIDATION_TRANSFERENCIAS.md","598","migrate:fresh","EXTREMO","php artisan migrate:fresh",".md"
"docs\00.history\UI-UX\MASTER\PROMPTS_SEMANA_1-2\PROMPT_CODEX_TRANSFERENCIAS_BACKEND.md","1752","CASCADE","ALTO","ON DELETE CASCADE,",".md"
"docs\00.history\UI-UX\MASTER\PROMPTS_SEMANA_1-2\RESUMEN_VALIDACION_TRANSFERENCIAS.md","124","CASCADE","ALTO","->onDelete('cascade');",".md"
"docs\00.history\UI-UX\MASTER\PROMPTS_SEMANA_3-4\PROMPT_CODEX_PRODUCCION_BACKEND.md","124","CASCADE","ALTO","$table->foreign('production_order_id')->references('id')->on('selemti.production_orders')->onDele...",".md"
"docs\00.history\UI-UX\MASTER\PROMPTS_SEMANA_3-4\PROMPT_CODEX_PRODUCCION_BACKEND.md","148","CASCADE","ALTO","$table->foreign('production_order_id')->references('id')->on('selemti.production_orders')->onDele...",".md"
"docs\00.history\V2\QUICK_START_GUIDE.md","390","migrate:fresh","EXTREMO","php artisan migrate:fresh --seed",".md"
"docs\00.history\V2\02_Database\schema_public.md","47","CASCADE","ALTO","| `cat_almacenes` | `id`, `clave` (única), `nombre`, `sucursal_id` (`cascadeOnDelete`), `activo`,...",".md"
"docs\00.history\V2\05_Operations\deployment.md","29","psql -f","MEDIO","- Scripts PowerShell/Bash para ejecutar secuencia de SQL (`psql -f ...`).",".md"
"docs\V4.0\BaseDatos\README.md","278","CASCADE","ALTO","- `CASCADE` - Solo en relaciones 1:N donde el detalle no tiene sentido sin cabecera",".md"
".qwen\› Quiero que apliques TODOS estos c.txt","1831","TRUNCATE","ALTO","cap causing truncated results with inserted omission markers. To work around this, I’ll explore",".txt"
"docs\00.history\BD\NoviembreDocs\legacy_code_refs.txt","89","Schema::drop","MEDIO","database/migrations/2025_10_18_000001_create_cat_sucursales_table.php:24:        Schema::dropIfEx...",".txt"
"docs\00.history\BD\NoviembreDocs\legacy_code_refs.txt","122","Schema::drop","MEDIO","database/migrations/2025_10_18_000002_create_cat_almacenes_table.php:24:        Schema::dropIfExi...",".txt"
"docs\00.history\BD\NoviembreDocs\legacy_code_refs.txt","167","Schema::drop","MEDIO","database/migrations/2025_10_18_000003_create_cat_proveedores_table.php:25:        Schema::dropIfE...",".txt"
"docs\00.history\BD\NoviembreDocs\legacy_code_refs.txt","319","Schema::drop","MEDIO","database/migrations/2025_10_18_000005_create_inv_stock_policy_table.php:32:        Schema::dropIf...",".txt"
"docs\00.history\Onboarding\2025-10-27-contexto-del-proyecto.txt","651","Schema::drop","MEDIO","25 -          Schema::dropIfExists('pos_reverse_log');",".txt"
"docs\00.history\Onboarding\2025-10-27-contexto-del-proyecto.txt","652","DROP TABLE","ALTO","25 +          DB::connection('pgsql')->statement('DROP TABLE IF EXISTS",".txt"
"docs\00.history\Onboarding\2025-10-27-contexto-del-proyecto.txt","653","CASCADE","ALTO","+ selemti.pos_reverse_log CASCADE;');",".txt"
"docs\00.history\Onboarding\2025-10-27-contexto-del-proyecto.txt","721","Schema::drop","MEDIO","25 -          Schema::dropIfExists('pos_reprocess_log');",".txt"
"docs\00.history\Onboarding\2025-10-27-contexto-del-proyecto.txt","722","DROP TABLE","ALTO","25 +          DB::connection('pgsql')->statement('DROP TABLE IF EXISTS",".txt"
"docs\00.history\Onboarding\2025-10-27-contexto-del-proyecto.txt","723","CASCADE","ALTO","+ selemti.pos_reprocess_log CASCADE;');",".txt"
"docs\00.history\V2\GPT\Claude03.txt","501","TRUNCATE","ALTO","● Bash(""/c/Program Files (x86)/PostgreSQL/9.5/bin/psql.exe"" -h localhost -p 5433 -U postgres -d p...",".txt"
"docs\00.history\V2\GPT\Claude03.txt","502","TRUNCATE","ALTO","⎿  TRUNCATE TABLE",".txt"
"docs\00.history\V2\GPT\Claude03.txt","525","TRUNCATE","ALTO","● Bash(""/c/Program Files (x86)/PostgreSQL/9.5/bin/psql.exe"" -h localhost -p 5433 -U postgres -d p...",".txt"
"docs\00.history\V2\GPT\Claude03.txt","526","TRUNCATE","ALTO","⎿  TRUNCATE TABLE",".txt"
"docs\00.history\V2\GPT\GPT02.txt","7792","CASCADE","ALTO","TABLE ""selemti.recepcion_det"" CONSTRAINT ""recepcion_det_recepcion_id_fkey"" FOREIGN KEY (recepcion...",".txt"
"public\build\assets\app-CXDpL9bK.js","10","CASCADE","ALTO","`:""""}`,t),setTimeout(()=>{throw e},0)}var We=!0;function Fr(e){let t=We;We=!1;let n=e();return We...",".js"
